Tên file,Danh mục,Định dạng,Kích thước (px),Dung lượng,URL
truong-viet-anh-banner-chinh.webp,Root,WebP,1200x407,36.1 KB,https://media.truongvietanh.com/images/root/truong-viet-anh-banner-chinh.webp
z7704536171729-5f027c8be14e0c47a534fa0093248b30.webp,Root,WebP,1200x906,110.0 KB,https://media.truongvietanh.com/images/root/z7704536171729-5f027c8be14e0c47a534fa0093248b30.webp
z7704536199685-e42e4e58ec900afbb3091b3924aa9a70.webp,Root,WebP,1200x853,165.8 KB,https://media.truongvietanh.com/images/root/z7704536199685-e42e4e58ec900afbb3091b3924aa9a70.webp
z7704536226676-f7477723b855daef546fe3f9df01a5f1.webp,Root,WebP,1200x891,211.8 KB,https://media.truongvietanh.com/images/root/z7704536226676-f7477723b855daef546fe3f9df01a5f1.webp
z7704536351364-1d1e523b569de5d3be4c7364f3cdf79b.webp,Root,WebP,1200x809,155.7 KB,https://media.truongvietanh.com/images/root/z7704536351364-1d1e523b569de5d3be4c7364f3cdf79b.webp
hoc-dang-choi-1.webp,Không gian & Thể thao,WebP,1200x801,91.6 KB,https://media.truongvietanh.com/images/khong-gian-the-thao/hoc-dang-choi-1.webp
hoc-dang-choi-3.webp,Không gian & Thể thao,WebP,1200x800,91.4 KB,https://media.truongvietanh.com/images/khong-gian-the-thao/hoc-dang-choi-3.webp
hoc-dang-choi-4.webp,Không gian & Thể thao,WebP,1200x800,111.1 KB,https://media.truongvietanh.com/images/khong-gian-the-thao/hoc-dang-choi-4.webp
hoc-sinh-boi-2.webp,Không gian & Thể thao,WebP,1200x800,99.4 KB,https://media.truongvietanh.com/images/khong-gian-the-thao/hoc-sinh-boi-2.webp
hoc-sinh-boi-3.webp,Không gian & Thể thao,WebP,1200x800,262.8 KB,https://media.truongvietanh.com/images/khong-gian-the-thao/hoc-sinh-boi-3.webp
hoc-sinh-boi-4.webp,Không gian & Thể thao,WebP,1200x800,189.6 KB,https://media.truongvietanh.com/images/khong-gian-the-thao/hoc-sinh-boi-4.webp
hoc-sinh-boi.webp,Không gian & Thể thao,WebP,1200x800,153.9 KB,https://media.truongvietanh.com/images/khong-gian-the-thao/hoc-sinh-boi.webp
hoc-sinh-chay-bo-1.webp,Không gian & Thể thao,WebP,1200x800,64.1 KB,https://media.truongvietanh.com/images/khong-gian-the-thao/hoc-sinh-chay-bo-1.webp
hoc-sinh-chay-bo-2.webp,Không gian & Thể thao,WebP,1200x800,97.7 KB,https://media.truongvietanh.com/images/khong-gian-the-thao/hoc-sinh-chay-bo-2.webp
hoc-sinh-chay-bo-3.webp,Không gian & Thể thao,WebP,1200x1600,163.8 KB,https://media.truongvietanh.com/images/khong-gian-the-thao/hoc-sinh-chay-bo-3.webp
hoc-sinh-choi-the-thao-1.webp,Không gian & Thể thao,WebP,1200x801,204.6 KB,https://media.truongvietanh.com/images/khong-gian-the-thao/hoc-sinh-choi-the-thao-1.webp
hoc-sinh-choi-the-thao-2.webp,Không gian & Thể thao,WebP,1200x801,228.2 KB,https://media.truongvietanh.com/images/khong-gian-the-thao/hoc-sinh-choi-the-thao-2.webp
hoc-sinh-choi-the-thao-3.webp,Không gian & Thể thao,WebP,1200x800,298.4 KB,https://media.truongvietanh.com/images/khong-gian-the-thao/hoc-sinh-choi-the-thao-3.webp
hoc-sinh-choi-the-thao-4.webp,Không gian & Thể thao,WebP,1200x800,143.7 KB,https://media.truongvietanh.com/images/khong-gian-the-thao/hoc-sinh-choi-the-thao-4.webp
hoc-sinh-choi-the-thao-5.webp,Không gian & Thể thao,WebP,1200x800,229.3 KB,https://media.truongvietanh.com/images/khong-gian-the-thao/hoc-sinh-choi-the-thao-5.webp
hoc-sinh-choi-the-thao-6.webp,Không gian & Thể thao,WebP,1200x801,183.2 KB,https://media.truongvietanh.com/images/khong-gian-the-thao/hoc-sinh-choi-the-thao-6.webp
hoc-sinh-choi-the-thao-7.webp,Không gian & Thể thao,WebP,1200x800,192.9 KB,https://media.truongvietanh.com/images/khong-gian-the-thao/hoc-sinh-choi-the-thao-7.webp
hoc-sinh-choi-tro-choi-1.webp,Không gian & Thể thao,WebP,1200x900,147.7 KB,https://media.truongvietanh.com/images/khong-gian-the-thao/hoc-sinh-choi-tro-choi-1.webp
hoc-sinh-choi-tro-choi-2.webp,Không gian & Thể thao,WebP,1200x800,51.5 KB,https://media.truongvietanh.com/images/khong-gian-the-thao/hoc-sinh-choi-tro-choi-2.webp
hoc-sinh-da-bong-1.webp,Không gian & Thể thao,WebP,1200x800,230.0 KB,https://media.truongvietanh.com/images/khong-gian-the-thao/hoc-sinh-da-bong-1.webp
hoc-sinh-da-bong-10.webp,Không gian & Thể thao,WebP,1200x801,207.1 KB,https://media.truongvietanh.com/images/khong-gian-the-thao/hoc-sinh-da-bong-10.webp
hoc-sinh-da-bong-11.webp,Không gian & Thể thao,WebP,1200x801,257.3 KB,https://media.truongvietanh.com/images/khong-gian-the-thao/hoc-sinh-da-bong-11.webp
hoc-sinh-da-bong-12.webp,Không gian & Thể thao,WebP,1200x800,192.7 KB,https://media.truongvietanh.com/images/khong-gian-the-thao/hoc-sinh-da-bong-12.webp
hoc-sinh-da-bong-13.webp,Không gian & Thể thao,WebP,1200x801,258.1 KB,https://media.truongvietanh.com/images/khong-gian-the-thao/hoc-sinh-da-bong-13.webp
hoc-sinh-da-bong-14.webp,Không gian & Thể thao,WebP,1200x800,226.1 KB,https://media.truongvietanh.com/images/khong-gian-the-thao/hoc-sinh-da-bong-14.webp
hoc-sinh-da-bong-15.webp,Không gian & Thể thao,WebP,1200x800,310.1 KB,https://media.truongvietanh.com/images/khong-gian-the-thao/hoc-sinh-da-bong-15.webp
hoc-sinh-da-bong-16.webp,Không gian & Thể thao,WebP,1200x800,274.5 KB,https://media.truongvietanh.com/images/khong-gian-the-thao/hoc-sinh-da-bong-16.webp
hoc-sinh-da-bong-17.webp,Không gian & Thể thao,WebP,1200x800,303.4 KB,https://media.truongvietanh.com/images/khong-gian-the-thao/hoc-sinh-da-bong-17.webp
hoc-sinh-da-bong-19.webp,Không gian & Thể thao,WebP,1200x800,268.2 KB,https://media.truongvietanh.com/images/khong-gian-the-thao/hoc-sinh-da-bong-19.webp
hoc-sinh-da-bong-2.webp,Không gian & Thể thao,WebP,1200x801,200.8 KB,https://media.truongvietanh.com/images/khong-gian-the-thao/hoc-sinh-da-bong-2.webp
hoc-sinh-da-bong-20.webp,Không gian & Thể thao,WebP,1200x800,275.8 KB,https://media.truongvietanh.com/images/khong-gian-the-thao/hoc-sinh-da-bong-20.webp
hoc-sinh-da-bong-22.webp,Không gian & Thể thao,WebP,1200x801,295.5 KB,https://media.truongvietanh.com/images/khong-gian-the-thao/hoc-sinh-da-bong-22.webp
hoc-sinh-da-bong-23.webp,Không gian & Thể thao,WebP,1200x800,316.9 KB,https://media.truongvietanh.com/images/khong-gian-the-thao/hoc-sinh-da-bong-23.webp
hoc-sinh-da-bong-24.webp,Không gian & Thể thao,WebP,1200x800,228.9 KB,https://media.truongvietanh.com/images/khong-gian-the-thao/hoc-sinh-da-bong-24.webp
hoc-sinh-da-bong-25.webp,Không gian & Thể thao,WebP,1200x800,197.1 KB,https://media.truongvietanh.com/images/khong-gian-the-thao/hoc-sinh-da-bong-25.webp
hoc-sinh-da-bong-27.webp,Không gian & Thể thao,WebP,1200x800,253.9 KB,https://media.truongvietanh.com/images/khong-gian-the-thao/hoc-sinh-da-bong-27.webp
hoc-sinh-da-bong-28.webp,Không gian & Thể thao,WebP,1200x800,273.2 KB,https://media.truongvietanh.com/images/khong-gian-the-thao/hoc-sinh-da-bong-28.webp
hoc-sinh-da-bong-29.webp,Không gian & Thể thao,WebP,1200x800,265.8 KB,https://media.truongvietanh.com/images/khong-gian-the-thao/hoc-sinh-da-bong-29.webp
hoc-sinh-da-bong-3.webp,Không gian & Thể thao,WebP,1200x801,204.5 KB,https://media.truongvietanh.com/images/khong-gian-the-thao/hoc-sinh-da-bong-3.webp
hoc-sinh-da-bong-31.webp,Không gian & Thể thao,WebP,1200x800,154.2 KB,https://media.truongvietanh.com/images/khong-gian-the-thao/hoc-sinh-da-bong-31.webp
hoc-sinh-da-bong-32.webp,Không gian & Thể thao,WebP,1200x801,310.0 KB,https://media.truongvietanh.com/images/khong-gian-the-thao/hoc-sinh-da-bong-32.webp
hoc-sinh-da-bong-33.webp,Không gian & Thể thao,WebP,1200x801,336.1 KB,https://media.truongvietanh.com/images/khong-gian-the-thao/hoc-sinh-da-bong-33.webp
hoc-sinh-da-bong-4.webp,Không gian & Thể thao,WebP,1200x800,91.2 KB,https://media.truongvietanh.com/images/khong-gian-the-thao/hoc-sinh-da-bong-4.webp
hoc-sinh-da-bong-5.webp,Không gian & Thể thao,WebP,1200x801,197.2 KB,https://media.truongvietanh.com/images/khong-gian-the-thao/hoc-sinh-da-bong-5.webp
hoc-sinh-da-bong-6.webp,Không gian & Thể thao,WebP,1200x800,205.0 KB,https://media.truongvietanh.com/images/khong-gian-the-thao/hoc-sinh-da-bong-6.webp
hoc-sinh-da-bong-7.webp,Không gian & Thể thao,WebP,1200x800,197.5 KB,https://media.truongvietanh.com/images/khong-gian-the-thao/hoc-sinh-da-bong-7.webp
hoc-sinh-da-bong-8.webp,Không gian & Thể thao,WebP,1200x800,229.3 KB,https://media.truongvietanh.com/images/khong-gian-the-thao/hoc-sinh-da-bong-8.webp
hoc-sinh-da-bong-9.webp,Không gian & Thể thao,WebP,1200x801,145.7 KB,https://media.truongvietanh.com/images/khong-gian-the-thao/hoc-sinh-da-bong-9.webp
hoc-sinh-tap-boi-1.webp,Không gian & Thể thao,WebP,1200x801,160.2 KB,https://media.truongvietanh.com/images/khong-gian-the-thao/hoc-sinh-tap-boi-1.webp
hoc-sinh-tap-boi-10.webp,Không gian & Thể thao,WebP,1200x800,208.1 KB,https://media.truongvietanh.com/images/khong-gian-the-thao/hoc-sinh-tap-boi-10.webp
hoc-sinh-tap-boi-11.webp,Không gian & Thể thao,WebP,1200x800,191.8 KB,https://media.truongvietanh.com/images/khong-gian-the-thao/hoc-sinh-tap-boi-11.webp
hoc-sinh-tap-boi-12.webp,Không gian & Thể thao,WebP,1200x801,249.3 KB,https://media.truongvietanh.com/images/khong-gian-the-thao/hoc-sinh-tap-boi-12.webp
hoc-sinh-tap-boi-13.webp,Không gian & Thể thao,WebP,1200x800,218.5 KB,https://media.truongvietanh.com/images/khong-gian-the-thao/hoc-sinh-tap-boi-13.webp
hoc-sinh-tap-boi-14.webp,Không gian & Thể thao,WebP,1200x800,147.8 KB,https://media.truongvietanh.com/images/khong-gian-the-thao/hoc-sinh-tap-boi-14.webp
hoc-sinh-tap-boi-15.webp,Không gian & Thể thao,WebP,1200x1800,278.1 KB,https://media.truongvietanh.com/images/khong-gian-the-thao/hoc-sinh-tap-boi-15.webp
hoc-sinh-tap-boi-16.webp,Không gian & Thể thao,WebP,1200x800,175.0 KB,https://media.truongvietanh.com/images/khong-gian-the-thao/hoc-sinh-tap-boi-16.webp
hoc-sinh-tap-boi-17.webp,Không gian & Thể thao,WebP,1200x800,148.5 KB,https://media.truongvietanh.com/images/khong-gian-the-thao/hoc-sinh-tap-boi-17.webp
hoc-sinh-tap-boi-2.webp,Không gian & Thể thao,WebP,1200x801,131.7 KB,https://media.truongvietanh.com/images/khong-gian-the-thao/hoc-sinh-tap-boi-2.webp
hoc-sinh-tap-boi-3.webp,Không gian & Thể thao,WebP,1200x800,173.5 KB,https://media.truongvietanh.com/images/khong-gian-the-thao/hoc-sinh-tap-boi-3.webp
hoc-sinh-tap-boi-4.webp,Không gian & Thể thao,WebP,1200x800,189.3 KB,https://media.truongvietanh.com/images/khong-gian-the-thao/hoc-sinh-tap-boi-4.webp
hoc-sinh-tap-boi-5.webp,Không gian & Thể thao,WebP,1200x800,112.0 KB,https://media.truongvietanh.com/images/khong-gian-the-thao/hoc-sinh-tap-boi-5.webp
hoc-sinh-tap-boi-6.webp,Không gian & Thể thao,WebP,1200x801,205.6 KB,https://media.truongvietanh.com/images/khong-gian-the-thao/hoc-sinh-tap-boi-6.webp
hoc-sinh-tap-boi-7.webp,Không gian & Thể thao,WebP,1200x800,153.5 KB,https://media.truongvietanh.com/images/khong-gian-the-thao/hoc-sinh-tap-boi-7.webp
hoc-sinh-tap-boi-8.webp,Không gian & Thể thao,WebP,1200x801,226.0 KB,https://media.truongvietanh.com/images/khong-gian-the-thao/hoc-sinh-tap-boi-8.webp
hoc-sinh-tap-boi-9.webp,Không gian & Thể thao,WebP,1200x801,137.2 KB,https://media.truongvietanh.com/images/khong-gian-the-thao/hoc-sinh-tap-boi-9.webp
hoc-sinh-tap-vo-1.webp,Không gian & Thể thao,WebP,1200x800,73.3 KB,https://media.truongvietanh.com/images/khong-gian-the-thao/hoc-sinh-tap-vo-1.webp
hoc-sinh-tap-vo-10.webp,Không gian & Thể thao,WebP,1200x900,101.5 KB,https://media.truongvietanh.com/images/khong-gian-the-thao/hoc-sinh-tap-vo-10.webp
hoc-sinh-tap-vo-11.webp,Không gian & Thể thao,WebP,1200x900,96.8 KB,https://media.truongvietanh.com/images/khong-gian-the-thao/hoc-sinh-tap-vo-11.webp
hoc-sinh-tap-vo-12.webp,Không gian & Thể thao,WebP,1200x900,101.8 KB,https://media.truongvietanh.com/images/khong-gian-the-thao/hoc-sinh-tap-vo-12.webp
hoc-sinh-tap-vo-13.webp,Không gian & Thể thao,WebP,1200x900,101.7 KB,https://media.truongvietanh.com/images/khong-gian-the-thao/hoc-sinh-tap-vo-13.webp
hoc-sinh-tap-vo-14.webp,Không gian & Thể thao,WebP,1200x900,101.1 KB,https://media.truongvietanh.com/images/khong-gian-the-thao/hoc-sinh-tap-vo-14.webp
hoc-sinh-tap-vo-15.webp,Không gian & Thể thao,WebP,1200x800,74.9 KB,https://media.truongvietanh.com/images/khong-gian-the-thao/hoc-sinh-tap-vo-15.webp
hoc-sinh-tap-vo-16.webp,Không gian & Thể thao,WebP,1200x1801,155.3 KB,https://media.truongvietanh.com/images/khong-gian-the-thao/hoc-sinh-tap-vo-16.webp
hoc-sinh-tap-vo-17.webp,Không gian & Thể thao,WebP,1200x800,86.7 KB,https://media.truongvietanh.com/images/khong-gian-the-thao/hoc-sinh-tap-vo-17.webp
hoc-sinh-tap-vo-18.webp,Không gian & Thể thao,WebP,1200x800,76.1 KB,https://media.truongvietanh.com/images/khong-gian-the-thao/hoc-sinh-tap-vo-18.webp
hoc-sinh-tap-vo-2.webp,Không gian & Thể thao,WebP,1200x800,94.1 KB,https://media.truongvietanh.com/images/khong-gian-the-thao/hoc-sinh-tap-vo-2.webp
hoc-sinh-tap-vo-3.webp,Không gian & Thể thao,WebP,1200x800,98.7 KB,https://media.truongvietanh.com/images/khong-gian-the-thao/hoc-sinh-tap-vo-3.webp
hoc-sinh-tap-vo-4.webp,Không gian & Thể thao,WebP,1200x1801,124.7 KB,https://media.truongvietanh.com/images/khong-gian-the-thao/hoc-sinh-tap-vo-4.webp
hoc-sinh-tap-vo-5.webp,Không gian & Thể thao,WebP,1200x800,84.7 KB,https://media.truongvietanh.com/images/khong-gian-the-thao/hoc-sinh-tap-vo-5.webp
hoc-sinh-tap-vo-6.webp,Không gian & Thể thao,WebP,1200x1801,156.5 KB,https://media.truongvietanh.com/images/khong-gian-the-thao/hoc-sinh-tap-vo-6.webp
hoc-sinh-tap-vo-7.webp,Không gian & Thể thao,WebP,1200x1801,105.9 KB,https://media.truongvietanh.com/images/khong-gian-the-thao/hoc-sinh-tap-vo-7.webp
hoc-sinh-tap-vo-8.webp,Không gian & Thể thao,WebP,1200x1801,108.0 KB,https://media.truongvietanh.com/images/khong-gian-the-thao/hoc-sinh-tap-vo-8.webp
hoc-sinh-tap-vo-9.webp,Không gian & Thể thao,WebP,1200x800,102.7 KB,https://media.truongvietanh.com/images/khong-gian-the-thao/hoc-sinh-tap-vo-9.webp
hoc-sinh-viet-anh-choi-da-bong-1.webp,Không gian & Thể thao,WebP,1200x800,169.2 KB,https://media.truongvietanh.com/images/khong-gian-the-thao/hoc-sinh-viet-anh-choi-da-bong-1.webp
hoc-sinh-viet-anh-choi-da-bong-2.webp,Không gian & Thể thao,WebP,1200x800,265.5 KB,https://media.truongvietanh.com/images/khong-gian-the-thao/hoc-sinh-viet-anh-choi-da-bong-2.webp
hoc-sinh-viet-anh-choi-da-bong-3.webp,Không gian & Thể thao,WebP,1200x800,274.0 KB,https://media.truongvietanh.com/images/khong-gian-the-thao/hoc-sinh-viet-anh-choi-da-bong-3.webp
hoc-sinh-viet-anh-choi-da-bong-4.webp,Không gian & Thể thao,WebP,1200x801,227.1 KB,https://media.truongvietanh.com/images/khong-gian-the-thao/hoc-sinh-viet-anh-choi-da-bong-4.webp
hoc-sinh-viet-anh-choi-da-bong-5.webp,Không gian & Thể thao,WebP,1200x800,221.3 KB,https://media.truongvietanh.com/images/khong-gian-the-thao/hoc-sinh-viet-anh-choi-da-bong-5.webp
hoc-sinh-viet-anh-hoc-the-duc.webp,Không gian & Thể thao,WebP,1200x800,94.8 KB,https://media.truongvietanh.com/images/khong-gian-the-thao/hoc-sinh-viet-anh-hoc-the-duc.webp
hoc-sinh-viet-anh-trong-gio-hoc-bong-ro.webp,Không gian & Thể thao,WebP,1200x1600,203.4 KB,https://media.truongvietanh.com/images/khong-gian-the-thao/hoc-sinh-viet-anh-trong-gio-hoc-bong-ro.webp
hoc-sinh-vui-choi-1.webp,Không gian & Thể thao,WebP,1200x1800,102.6 KB,https://media.truongvietanh.com/images/khong-gian-the-thao/hoc-sinh-vui-choi-1.webp
hoc-sinh-vui-choi-2.webp,Không gian & Thể thao,WebP,1200x801,96.7 KB,https://media.truongvietanh.com/images/khong-gian-the-thao/hoc-sinh-vui-choi-2.webp
hoc-sinh-vui-choi-3.webp,Không gian & Thể thao,WebP,1200x800,48.0 KB,https://media.truongvietanh.com/images/khong-gian-the-thao/hoc-sinh-vui-choi-3.webp
hoc-sinh-vui-choi-4.webp,Không gian & Thể thao,WebP,1200x900,238.5 KB,https://media.truongvietanh.com/images/khong-gian-the-thao/hoc-sinh-vui-choi-4.webp
hoc-sinh-vui-choi-5.webp,Không gian & Thể thao,WebP,1200x1600,255.3 KB,https://media.truongvietanh.com/images/khong-gian-the-thao/hoc-sinh-vui-choi-5.webp
moi-truong-nhin-06844.webp,Không gian & Thể thao,WebP,1200x800,100.7 KB,https://media.truongvietanh.com/images/khong-gian-the-thao/moi-truong-nhin-06844.webp
moi-truong-nhin-06846.webp,Không gian & Thể thao,WebP,1200x800,120.9 KB,https://media.truongvietanh.com/images/khong-gian-the-thao/moi-truong-nhin-06846.webp
moi-truong-nhin-06849.webp,Không gian & Thể thao,WebP,1200x801,107.3 KB,https://media.truongvietanh.com/images/khong-gian-the-thao/moi-truong-nhin-06849.webp
moi-truong-nhin-06850.webp,Không gian & Thể thao,WebP,1200x800,106.1 KB,https://media.truongvietanh.com/images/khong-gian-the-thao/moi-truong-nhin-06850.webp
moi-truong-nhin-06851.webp,Không gian & Thể thao,WebP,1200x800,98.0 KB,https://media.truongvietanh.com/images/khong-gian-the-thao/moi-truong-nhin-06851.webp
moi-truong-nhin-06852.webp,Không gian & Thể thao,WebP,1200x800,99.8 KB,https://media.truongvietanh.com/images/khong-gian-the-thao/moi-truong-nhin-06852.webp
moi-truong-nhin-06853.webp,Không gian & Thể thao,WebP,1200x800,93.7 KB,https://media.truongvietanh.com/images/khong-gian-the-thao/moi-truong-nhin-06853.webp
moi-truong-nhin-06854.webp,Không gian & Thể thao,WebP,1200x801,31.3 KB,https://media.truongvietanh.com/images/khong-gian-the-thao/moi-truong-nhin-06854.webp
moi-truong-nhin-06855.webp,Không gian & Thể thao,WebP,1200x801,122.4 KB,https://media.truongvietanh.com/images/khong-gian-the-thao/moi-truong-nhin-06855.webp
moi-truong-nhin-06856.webp,Không gian & Thể thao,WebP,1200x800,101.1 KB,https://media.truongvietanh.com/images/khong-gian-the-thao/moi-truong-nhin-06856.webp
moi-truong-nhin-06857.webp,Không gian & Thể thao,WebP,1200x801,88.2 KB,https://media.truongvietanh.com/images/khong-gian-the-thao/moi-truong-nhin-06857.webp
moi-truong-nhin-06858.webp,Không gian & Thể thao,WebP,1200x800,102.7 KB,https://media.truongvietanh.com/images/khong-gian-the-thao/moi-truong-nhin-06858.webp
moi-truong-nhin-06859.webp,Không gian & Thể thao,WebP,1200x800,110.7 KB,https://media.truongvietanh.com/images/khong-gian-the-thao/moi-truong-nhin-06859.webp
moi-truong-nhin-06860.webp,Không gian & Thể thao,WebP,1200x800,104.0 KB,https://media.truongvietanh.com/images/khong-gian-the-thao/moi-truong-nhin-06860.webp
moi-truong-nhin-06861.webp,Không gian & Thể thao,WebP,1200x800,147.8 KB,https://media.truongvietanh.com/images/khong-gian-the-thao/moi-truong-nhin-06861.webp
moi-truong-nhin-06862.webp,Không gian & Thể thao,WebP,1200x800,127.6 KB,https://media.truongvietanh.com/images/khong-gian-the-thao/moi-truong-nhin-06862.webp
moi-truong-nhin-06863.webp,Không gian & Thể thao,WebP,1200x800,123.0 KB,https://media.truongvietanh.com/images/khong-gian-the-thao/moi-truong-nhin-06863.webp
moi-truong-nhin-06864.webp,Không gian & Thể thao,WebP,1200x800,119.0 KB,https://media.truongvietanh.com/images/khong-gian-the-thao/moi-truong-nhin-06864.webp
moi-truong-nhin-06865.webp,Không gian & Thể thao,WebP,1200x1800,213.6 KB,https://media.truongvietanh.com/images/khong-gian-the-thao/moi-truong-nhin-06865.webp
moi-truong-nhin-06866.webp,Không gian & Thể thao,WebP,1200x800,19.8 KB,https://media.truongvietanh.com/images/khong-gian-the-thao/moi-truong-nhin-06866.webp
moi-truong-nhin-06867.webp,Không gian & Thể thao,WebP,1200x801,79.3 KB,https://media.truongvietanh.com/images/khong-gian-the-thao/moi-truong-nhin-06867.webp
moi-truong-nhin-06870.webp,Không gian & Thể thao,WebP,1200x800,94.8 KB,https://media.truongvietanh.com/images/khong-gian-the-thao/moi-truong-nhin-06870.webp
dsc02486.webp,Thuyết trình,WebP,1200x800,69.2 KB,https://media.truongvietanh.com/images/thuyet-trinh/dsc02486.webp
dsc02488.webp,Thuyết trình,WebP,1200x801,70.2 KB,https://media.truongvietanh.com/images/thuyet-trinh/dsc02488.webp
dsc02493.webp,Thuyết trình,WebP,1200x800,58.9 KB,https://media.truongvietanh.com/images/thuyet-trinh/dsc02493.webp
dsc02496.webp,Thuyết trình,WebP,1200x800,47.0 KB,https://media.truongvietanh.com/images/thuyet-trinh/dsc02496.webp
dsc02497.webp,Thuyết trình,WebP,1200x801,49.8 KB,https://media.truongvietanh.com/images/thuyet-trinh/dsc02497.webp
dsc02498.webp,Thuyết trình,WebP,1200x800,47.3 KB,https://media.truongvietanh.com/images/thuyet-trinh/dsc02498.webp
dsc02504.webp,Thuyết trình,WebP,1200x800,56.2 KB,https://media.truongvietanh.com/images/thuyet-trinh/dsc02504.webp
dsc02505.webp,Thuyết trình,WebP,1200x801,56.2 KB,https://media.truongvietanh.com/images/thuyet-trinh/dsc02505.webp
dsc02508.webp,Thuyết trình,WebP,1200x800,56.3 KB,https://media.truongvietanh.com/images/thuyet-trinh/dsc02508.webp
dsc02510.webp,Thuyết trình,WebP,1200x800,55.3 KB,https://media.truongvietanh.com/images/thuyet-trinh/dsc02510.webp
dsc02511.webp,Thuyết trình,WebP,1200x801,46.0 KB,https://media.truongvietanh.com/images/thuyet-trinh/dsc02511.webp
dsc02513.webp,Thuyết trình,WebP,1200x800,47.6 KB,https://media.truongvietanh.com/images/thuyet-trinh/dsc02513.webp
dsc02515.webp,Thuyết trình,WebP,1200x800,48.6 KB,https://media.truongvietanh.com/images/thuyet-trinh/dsc02515.webp
dsc08301.webp,Thuyết trình,WebP,1200x800,52.9 KB,https://media.truongvietanh.com/images/thuyet-trinh/dsc08301.webp
dsc08764.webp,Thuyết trình,WebP,1200x800,64.9 KB,https://media.truongvietanh.com/images/thuyet-trinh/dsc08764.webp
dsc08817.webp,Thuyết trình,WebP,1200x801,37.9 KB,https://media.truongvietanh.com/images/thuyet-trinh/dsc08817.webp
dsc08819.webp,Thuyết trình,WebP,1200x800,61.5 KB,https://media.truongvietanh.com/images/thuyet-trinh/dsc08819.webp
hoc-sinh-cap-2-thuyet-trinh-english-contest-1.webp,Thuyết trình,WebP,1200x800,69.3 KB,https://media.truongvietanh.com/images/thuyet-trinh/hoc-sinh-cap-2-thuyet-trinh-english-contest-1.webp
hoc-sinh-cap-2-thuyet-trinh-english-contest-10.webp,Thuyết trình,WebP,1200x801,60.6 KB,https://media.truongvietanh.com/images/thuyet-trinh/hoc-sinh-cap-2-thuyet-trinh-english-contest-10.webp
hoc-sinh-cap-2-thuyet-trinh-english-contest-11.webp,Thuyết trình,WebP,1200x801,50.5 KB,https://media.truongvietanh.com/images/thuyet-trinh/hoc-sinh-cap-2-thuyet-trinh-english-contest-11.webp
hoc-sinh-cap-2-thuyet-trinh-english-contest-12.webp,Thuyết trình,WebP,1200x800,76.9 KB,https://media.truongvietanh.com/images/thuyet-trinh/hoc-sinh-cap-2-thuyet-trinh-english-contest-12.webp
hoc-sinh-cap-2-thuyet-trinh-english-contest-13.webp,Thuyết trình,WebP,1200x801,42.3 KB,https://media.truongvietanh.com/images/thuyet-trinh/hoc-sinh-cap-2-thuyet-trinh-english-contest-13.webp
hoc-sinh-cap-2-thuyet-trinh-english-contest-2.webp,Thuyết trình,WebP,1200x800,90.1 KB,https://media.truongvietanh.com/images/thuyet-trinh/hoc-sinh-cap-2-thuyet-trinh-english-contest-2.webp
hoc-sinh-cap-2-thuyet-trinh-english-contest-3.webp,Thuyết trình,WebP,1200x800,49.2 KB,https://media.truongvietanh.com/images/thuyet-trinh/hoc-sinh-cap-2-thuyet-trinh-english-contest-3.webp
hoc-sinh-cap-2-thuyet-trinh-english-contest-5.webp,Thuyết trình,WebP,1200x800,79.4 KB,https://media.truongvietanh.com/images/thuyet-trinh/hoc-sinh-cap-2-thuyet-trinh-english-contest-5.webp
hoc-sinh-cap-2-thuyet-trinh-english-contest-6.webp,Thuyết trình,WebP,1200x800,83.6 KB,https://media.truongvietanh.com/images/thuyet-trinh/hoc-sinh-cap-2-thuyet-trinh-english-contest-6.webp
hoc-sinh-cap-2-thuyet-trinh-english-contest-7.webp,Thuyết trình,WebP,1200x800,58.8 KB,https://media.truongvietanh.com/images/thuyet-trinh/hoc-sinh-cap-2-thuyet-trinh-english-contest-7.webp
hoc-sinh-cap-2-thuyet-trinh-english-contest-8.webp,Thuyết trình,WebP,1200x800,49.4 KB,https://media.truongvietanh.com/images/thuyet-trinh/hoc-sinh-cap-2-thuyet-trinh-english-contest-8.webp
hoc-sinh-cap-2-thuyet-trinh-english-contest-9.webp,Thuyết trình,WebP,1200x800,76.6 KB,https://media.truongvietanh.com/images/thuyet-trinh/hoc-sinh-cap-2-thuyet-trinh-english-contest-9.webp
hoc-sinh-thuyet-trinh-1.webp,Thuyết trình,WebP,1200x800,76.6 KB,https://media.truongvietanh.com/images/thuyet-trinh/hoc-sinh-thuyet-trinh-1.webp
hoc-sinh-thuyet-trinh-10.webp,Thuyết trình,WebP,1200x800,86.8 KB,https://media.truongvietanh.com/images/thuyet-trinh/hoc-sinh-thuyet-trinh-10.webp
hoc-sinh-thuyet-trinh-11.webp,Thuyết trình,WebP,1200x800,71.2 KB,https://media.truongvietanh.com/images/thuyet-trinh/hoc-sinh-thuyet-trinh-11.webp
hoc-sinh-thuyet-trinh-12.webp,Thuyết trình,WebP,1200x1800,81.5 KB,https://media.truongvietanh.com/images/thuyet-trinh/hoc-sinh-thuyet-trinh-12.webp
hoc-sinh-thuyet-trinh-13.webp,Thuyết trình,WebP,1200x800,110.5 KB,https://media.truongvietanh.com/images/thuyet-trinh/hoc-sinh-thuyet-trinh-13.webp
hoc-sinh-thuyet-trinh-14.webp,Thuyết trình,WebP,1200x801,59.6 KB,https://media.truongvietanh.com/images/thuyet-trinh/hoc-sinh-thuyet-trinh-14.webp
hoc-sinh-thuyet-trinh-15.webp,Thuyết trình,WebP,1200x800,82.4 KB,https://media.truongvietanh.com/images/thuyet-trinh/hoc-sinh-thuyet-trinh-15.webp
hoc-sinh-thuyet-trinh-16.webp,Thuyết trình,WebP,1200x800,54.9 KB,https://media.truongvietanh.com/images/thuyet-trinh/hoc-sinh-thuyet-trinh-16.webp
hoc-sinh-thuyet-trinh-17.webp,Thuyết trình,WebP,1200x800,89.4 KB,https://media.truongvietanh.com/images/thuyet-trinh/hoc-sinh-thuyet-trinh-17.webp
hoc-sinh-thuyet-trinh-18.webp,Thuyết trình,WebP,1200x800,50.8 KB,https://media.truongvietanh.com/images/thuyet-trinh/hoc-sinh-thuyet-trinh-18.webp
hoc-sinh-thuyet-trinh-19.webp,Thuyết trình,WebP,1200x800,99.7 KB,https://media.truongvietanh.com/images/thuyet-trinh/hoc-sinh-thuyet-trinh-19.webp
hoc-sinh-thuyet-trinh-2.webp,Thuyết trình,WebP,1200x801,39.9 KB,https://media.truongvietanh.com/images/thuyet-trinh/hoc-sinh-thuyet-trinh-2.webp
hoc-sinh-thuyet-trinh-20.webp,Thuyết trình,WebP,1200x800,102.0 KB,https://media.truongvietanh.com/images/thuyet-trinh/hoc-sinh-thuyet-trinh-20.webp
hoc-sinh-thuyet-trinh-21.webp,Thuyết trình,WebP,1200x800,88.2 KB,https://media.truongvietanh.com/images/thuyet-trinh/hoc-sinh-thuyet-trinh-21.webp
hoc-sinh-thuyet-trinh-22.webp,Thuyết trình,WebP,1200x800,75.3 KB,https://media.truongvietanh.com/images/thuyet-trinh/hoc-sinh-thuyet-trinh-22.webp
hoc-sinh-thuyet-trinh-23.webp,Thuyết trình,WebP,1200x1800,113.2 KB,https://media.truongvietanh.com/images/thuyet-trinh/hoc-sinh-thuyet-trinh-23.webp
hoc-sinh-thuyet-trinh-24.webp,Thuyết trình,WebP,1200x800,117.4 KB,https://media.truongvietanh.com/images/thuyet-trinh/hoc-sinh-thuyet-trinh-24.webp
hoc-sinh-thuyet-trinh-25.webp,Thuyết trình,WebP,1200x801,47.8 KB,https://media.truongvietanh.com/images/thuyet-trinh/hoc-sinh-thuyet-trinh-25.webp
hoc-sinh-thuyet-trinh-26.webp,Thuyết trình,WebP,1200x1800,82.9 KB,https://media.truongvietanh.com/images/thuyet-trinh/hoc-sinh-thuyet-trinh-26.webp
hoc-sinh-thuyet-trinh-27.webp,Thuyết trình,WebP,1200x1801,137.1 KB,https://media.truongvietanh.com/images/thuyet-trinh/hoc-sinh-thuyet-trinh-27.webp
hoc-sinh-thuyet-trinh-28.webp,Thuyết trình,WebP,1200x801,83.9 KB,https://media.truongvietanh.com/images/thuyet-trinh/hoc-sinh-thuyet-trinh-28.webp
hoc-sinh-thuyet-trinh-29.webp,Thuyết trình,WebP,1200x1800,100.1 KB,https://media.truongvietanh.com/images/thuyet-trinh/hoc-sinh-thuyet-trinh-29.webp
hoc-sinh-thuyet-trinh-3.webp,Thuyết trình,WebP,1200x800,58.8 KB,https://media.truongvietanh.com/images/thuyet-trinh/hoc-sinh-thuyet-trinh-3.webp
hoc-sinh-thuyet-trinh-30.webp,Thuyết trình,WebP,1200x1800,90.2 KB,https://media.truongvietanh.com/images/thuyet-trinh/hoc-sinh-thuyet-trinh-30.webp
hoc-sinh-thuyet-trinh-31.webp,Thuyết trình,WebP,1200x800,117.0 KB,https://media.truongvietanh.com/images/thuyet-trinh/hoc-sinh-thuyet-trinh-31.webp
hoc-sinh-thuyet-trinh-32.webp,Thuyết trình,WebP,1200x800,144.3 KB,https://media.truongvietanh.com/images/thuyet-trinh/hoc-sinh-thuyet-trinh-32.webp
hoc-sinh-thuyet-trinh-33.webp,Thuyết trình,WebP,1200x800,109.5 KB,https://media.truongvietanh.com/images/thuyet-trinh/hoc-sinh-thuyet-trinh-33.webp
hoc-sinh-thuyet-trinh-34.webp,Thuyết trình,WebP,1200x1801,92.7 KB,https://media.truongvietanh.com/images/thuyet-trinh/hoc-sinh-thuyet-trinh-34.webp
hoc-sinh-thuyet-trinh-35.webp,Thuyết trình,WebP,1200x1801,69.5 KB,https://media.truongvietanh.com/images/thuyet-trinh/hoc-sinh-thuyet-trinh-35.webp
hoc-sinh-thuyet-trinh-36.webp,Thuyết trình,WebP,1200x801,38.0 KB,https://media.truongvietanh.com/images/thuyet-trinh/hoc-sinh-thuyet-trinh-36.webp
hoc-sinh-thuyet-trinh-37.webp,Thuyết trình,WebP,1200x800,76.9 KB,https://media.truongvietanh.com/images/thuyet-trinh/hoc-sinh-thuyet-trinh-37.webp
hoc-sinh-thuyet-trinh-38.webp,Thuyết trình,WebP,1200x801,89.5 KB,https://media.truongvietanh.com/images/thuyet-trinh/hoc-sinh-thuyet-trinh-38.webp
hoc-sinh-thuyet-trinh-39.webp,Thuyết trình,WebP,1200x800,70.2 KB,https://media.truongvietanh.com/images/thuyet-trinh/hoc-sinh-thuyet-trinh-39.webp
hoc-sinh-thuyet-trinh-4.webp,Thuyết trình,WebP,1200x800,79.4 KB,https://media.truongvietanh.com/images/thuyet-trinh/hoc-sinh-thuyet-trinh-4.webp
hoc-sinh-thuyet-trinh-5.webp,Thuyết trình,WebP,1200x800,56.2 KB,https://media.truongvietanh.com/images/thuyet-trinh/hoc-sinh-thuyet-trinh-5.webp
hoc-sinh-thuyet-trinh-6.webp,Thuyết trình,WebP,1200x800,53.3 KB,https://media.truongvietanh.com/images/thuyet-trinh/hoc-sinh-thuyet-trinh-6.webp
hoc-sinh-thuyet-trinh-7.webp,Thuyết trình,WebP,1200x801,38.5 KB,https://media.truongvietanh.com/images/thuyet-trinh/hoc-sinh-thuyet-trinh-7.webp
hoc-sinh-thuyet-trinh-8.webp,Thuyết trình,WebP,1200x1600,123.5 KB,https://media.truongvietanh.com/images/thuyet-trinh/hoc-sinh-thuyet-trinh-8.webp
hoc-sinh-thuyet-trinh-9.webp,Thuyết trình,WebP,1200x800,99.2 KB,https://media.truongvietanh.com/images/thuyet-trinh/hoc-sinh-thuyet-trinh-9.webp
hoc-sinh-tieu-hoc-thuyet-trinh-english-speaking-contest-1.webp,Thuyết trình,WebP,1200x800,65.2 KB,https://media.truongvietanh.com/images/thuyet-trinh/hoc-sinh-tieu-hoc-thuyet-trinh-english-speaking-contest-1.webp
hoc-sinh-tieu-hoc-thuyet-trinh-english-speaking-contest-10.webp,Thuyết trình,WebP,1200x800,111.6 KB,https://media.truongvietanh.com/images/thuyet-trinh/hoc-sinh-tieu-hoc-thuyet-trinh-english-speaking-contest-10.webp
hoc-sinh-tieu-hoc-thuyet-trinh-english-speaking-contest-11.webp,Thuyết trình,WebP,1200x800,95.7 KB,https://media.truongvietanh.com/images/thuyet-trinh/hoc-sinh-tieu-hoc-thuyet-trinh-english-speaking-contest-11.webp
hoc-sinh-tieu-hoc-thuyet-trinh-english-speaking-contest-12.webp,Thuyết trình,WebP,1200x800,106.5 KB,https://media.truongvietanh.com/images/thuyet-trinh/hoc-sinh-tieu-hoc-thuyet-trinh-english-speaking-contest-12.webp
hoc-sinh-tieu-hoc-thuyet-trinh-english-speaking-contest-13.webp,Thuyết trình,WebP,1200x800,102.0 KB,https://media.truongvietanh.com/images/thuyet-trinh/hoc-sinh-tieu-hoc-thuyet-trinh-english-speaking-contest-13.webp
hoc-sinh-tieu-hoc-thuyet-trinh-english-speaking-contest-2.webp,Thuyết trình,WebP,1200x800,144.3 KB,https://media.truongvietanh.com/images/thuyet-trinh/hoc-sinh-tieu-hoc-thuyet-trinh-english-speaking-contest-2.webp
hoc-sinh-tieu-hoc-thuyet-trinh-english-speaking-contest-3.webp,Thuyết trình,WebP,1200x801,79.2 KB,https://media.truongvietanh.com/images/thuyet-trinh/hoc-sinh-tieu-hoc-thuyet-trinh-english-speaking-contest-3.webp
hoc-sinh-tieu-hoc-thuyet-trinh-english-speaking-contest-4.webp,Thuyết trình,WebP,1200x1800,127.2 KB,https://media.truongvietanh.com/images/thuyet-trinh/hoc-sinh-tieu-hoc-thuyet-trinh-english-speaking-contest-4.webp
hoc-sinh-tieu-hoc-thuyet-trinh-english-speaking-contest-5.webp,Thuyết trình,WebP,1200x800,80.9 KB,https://media.truongvietanh.com/images/thuyet-trinh/hoc-sinh-tieu-hoc-thuyet-trinh-english-speaking-contest-5.webp
hoc-sinh-tieu-hoc-thuyet-trinh-english-speaking-contest-6.webp,Thuyết trình,WebP,1200x800,72.1 KB,https://media.truongvietanh.com/images/thuyet-trinh/hoc-sinh-tieu-hoc-thuyet-trinh-english-speaking-contest-6.webp
hoc-sinh-tieu-hoc-thuyet-trinh-english-speaking-contest-7.webp,Thuyết trình,WebP,1200x800,75.3 KB,https://media.truongvietanh.com/images/thuyet-trinh/hoc-sinh-tieu-hoc-thuyet-trinh-english-speaking-contest-7.webp
hoc-sinh-tieu-hoc-thuyet-trinh-english-speaking-contest-8.webp,Thuyết trình,WebP,1200x800,66.9 KB,https://media.truongvietanh.com/images/thuyet-trinh/hoc-sinh-tieu-hoc-thuyet-trinh-english-speaking-contest-8.webp
hoc-sinh-tieu-hoc-thuyet-trinh-english-speaking-contest-9.webp,Thuyết trình,WebP,1200x800,65.6 KB,https://media.truongvietanh.com/images/thuyet-trinh/hoc-sinh-tieu-hoc-thuyet-trinh-english-speaking-contest-9.webp
self-study-skills.mp4,Thuyết trình,MP4,1280x720,13.3 MB,https://media.truongvietanh.com/videos/thuyet-trinh/self-study-skills.mp4
20200818-dscf2564-edit.webp,Vui vẻ,WebP,1200x800,57.0 KB,https://media.truongvietanh.com/images/vui-ve/20200818-dscf2564-edit.webp
4-hoc-sinh-su-dung-laptop-2.webp,Vui vẻ,WebP,1200x800,130.4 KB,https://media.truongvietanh.com/images/vui-ve/4-hoc-sinh-su-dung-laptop-2.webp
dsc02689.webp,Vui vẻ,WebP,1200x800,89.5 KB,https://media.truongvietanh.com/images/vui-ve/dsc02689.webp
dsc02696.webp,Vui vẻ,WebP,1200x800,95.2 KB,https://media.truongvietanh.com/images/vui-ve/dsc02696.webp
dsc02702.webp,Vui vẻ,WebP,1200x801,98.8 KB,https://media.truongvietanh.com/images/vui-ve/dsc02702.webp
hoc-sinh-choi-1.webp,Vui vẻ,WebP,1200x900,111.0 KB,https://media.truongvietanh.com/images/vui-ve/hoc-sinh-choi-1.webp
hoc-sinh-choi-2.webp,Vui vẻ,WebP,1200x1602,184.1 KB,https://media.truongvietanh.com/images/vui-ve/hoc-sinh-choi-2.webp
hoc-sinh-choi-3.webp,Vui vẻ,WebP,1200x1602,125.6 KB,https://media.truongvietanh.com/images/vui-ve/hoc-sinh-choi-3.webp
hoc-sinh-choi-4.webp,Vui vẻ,WebP,1200x1600,110.0 KB,https://media.truongvietanh.com/images/vui-ve/hoc-sinh-choi-4.webp
hoc-sinh-choi-5.webp,Vui vẻ,WebP,1200x900,122.5 KB,https://media.truongvietanh.com/images/vui-ve/hoc-sinh-choi-5.webp
hoc-sinh-choi-6.webp,Vui vẻ,WebP,1200x1602,124.8 KB,https://media.truongvietanh.com/images/vui-ve/hoc-sinh-choi-6.webp
hoc-sinh-choi-tro-choi-45.webp,Vui vẻ,WebP,1200x900,65.4 KB,https://media.truongvietanh.com/images/vui-ve/hoc-sinh-choi-tro-choi-45.webp
hoc-sinh-choi-tro-choi-46.webp,Vui vẻ,WebP,1200x900,189.9 KB,https://media.truongvietanh.com/images/vui-ve/hoc-sinh-choi-tro-choi-46.webp
hoc-sinh-choi-tro-choi-47.webp,Vui vẻ,WebP,1200x900,282.7 KB,https://media.truongvietanh.com/images/vui-ve/hoc-sinh-choi-tro-choi-47.webp
hoc-sinh-choi-tro-choi-48.webp,Vui vẻ,WebP,1200x1600,156.4 KB,https://media.truongvietanh.com/images/vui-ve/hoc-sinh-choi-tro-choi-48.webp
hoc-sinh-choi-tro-choi-49.webp,Vui vẻ,WebP,1200x900,84.1 KB,https://media.truongvietanh.com/images/vui-ve/hoc-sinh-choi-tro-choi-49.webp
hoc-sinh-choi-tro-choi-50.webp,Vui vẻ,WebP,1200x900,87.2 KB,https://media.truongvietanh.com/images/vui-ve/hoc-sinh-choi-tro-choi-50.webp
hoc-sinh-choi-tro-choi-51.webp,Vui vẻ,WebP,1200x900,83.7 KB,https://media.truongvietanh.com/images/vui-ve/hoc-sinh-choi-tro-choi-51.webp
hoc-sinh-choi-tro-choi-52.webp,Vui vẻ,WebP,1200x901,138.8 KB,https://media.truongvietanh.com/images/vui-ve/hoc-sinh-choi-tro-choi-52.webp
hoc-sinh-choi-tro-choi-53.webp,Vui vẻ,WebP,1200x900,133.3 KB,https://media.truongvietanh.com/images/vui-ve/hoc-sinh-choi-tro-choi-53.webp
hoc-sinh-choi-vui-ve-1.webp,Vui vẻ,WebP,1200x900,107.2 KB,https://media.truongvietanh.com/images/vui-ve/hoc-sinh-choi-vui-ve-1.webp
hoc-sinh-choi-vui-ve-10.webp,Vui vẻ,WebP,1200x800,49.3 KB,https://media.truongvietanh.com/images/vui-ve/hoc-sinh-choi-vui-ve-10.webp
hoc-sinh-choi-vui-ve-11.webp,Vui vẻ,WebP,1200x800,93.2 KB,https://media.truongvietanh.com/images/vui-ve/hoc-sinh-choi-vui-ve-11.webp
hoc-sinh-choi-vui-ve-12.webp,Vui vẻ,WebP,1200x801,90.3 KB,https://media.truongvietanh.com/images/vui-ve/hoc-sinh-choi-vui-ve-12.webp
hoc-sinh-choi-vui-ve-13.webp,Vui vẻ,WebP,1200x1707,202.1 KB,https://media.truongvietanh.com/images/vui-ve/hoc-sinh-choi-vui-ve-13.webp
hoc-sinh-choi-vui-ve-14.webp,Vui vẻ,WebP,1200x979,163.4 KB,https://media.truongvietanh.com/images/vui-ve/hoc-sinh-choi-vui-ve-14.webp
hoc-sinh-choi-vui-ve-15.webp,Vui vẻ,WebP,1200x900,173.4 KB,https://media.truongvietanh.com/images/vui-ve/hoc-sinh-choi-vui-ve-15.webp
hoc-sinh-choi-vui-ve-16.webp,Vui vẻ,WebP,1200x900,170.0 KB,https://media.truongvietanh.com/images/vui-ve/hoc-sinh-choi-vui-ve-16.webp
hoc-sinh-choi-vui-ve-17.webp,Vui vẻ,WebP,1200x1600,277.6 KB,https://media.truongvietanh.com/images/vui-ve/hoc-sinh-choi-vui-ve-17.webp
hoc-sinh-choi-vui-ve-18.webp,Vui vẻ,WebP,1200x1600,267.7 KB,https://media.truongvietanh.com/images/vui-ve/hoc-sinh-choi-vui-ve-18.webp
hoc-sinh-choi-vui-ve-19.webp,Vui vẻ,WebP,1200x1600,200.2 KB,https://media.truongvietanh.com/images/vui-ve/hoc-sinh-choi-vui-ve-19.webp
hoc-sinh-choi-vui-ve-2.webp,Vui vẻ,WebP,1200x900,92.3 KB,https://media.truongvietanh.com/images/vui-ve/hoc-sinh-choi-vui-ve-2.webp
hoc-sinh-choi-vui-ve-20.webp,Vui vẻ,WebP,1200x1600,198.9 KB,https://media.truongvietanh.com/images/vui-ve/hoc-sinh-choi-vui-ve-20.webp
hoc-sinh-choi-vui-ve-21.webp,Vui vẻ,WebP,1200x1600,174.9 KB,https://media.truongvietanh.com/images/vui-ve/hoc-sinh-choi-vui-ve-21.webp
hoc-sinh-choi-vui-ve-22.webp,Vui vẻ,WebP,1200x1602,172.0 KB,https://media.truongvietanh.com/images/vui-ve/hoc-sinh-choi-vui-ve-22.webp
hoc-sinh-choi-vui-ve-23.webp,Vui vẻ,WebP,1200x800,119.3 KB,https://media.truongvietanh.com/images/vui-ve/hoc-sinh-choi-vui-ve-23.webp
hoc-sinh-choi-vui-ve-24.webp,Vui vẻ,WebP,1200x800,187.5 KB,https://media.truongvietanh.com/images/vui-ve/hoc-sinh-choi-vui-ve-24.webp
hoc-sinh-choi-vui-ve-25.webp,Vui vẻ,WebP,1200x800,128.8 KB,https://media.truongvietanh.com/images/vui-ve/hoc-sinh-choi-vui-ve-25.webp
hoc-sinh-choi-vui-ve-26.webp,Vui vẻ,WebP,1200x800,132.1 KB,https://media.truongvietanh.com/images/vui-ve/hoc-sinh-choi-vui-ve-26.webp
hoc-sinh-choi-vui-ve-27.webp,Vui vẻ,WebP,1200x801,135.0 KB,https://media.truongvietanh.com/images/vui-ve/hoc-sinh-choi-vui-ve-27.webp
hoc-sinh-choi-vui-ve-28.webp,Vui vẻ,WebP,1200x800,126.9 KB,https://media.truongvietanh.com/images/vui-ve/hoc-sinh-choi-vui-ve-28.webp
hoc-sinh-choi-vui-ve-29.webp,Vui vẻ,WebP,1200x800,80.5 KB,https://media.truongvietanh.com/images/vui-ve/hoc-sinh-choi-vui-ve-29.webp
hoc-sinh-choi-vui-ve-3.webp,Vui vẻ,WebP,1200x1602,132.2 KB,https://media.truongvietanh.com/images/vui-ve/hoc-sinh-choi-vui-ve-3.webp
hoc-sinh-choi-vui-ve-30.webp,Vui vẻ,WebP,1200x801,67.1 KB,https://media.truongvietanh.com/images/vui-ve/hoc-sinh-choi-vui-ve-30.webp
hoc-sinh-choi-vui-ve-31.webp,Vui vẻ,WebP,1200x800,70.3 KB,https://media.truongvietanh.com/images/vui-ve/hoc-sinh-choi-vui-ve-31.webp
hoc-sinh-choi-vui-ve-32.webp,Vui vẻ,WebP,1200x800,144.4 KB,https://media.truongvietanh.com/images/vui-ve/hoc-sinh-choi-vui-ve-32.webp
hoc-sinh-choi-vui-ve-33.webp,Vui vẻ,WebP,1200x801,113.0 KB,https://media.truongvietanh.com/images/vui-ve/hoc-sinh-choi-vui-ve-33.webp
hoc-sinh-choi-vui-ve-34.webp,Vui vẻ,WebP,1200x800,78.4 KB,https://media.truongvietanh.com/images/vui-ve/hoc-sinh-choi-vui-ve-34.webp
hoc-sinh-choi-vui-ve-35.webp,Vui vẻ,WebP,1200x800,75.8 KB,https://media.truongvietanh.com/images/vui-ve/hoc-sinh-choi-vui-ve-35.webp
hoc-sinh-choi-vui-ve-36.webp,Vui vẻ,WebP,1200x800,72.9 KB,https://media.truongvietanh.com/images/vui-ve/hoc-sinh-choi-vui-ve-36.webp
hoc-sinh-choi-vui-ve-37.webp,Vui vẻ,WebP,1200x800,102.6 KB,https://media.truongvietanh.com/images/vui-ve/hoc-sinh-choi-vui-ve-37.webp
hoc-sinh-choi-vui-ve-38.webp,Vui vẻ,WebP,1200x1404,176.3 KB,https://media.truongvietanh.com/images/vui-ve/hoc-sinh-choi-vui-ve-38.webp
hoc-sinh-choi-vui-ve-39.webp,Vui vẻ,WebP,1200x900,276.9 KB,https://media.truongvietanh.com/images/vui-ve/hoc-sinh-choi-vui-ve-39.webp
hoc-sinh-choi-vui-ve-4.webp,Vui vẻ,WebP,1200x1602,141.5 KB,https://media.truongvietanh.com/images/vui-ve/hoc-sinh-choi-vui-ve-4.webp
hoc-sinh-choi-vui-ve-40.webp,Vui vẻ,WebP,1200x900,93.5 KB,https://media.truongvietanh.com/images/vui-ve/hoc-sinh-choi-vui-ve-40.webp
hoc-sinh-choi-vui-ve-41.webp,Vui vẻ,WebP,1200x900,144.7 KB,https://media.truongvietanh.com/images/vui-ve/hoc-sinh-choi-vui-ve-41.webp
hoc-sinh-choi-vui-ve-42.webp,Vui vẻ,WebP,1200x900,136.9 KB,https://media.truongvietanh.com/images/vui-ve/hoc-sinh-choi-vui-ve-42.webp
hoc-sinh-choi-vui-ve-43.webp,Vui vẻ,WebP,1200x900,144.5 KB,https://media.truongvietanh.com/images/vui-ve/hoc-sinh-choi-vui-ve-43.webp
hoc-sinh-choi-vui-ve-44.webp,Vui vẻ,WebP,1200x900,270.1 KB,https://media.truongvietanh.com/images/vui-ve/hoc-sinh-choi-vui-ve-44.webp
hoc-sinh-choi-vui-ve-45.webp,Vui vẻ,WebP,1200x900,316.9 KB,https://media.truongvietanh.com/images/vui-ve/hoc-sinh-choi-vui-ve-45.webp
hoc-sinh-choi-vui-ve-46.webp,Vui vẻ,WebP,1200x900,197.9 KB,https://media.truongvietanh.com/images/vui-ve/hoc-sinh-choi-vui-ve-46.webp
hoc-sinh-choi-vui-ve-47.webp,Vui vẻ,WebP,1200x900,162.6 KB,https://media.truongvietanh.com/images/vui-ve/hoc-sinh-choi-vui-ve-47.webp
hoc-sinh-choi-vui-ve-48.webp,Vui vẻ,WebP,1200x900,167.9 KB,https://media.truongvietanh.com/images/vui-ve/hoc-sinh-choi-vui-ve-48.webp
hoc-sinh-choi-vui-ve-49.webp,Vui vẻ,WebP,1200x900,167.4 KB,https://media.truongvietanh.com/images/vui-ve/hoc-sinh-choi-vui-ve-49.webp
hoc-sinh-choi-vui-ve-5.webp,Vui vẻ,WebP,1200x1602,145.0 KB,https://media.truongvietanh.com/images/vui-ve/hoc-sinh-choi-vui-ve-5.webp
hoc-sinh-choi-vui-ve-50.webp,Vui vẻ,WebP,1200x900,130.8 KB,https://media.truongvietanh.com/images/vui-ve/hoc-sinh-choi-vui-ve-50.webp
hoc-sinh-choi-vui-ve-51.webp,Vui vẻ,WebP,1200x900,123.4 KB,https://media.truongvietanh.com/images/vui-ve/hoc-sinh-choi-vui-ve-51.webp
hoc-sinh-choi-vui-ve-52.webp,Vui vẻ,WebP,1200x900,161.6 KB,https://media.truongvietanh.com/images/vui-ve/hoc-sinh-choi-vui-ve-52.webp
hoc-sinh-choi-vui-ve-53.webp,Vui vẻ,WebP,1200x900,187.2 KB,https://media.truongvietanh.com/images/vui-ve/hoc-sinh-choi-vui-ve-53.webp
hoc-sinh-choi-vui-ve-54.webp,Vui vẻ,WebP,1200x1600,145.8 KB,https://media.truongvietanh.com/images/vui-ve/hoc-sinh-choi-vui-ve-54.webp
hoc-sinh-choi-vui-ve-55.webp,Vui vẻ,WebP,1200x1600,72.2 KB,https://media.truongvietanh.com/images/vui-ve/hoc-sinh-choi-vui-ve-55.webp
hoc-sinh-choi-vui-ve-56.webp,Vui vẻ,WebP,1200x1600,73.0 KB,https://media.truongvietanh.com/images/vui-ve/hoc-sinh-choi-vui-ve-56.webp
hoc-sinh-choi-vui-ve-57.webp,Vui vẻ,WebP,1200x900,69.8 KB,https://media.truongvietanh.com/images/vui-ve/hoc-sinh-choi-vui-ve-57.webp
hoc-sinh-choi-vui-ve-58.webp,Vui vẻ,WebP,1200x900,83.9 KB,https://media.truongvietanh.com/images/vui-ve/hoc-sinh-choi-vui-ve-58.webp
hoc-sinh-choi-vui-ve-59.webp,Vui vẻ,WebP,1200x900,124.3 KB,https://media.truongvietanh.com/images/vui-ve/hoc-sinh-choi-vui-ve-59.webp
hoc-sinh-choi-vui-ve-6.webp,Vui vẻ,WebP,1200x1600,139.3 KB,https://media.truongvietanh.com/images/vui-ve/hoc-sinh-choi-vui-ve-6.webp
hoc-sinh-choi-vui-ve-60.webp,Vui vẻ,WebP,1200x900,109.4 KB,https://media.truongvietanh.com/images/vui-ve/hoc-sinh-choi-vui-ve-60.webp
hoc-sinh-choi-vui-ve-61.webp,Vui vẻ,WebP,1200x800,82.3 KB,https://media.truongvietanh.com/images/vui-ve/hoc-sinh-choi-vui-ve-61.webp
hoc-sinh-choi-vui-ve-62.webp,Vui vẻ,WebP,1200x1800,123.4 KB,https://media.truongvietanh.com/images/vui-ve/hoc-sinh-choi-vui-ve-62.webp
hoc-sinh-choi-vui-ve-63.webp,Vui vẻ,WebP,1200x1801,148.0 KB,https://media.truongvietanh.com/images/vui-ve/hoc-sinh-choi-vui-ve-63.webp
hoc-sinh-choi-vui-ve-64.webp,Vui vẻ,WebP,1200x800,146.3 KB,https://media.truongvietanh.com/images/vui-ve/hoc-sinh-choi-vui-ve-64.webp
hoc-sinh-choi-vui-ve-65.webp,Vui vẻ,WebP,1200x1800,285.0 KB,https://media.truongvietanh.com/images/vui-ve/hoc-sinh-choi-vui-ve-65.webp
hoc-sinh-choi-vui-ve-66.webp,Vui vẻ,WebP,1200x801,204.4 KB,https://media.truongvietanh.com/images/vui-ve/hoc-sinh-choi-vui-ve-66.webp
hoc-sinh-choi-vui-ve-67.webp,Vui vẻ,WebP,1200x800,143.1 KB,https://media.truongvietanh.com/images/vui-ve/hoc-sinh-choi-vui-ve-67.webp
hoc-sinh-choi-vui-ve-68.webp,Vui vẻ,WebP,1200x1801,209.1 KB,https://media.truongvietanh.com/images/vui-ve/hoc-sinh-choi-vui-ve-68.webp
hoc-sinh-choi-vui-ve-69.webp,Vui vẻ,WebP,1200x800,81.2 KB,https://media.truongvietanh.com/images/vui-ve/hoc-sinh-choi-vui-ve-69.webp
hoc-sinh-choi-vui-ve-7.webp,Vui vẻ,WebP,1200x900,100.7 KB,https://media.truongvietanh.com/images/vui-ve/hoc-sinh-choi-vui-ve-7.webp
hoc-sinh-choi-vui-ve-70.webp,Vui vẻ,WebP,1200x801,153.5 KB,https://media.truongvietanh.com/images/vui-ve/hoc-sinh-choi-vui-ve-70.webp
hoc-sinh-choi-vui-ve-8.webp,Vui vẻ,WebP,1200x801,73.4 KB,https://media.truongvietanh.com/images/vui-ve/hoc-sinh-choi-vui-ve-8.webp
hoc-sinh-choi-vui-ve-9.webp,Vui vẻ,WebP,1200x800,78.2 KB,https://media.truongvietanh.com/images/vui-ve/hoc-sinh-choi-vui-ve-9.webp
hoc-sinh-tieu-hoc-viet-anh-dang-yeu-8.webp,Vui vẻ,WebP,1200x800,130.6 KB,https://media.truongvietanh.com/images/vui-ve/hoc-sinh-tieu-hoc-viet-anh-dang-yeu-8.webp
hoc-sinh-truong-viet-anh-13.webp,Vui vẻ,WebP,1200x800,67.1 KB,https://media.truongvietanh.com/images/vui-ve/hoc-sinh-truong-viet-anh-13.webp
hoc-sinh-viet-anh-tu-tin-4.webp,Vui vẻ,WebP,1200x800,62.4 KB,https://media.truongvietanh.com/images/vui-ve/hoc-sinh-viet-anh-tu-tin-4.webp
img-4206-1.webp,Vui vẻ,WebP,1200x800,70.5 KB,https://media.truongvietanh.com/images/vui-ve/img-4206-1.webp
img-8649.webp,Vui vẻ,WebP,1200x800,73.0 KB,https://media.truongvietanh.com/images/vui-ve/img-8649.webp
img-9143.webp,Vui vẻ,WebP,1200x800,130.6 KB,https://media.truongvietanh.com/images/vui-ve/img-9143.webp
vd-ho-sinh-choi-2.mp4,Vui vẻ,MP4,1280x720,8.6 MB,https://media.truongvietanh.com/videos/vui-ve/vd-ho-sinh-choi-2.mp4
video-hoc-sinh-choi.mp4,Vui vẻ,MP4,854x480,3.9 MB,https://media.truongvietanh.com/videos/vui-ve/video-hoc-sinh-choi.mp4
dsc07097-1.webp,Dự án,WebP,1200x800,60.0 KB,https://media.truongvietanh.com/images/du-an/dsc07097-1.webp
dsc07099-2.webp,Dự án,WebP,1200x800,64.5 KB,https://media.truongvietanh.com/images/du-an/dsc07099-2.webp
dsc07102-3.webp,Dự án,WebP,1200x919,90.6 KB,https://media.truongvietanh.com/images/du-an/dsc07102-3.webp
dsc07105-4.webp,Dự án,WebP,1200x760,68.2 KB,https://media.truongvietanh.com/images/du-an/dsc07105-4.webp
dsc07109-5.webp,Dự án,WebP,1200x800,80.1 KB,https://media.truongvietanh.com/images/du-an/dsc07109-5.webp
dsc07112-6.webp,Dự án,WebP,1200x883,94.1 KB,https://media.truongvietanh.com/images/du-an/dsc07112-6.webp
dsc07114-7.webp,Dự án,WebP,1200x733,81.7 KB,https://media.truongvietanh.com/images/du-an/dsc07114-7.webp
dsc07126-8.webp,Dự án,WebP,1200x1027,67.5 KB,https://media.truongvietanh.com/images/du-an/dsc07126-8.webp
dsc07130-9.webp,Dự án,WebP,1200x773,37.6 KB,https://media.truongvietanh.com/images/du-an/dsc07130-9.webp
dsc07132-10.webp,Dự án,WebP,1200x974,95.8 KB,https://media.truongvietanh.com/images/du-an/dsc07132-10.webp
dsc07134-11.webp,Dự án,WebP,1200x927,76.5 KB,https://media.truongvietanh.com/images/du-an/dsc07134-11.webp
dsc07137-12.webp,Dự án,WebP,1200x776,80.0 KB,https://media.truongvietanh.com/images/du-an/dsc07137-12.webp
dsc07138-13.webp,Dự án,WebP,1200x893,71.2 KB,https://media.truongvietanh.com/images/du-an/dsc07138-13.webp
dsc07140-14.webp,Dự án,WebP,1200x800,43.1 KB,https://media.truongvietanh.com/images/du-an/dsc07140-14.webp
dsc07141-15.webp,Dự án,WebP,1200x800,58.7 KB,https://media.truongvietanh.com/images/du-an/dsc07141-15.webp
dsc07142-16.webp,Dự án,WebP,1200x850,85.0 KB,https://media.truongvietanh.com/images/du-an/dsc07142-16.webp
dsc07143-17.webp,Dự án,WebP,1200x800,72.9 KB,https://media.truongvietanh.com/images/du-an/dsc07143-17.webp
dsc07145-18.webp,Dự án,WebP,1200x923,110.4 KB,https://media.truongvietanh.com/images/du-an/dsc07145-18.webp
dsc07146-19.webp,Dự án,WebP,1200x800,107.0 KB,https://media.truongvietanh.com/images/du-an/dsc07146-19.webp
dsc07148-20.webp,Dự án,WebP,1200x907,102.4 KB,https://media.truongvietanh.com/images/du-an/dsc07148-20.webp
dsc07149-21.webp,Dự án,WebP,1200x800,98.3 KB,https://media.truongvietanh.com/images/du-an/dsc07149-21.webp
dsc07150-22.webp,Dự án,WebP,1200x800,51.4 KB,https://media.truongvietanh.com/images/du-an/dsc07150-22.webp
dsc07152-23.webp,Dự án,WebP,1200x750,74.1 KB,https://media.truongvietanh.com/images/du-an/dsc07152-23.webp
dsc07155-24.webp,Dự án,WebP,1200x1072,83.5 KB,https://media.truongvietanh.com/images/du-an/dsc07155-24.webp
dsc07156-25.webp,Dự án,WebP,1200x1199,132.4 KB,https://media.truongvietanh.com/images/du-an/dsc07156-25.webp
dsc07157-26.webp,Dự án,WebP,1200x821,74.5 KB,https://media.truongvietanh.com/images/du-an/dsc07157-26.webp
dsc07158-27.webp,Dự án,WebP,1200x800,98.9 KB,https://media.truongvietanh.com/images/du-an/dsc07158-27.webp
dsc07159-28.webp,Dự án,WebP,1200x835,75.7 KB,https://media.truongvietanh.com/images/du-an/dsc07159-28.webp
dsc07161-29.webp,Dự án,WebP,1200x867,96.9 KB,https://media.truongvietanh.com/images/du-an/dsc07161-29.webp
dsc07165-30.webp,Dự án,WebP,1200x929,70.7 KB,https://media.truongvietanh.com/images/du-an/dsc07165-30.webp
dsc07168-31.webp,Dự án,WebP,1200x800,57.6 KB,https://media.truongvietanh.com/images/du-an/dsc07168-31.webp
dsc07171-32.webp,Dự án,WebP,1200x800,59.4 KB,https://media.truongvietanh.com/images/du-an/dsc07171-32.webp
dsc07175-33.webp,Dự án,WebP,1200x800,61.4 KB,https://media.truongvietanh.com/images/du-an/dsc07175-33.webp
dsc07176-34.webp,Dự án,WebP,1200x800,62.3 KB,https://media.truongvietanh.com/images/du-an/dsc07176-34.webp
dsc07181-35.webp,Dự án,WebP,1200x800,56.4 KB,https://media.truongvietanh.com/images/du-an/dsc07181-35.webp
dsc07184-36.webp,Dự án,WebP,1200x800,57.4 KB,https://media.truongvietanh.com/images/du-an/dsc07184-36.webp
dsc07185-37.webp,Dự án,WebP,1200x800,71.1 KB,https://media.truongvietanh.com/images/du-an/dsc07185-37.webp
dsc07187-38.webp,Dự án,WebP,1200x800,63.4 KB,https://media.truongvietanh.com/images/du-an/dsc07187-38.webp
dsc07190-39.webp,Dự án,WebP,1200x1160,72.7 KB,https://media.truongvietanh.com/images/du-an/dsc07190-39.webp
dsc07191-40.webp,Dự án,WebP,1200x800,53.1 KB,https://media.truongvietanh.com/images/du-an/dsc07191-40.webp
dsc07193-41.webp,Dự án,WebP,1200x800,75.2 KB,https://media.truongvietanh.com/images/du-an/dsc07193-41.webp
du-an-cua-hoc-sinh-1.webp,Dự án,WebP,1200x801,143.8 KB,https://media.truongvietanh.com/images/du-an/du-an-cua-hoc-sinh-1.webp
du-an-cua-hoc-sinh-14.webp,Dự án,WebP,1200x675,60.7 KB,https://media.truongvietanh.com/images/du-an/du-an-cua-hoc-sinh-14.webp
du-an-cua-hoc-sinh-15.webp,Dự án,WebP,1200x800,64.4 KB,https://media.truongvietanh.com/images/du-an/du-an-cua-hoc-sinh-15.webp
du-an-cua-hoc-sinh-16.webp,Dự án,WebP,1200x800,67.9 KB,https://media.truongvietanh.com/images/du-an/du-an-cua-hoc-sinh-16.webp
du-an-cua-hoc-sinh-17.webp,Dự án,WebP,1200x800,127.1 KB,https://media.truongvietanh.com/images/du-an/du-an-cua-hoc-sinh-17.webp
du-an-cua-hoc-sinh-18.webp,Dự án,WebP,1200x800,80.8 KB,https://media.truongvietanh.com/images/du-an/du-an-cua-hoc-sinh-18.webp
du-an-cua-hoc-sinh-19.webp,Dự án,WebP,1200x800,92.7 KB,https://media.truongvietanh.com/images/du-an/du-an-cua-hoc-sinh-19.webp
du-an-cua-hoc-sinh-20.webp,Dự án,WebP,1200x800,126.0 KB,https://media.truongvietanh.com/images/du-an/du-an-cua-hoc-sinh-20.webp
du-an-cua-hoc-sinh-21.webp,Dự án,WebP,1200x800,99.1 KB,https://media.truongvietanh.com/images/du-an/du-an-cua-hoc-sinh-21.webp
du-an-cua-hoc-sinh-22.webp,Dự án,WebP,1200x800,119.2 KB,https://media.truongvietanh.com/images/du-an/du-an-cua-hoc-sinh-22.webp
du-an-cua-hoc-sinh-23.webp,Dự án,WebP,1200x1600,111.9 KB,https://media.truongvietanh.com/images/du-an/du-an-cua-hoc-sinh-23.webp
du-an-cua-hoc-sinh-24.webp,Dự án,WebP,1200x800,116.8 KB,https://media.truongvietanh.com/images/du-an/du-an-cua-hoc-sinh-24.webp
du-an-cua-hoc-sinh-25.webp,Dự án,WebP,1200x800,107.1 KB,https://media.truongvietanh.com/images/du-an/du-an-cua-hoc-sinh-25.webp
du-an-cua-hoc-sinh-26.webp,Dự án,WebP,1200x1600,143.6 KB,https://media.truongvietanh.com/images/du-an/du-an-cua-hoc-sinh-26.webp
du-an-cua-hoc-sinh-27.webp,Dự án,WebP,1200x1600,117.2 KB,https://media.truongvietanh.com/images/du-an/du-an-cua-hoc-sinh-27.webp
du-an-cua-hoc-sinh-28.webp,Dự án,WebP,1200x900,82.0 KB,https://media.truongvietanh.com/images/du-an/du-an-cua-hoc-sinh-28.webp
du-an-cua-hoc-sinh-29.webp,Dự án,WebP,1200x800,208.7 KB,https://media.truongvietanh.com/images/du-an/du-an-cua-hoc-sinh-29.webp
du-an-cua-hoc-sinh-30.webp,Dự án,WebP,1200x801,134.8 KB,https://media.truongvietanh.com/images/du-an/du-an-cua-hoc-sinh-30.webp
du-an-cua-hoc-sinh-31.webp,Dự án,WebP,1200x800,200.3 KB,https://media.truongvietanh.com/images/du-an/du-an-cua-hoc-sinh-31.webp
hinh-anh-truong-viet-anh-hcmc-2021-27.webp,Dự án,WebP,1200x800,87.9 KB,https://media.truongvietanh.com/images/du-an/hinh-anh-truong-viet-anh-hcmc-2021-27.webp
hoc-sinh-viet-anh-tham-gia-thien-nguyen-gui-nang-yeu-thuong-1.webp,Dự án,WebP,1200x800,81.4 KB,https://media.truongvietanh.com/images/du-an/hoc-sinh-viet-anh-tham-gia-thien-nguyen-gui-nang-yeu-thuong-1.webp
hoc-sinh-viet-anh-tham-gia-thien-nguyen-gui-nang-yeu-thuong-10.webp,Dự án,WebP,1200x800,120.1 KB,https://media.truongvietanh.com/images/du-an/hoc-sinh-viet-anh-tham-gia-thien-nguyen-gui-nang-yeu-thuong-10.webp
hoc-sinh-viet-anh-tham-gia-thien-nguyen-gui-nang-yeu-thuong-2.webp,Dự án,WebP,1200x800,143.1 KB,https://media.truongvietanh.com/images/du-an/hoc-sinh-viet-anh-tham-gia-thien-nguyen-gui-nang-yeu-thuong-2.webp
hoc-sinh-viet-anh-tham-gia-thien-nguyen-gui-nang-yeu-thuong-3.webp,Dự án,WebP,1200x800,80.1 KB,https://media.truongvietanh.com/images/du-an/hoc-sinh-viet-anh-tham-gia-thien-nguyen-gui-nang-yeu-thuong-3.webp
hoc-sinh-viet-anh-tham-gia-thien-nguyen-gui-nang-yeu-thuong-4.webp,Dự án,WebP,1200x800,91.5 KB,https://media.truongvietanh.com/images/du-an/hoc-sinh-viet-anh-tham-gia-thien-nguyen-gui-nang-yeu-thuong-4.webp
hoc-sinh-viet-anh-tham-gia-thien-nguyen-gui-nang-yeu-thuong-5.webp,Dự án,WebP,1200x800,89.1 KB,https://media.truongvietanh.com/images/du-an/hoc-sinh-viet-anh-tham-gia-thien-nguyen-gui-nang-yeu-thuong-5.webp
hoc-sinh-viet-anh-tham-gia-thien-nguyen-gui-nang-yeu-thuong-6.webp,Dự án,WebP,1200x800,50.9 KB,https://media.truongvietanh.com/images/du-an/hoc-sinh-viet-anh-tham-gia-thien-nguyen-gui-nang-yeu-thuong-6.webp
hoc-sinh-viet-anh-tham-gia-thien-nguyen-gui-nang-yeu-thuong-7.webp,Dự án,WebP,1200x800,113.6 KB,https://media.truongvietanh.com/images/du-an/hoc-sinh-viet-anh-tham-gia-thien-nguyen-gui-nang-yeu-thuong-7.webp
hoc-sinh-viet-anh-tham-gia-thien-nguyen-gui-nang-yeu-thuong-8.webp,Dự án,WebP,1200x800,120.4 KB,https://media.truongvietanh.com/images/du-an/hoc-sinh-viet-anh-tham-gia-thien-nguyen-gui-nang-yeu-thuong-8.webp
hoc-sinh-viet-anh-tham-gia-thien-nguyen-gui-nang-yeu-thuong-9.webp,Dự án,WebP,1200x800,115.5 KB,https://media.truongvietanh.com/images/du-an/hoc-sinh-viet-anh-tham-gia-thien-nguyen-gui-nang-yeu-thuong-9.webp
hoc-sinh-viet-anh-thuc-hien-du-an-1.webp,Dự án,WebP,1200x800,135.5 KB,https://media.truongvietanh.com/images/du-an/hoc-sinh-viet-anh-thuc-hien-du-an-1.webp
hoc-sinh-viet-anh-thuc-hien-du-an-10.webp,Dự án,WebP,1200x800,76.9 KB,https://media.truongvietanh.com/images/du-an/hoc-sinh-viet-anh-thuc-hien-du-an-10.webp
hoc-sinh-viet-anh-thuc-hien-du-an-2.webp,Dự án,WebP,1200x801,104.5 KB,https://media.truongvietanh.com/images/du-an/hoc-sinh-viet-anh-thuc-hien-du-an-2.webp
hoc-sinh-viet-anh-thuc-hien-du-an-3.webp,Dự án,WebP,1200x801,104.5 KB,https://media.truongvietanh.com/images/du-an/hoc-sinh-viet-anh-thuc-hien-du-an-3.webp
hoc-sinh-viet-anh-thuc-hien-du-an-4.webp,Dự án,WebP,1200x801,104.1 KB,https://media.truongvietanh.com/images/du-an/hoc-sinh-viet-anh-thuc-hien-du-an-4.webp
hoc-sinh-viet-anh-thuc-hien-du-an-5.webp,Dự án,WebP,1200x801,135.7 KB,https://media.truongvietanh.com/images/du-an/hoc-sinh-viet-anh-thuc-hien-du-an-5.webp
hoc-sinh-viet-anh-thuc-hien-du-an-6.webp,Dự án,WebP,1200x800,116.1 KB,https://media.truongvietanh.com/images/du-an/hoc-sinh-viet-anh-thuc-hien-du-an-6.webp
hoc-sinh-viet-anh-thuc-hien-du-an-7.webp,Dự án,WebP,1200x801,88.0 KB,https://media.truongvietanh.com/images/du-an/hoc-sinh-viet-anh-thuc-hien-du-an-7.webp
hoc-sinh-viet-anh-thuc-hien-du-an-8.webp,Dự án,WebP,1200x800,69.3 KB,https://media.truongvietanh.com/images/du-an/hoc-sinh-viet-anh-thuc-hien-du-an-8.webp
hoc-sinh-viet-anh-thuc-hien-du-an-9.webp,Dự án,WebP,1200x800,76.1 KB,https://media.truongvietanh.com/images/du-an/hoc-sinh-viet-anh-thuc-hien-du-an-9.webp
hoc-theo-du-an.webp,Dự án,WebP,1200x800,96.7 KB,https://media.truongvietanh.com/images/du-an/hoc-theo-du-an.webp
ws-1.webp,Dự án,WebP,1200x800,97.6 KB,https://media.truongvietanh.com/images/du-an/ws-1.webp
ws-2.webp,Dự án,WebP,1200x800,90.5 KB,https://media.truongvietanh.com/images/du-an/ws-2.webp
ws-3.webp,Dự án,WebP,1200x800,104.3 KB,https://media.truongvietanh.com/images/du-an/ws-3.webp
video-fce-final.mp4,Dự án,MP4,1280x720,30.9 MB,https://media.truongvietanh.com/videos/du-an/video-fce-final.mp4
20201005-dsc00065.webp,Giáo viên,WebP,1200x800,80.6 KB,https://media.truongvietanh.com/images/giao-vien/20201005-dsc00065.webp
20201005-dsc00068.webp,Giáo viên,WebP,1200x800,132.6 KB,https://media.truongvietanh.com/images/giao-vien/20201005-dsc00068.webp
20201005-dsc00195.webp,Giáo viên,WebP,1200x800,81.8 KB,https://media.truongvietanh.com/images/giao-vien/20201005-dsc00195.webp
20201005-dsc00219.webp,Giáo viên,WebP,1200x800,50.4 KB,https://media.truongvietanh.com/images/giao-vien/20201005-dsc00219.webp
20201005-dsc00254.webp,Giáo viên,WebP,1200x800,103.1 KB,https://media.truongvietanh.com/images/giao-vien/20201005-dsc00254.webp
copy-of-vietanh00952.webp,Giáo viên,WebP,1200x1106,136.1 KB,https://media.truongvietanh.com/images/giao-vien/copy-of-vietanh00952.webp
dsc-3244.webp,Giáo viên,WebP,1200x800,76.0 KB,https://media.truongvietanh.com/images/giao-vien/dsc-3244.webp
dsc-3313.webp,Giáo viên,WebP,1200x800,85.7 KB,https://media.truongvietanh.com/images/giao-vien/dsc-3313.webp
dsc-3329.webp,Giáo viên,WebP,1200x800,91.7 KB,https://media.truongvietanh.com/images/giao-vien/dsc-3329.webp
dsc-3392.webp,Giáo viên,WebP,1200x800,84.4 KB,https://media.truongvietanh.com/images/giao-vien/dsc-3392.webp
dsc02437.webp,Giáo viên,WebP,1200x800,55.3 KB,https://media.truongvietanh.com/images/giao-vien/dsc02437.webp
dsc02441.webp,Giáo viên,WebP,1200x800,55.9 KB,https://media.truongvietanh.com/images/giao-vien/dsc02441.webp
dsc02444.webp,Giáo viên,WebP,1200x1800,68.6 KB,https://media.truongvietanh.com/images/giao-vien/dsc02444.webp
dsc02449.webp,Giáo viên,WebP,1200x1800,77.0 KB,https://media.truongvietanh.com/images/giao-vien/dsc02449.webp
dsc02451.webp,Giáo viên,WebP,1200x1800,76.2 KB,https://media.truongvietanh.com/images/giao-vien/dsc02451.webp
dsc02456.webp,Giáo viên,WebP,1200x800,55.7 KB,https://media.truongvietanh.com/images/giao-vien/dsc02456.webp
dsc02459.webp,Giáo viên,WebP,1200x800,63.4 KB,https://media.truongvietanh.com/images/giao-vien/dsc02459.webp
dsc02460.webp,Giáo viên,WebP,1200x801,55.1 KB,https://media.truongvietanh.com/images/giao-vien/dsc02460.webp
dsc02462.webp,Giáo viên,WebP,1200x800,56.9 KB,https://media.truongvietanh.com/images/giao-vien/dsc02462.webp
dsc02467.webp,Giáo viên,WebP,1200x800,55.3 KB,https://media.truongvietanh.com/images/giao-vien/dsc02467.webp
dsc02468.webp,Giáo viên,WebP,1200x800,55.0 KB,https://media.truongvietanh.com/images/giao-vien/dsc02468.webp
dsc02471.webp,Giáo viên,WebP,1200x800,61.9 KB,https://media.truongvietanh.com/images/giao-vien/dsc02471.webp
dsc02475.webp,Giáo viên,WebP,1200x800,61.9 KB,https://media.truongvietanh.com/images/giao-vien/dsc02475.webp
dsc02479.webp,Giáo viên,WebP,1200x800,66.8 KB,https://media.truongvietanh.com/images/giao-vien/dsc02479.webp
dsc02481.webp,Giáo viên,WebP,1200x801,71.0 KB,https://media.truongvietanh.com/images/giao-vien/dsc02481.webp
dsc02527.webp,Giáo viên,WebP,1200x800,125.0 KB,https://media.truongvietanh.com/images/giao-vien/dsc02527.webp
dsc02536.webp,Giáo viên,WebP,1200x800,128.4 KB,https://media.truongvietanh.com/images/giao-vien/dsc02536.webp
dsc02539.webp,Giáo viên,WebP,1200x800,124.6 KB,https://media.truongvietanh.com/images/giao-vien/dsc02539.webp
dscf9368.webp,Giáo viên,WebP,1200x800,102.8 KB,https://media.truongvietanh.com/images/giao-vien/dscf9368.webp
hinh-anh-truong-viet-anh-hcmc-2021-29.webp,Giáo viên,WebP,1200x800,84.7 KB,https://media.truongvietanh.com/images/giao-vien/hinh-anh-truong-viet-anh-hcmc-2021-29.webp
hinh-anh-truong-viet-anh-hcmc-2021-30.webp,Giáo viên,WebP,1200x800,155.1 KB,https://media.truongvietanh.com/images/giao-vien/hinh-anh-truong-viet-anh-hcmc-2021-30.webp
hinh-anh-truong-viet-anh-hcmc-2021-31.webp,Giáo viên,WebP,1200x800,103.1 KB,https://media.truongvietanh.com/images/giao-vien/hinh-anh-truong-viet-anh-hcmc-2021-31.webp
hinh-anh-truong-viet-anh-hcmc-2021-32.webp,Giáo viên,WebP,1200x800,90.2 KB,https://media.truongvietanh.com/images/giao-vien/hinh-anh-truong-viet-anh-hcmc-2021-32.webp
hinh-anh-truong-viet-anh-hcmc-2021-33.webp,Giáo viên,WebP,1200x800,94.8 KB,https://media.truongvietanh.com/images/giao-vien/hinh-anh-truong-viet-anh-hcmc-2021-33.webp
hinh-anh-truong-viet-anh-hcmc-2021-34.webp,Giáo viên,WebP,1200x800,92.3 KB,https://media.truongvietanh.com/images/giao-vien/hinh-anh-truong-viet-anh-hcmc-2021-34.webp
hinh-anh-truong-viet-anh-hcmc-2021-39.webp,Giáo viên,WebP,1200x800,71.0 KB,https://media.truongvietanh.com/images/giao-vien/hinh-anh-truong-viet-anh-hcmc-2021-39.webp
hinh-anh-truong-viet-anh-hcmc-2021-40.webp,Giáo viên,WebP,1200x800,103.1 KB,https://media.truongvietanh.com/images/giao-vien/hinh-anh-truong-viet-anh-hcmc-2021-40.webp
hoc-sinh-giao-vien-1.webp,Giáo viên,WebP,1200x801,114.8 KB,https://media.truongvietanh.com/images/giao-vien/hoc-sinh-giao-vien-1.webp
hoc-sinh-giao-vien-10.webp,Giáo viên,WebP,1200x800,55.7 KB,https://media.truongvietanh.com/images/giao-vien/hoc-sinh-giao-vien-10.webp
hoc-sinh-giao-vien-11.webp,Giáo viên,WebP,1200x801,134.2 KB,https://media.truongvietanh.com/images/giao-vien/hoc-sinh-giao-vien-11.webp
hoc-sinh-giao-vien-12.webp,Giáo viên,WebP,1200x800,109.4 KB,https://media.truongvietanh.com/images/giao-vien/hoc-sinh-giao-vien-12.webp
hoc-sinh-giao-vien-13.webp,Giáo viên,WebP,1200x801,130.7 KB,https://media.truongvietanh.com/images/giao-vien/hoc-sinh-giao-vien-13.webp
hoc-sinh-giao-vien-14.webp,Giáo viên,WebP,1200x800,115.6 KB,https://media.truongvietanh.com/images/giao-vien/hoc-sinh-giao-vien-14.webp
hoc-sinh-giao-vien-15.webp,Giáo viên,WebP,1200x800,141.6 KB,https://media.truongvietanh.com/images/giao-vien/hoc-sinh-giao-vien-15.webp
hoc-sinh-giao-vien-16.webp,Giáo viên,WebP,1200x801,77.5 KB,https://media.truongvietanh.com/images/giao-vien/hoc-sinh-giao-vien-16.webp
hoc-sinh-giao-vien-17.webp,Giáo viên,WebP,1200x800,143.2 KB,https://media.truongvietanh.com/images/giao-vien/hoc-sinh-giao-vien-17.webp
hoc-sinh-giao-vien-18.webp,Giáo viên,WebP,1200x800,83.9 KB,https://media.truongvietanh.com/images/giao-vien/hoc-sinh-giao-vien-18.webp
hoc-sinh-giao-vien-19.webp,Giáo viên,WebP,1200x801,73.2 KB,https://media.truongvietanh.com/images/giao-vien/hoc-sinh-giao-vien-19.webp
hoc-sinh-giao-vien-2.webp,Giáo viên,WebP,1200x801,124.3 KB,https://media.truongvietanh.com/images/giao-vien/hoc-sinh-giao-vien-2.webp
hoc-sinh-giao-vien-3.webp,Giáo viên,WebP,1200x1800,100.7 KB,https://media.truongvietanh.com/images/giao-vien/hoc-sinh-giao-vien-3.webp
hoc-sinh-giao-vien-4.webp,Giáo viên,WebP,1200x800,72.2 KB,https://media.truongvietanh.com/images/giao-vien/hoc-sinh-giao-vien-4.webp
hoc-sinh-giao-vien-5.webp,Giáo viên,WebP,1200x800,66.6 KB,https://media.truongvietanh.com/images/giao-vien/hoc-sinh-giao-vien-5.webp
hoc-sinh-giao-vien-6.webp,Giáo viên,WebP,1200x800,89.0 KB,https://media.truongvietanh.com/images/giao-vien/hoc-sinh-giao-vien-6.webp
hoc-sinh-giao-vien-7.webp,Giáo viên,WebP,1200x800,87.4 KB,https://media.truongvietanh.com/images/giao-vien/hoc-sinh-giao-vien-7.webp
hoc-sinh-giao-vien-8.webp,Giáo viên,WebP,1200x801,271.1 KB,https://media.truongvietanh.com/images/giao-vien/hoc-sinh-giao-vien-8.webp
hoc-sinh-giao-vien-9.webp,Giáo viên,WebP,1200x800,62.1 KB,https://media.truongvietanh.com/images/giao-vien/hoc-sinh-giao-vien-9.webp
hoc-sinh-va-co-giao-1.webp,Giáo viên,WebP,1200x801,114.9 KB,https://media.truongvietanh.com/images/giao-vien/hoc-sinh-va-co-giao-1.webp
hoc-sinh-va-co-giao-2.webp,Giáo viên,WebP,1200x800,117.4 KB,https://media.truongvietanh.com/images/giao-vien/hoc-sinh-va-co-giao-2.webp
hoc-sinh-va-co-giao-3.webp,Giáo viên,WebP,1200x801,87.7 KB,https://media.truongvietanh.com/images/giao-vien/hoc-sinh-va-co-giao-3.webp
hoc-theo-du-an.webp,Giáo viên,WebP,1200x800,96.7 KB,https://media.truongvietanh.com/images/giao-vien/hoc-theo-du-an.webp
img-3850.webp,Giáo viên,WebP,1200x800,70.2 KB,https://media.truongvietanh.com/images/giao-vien/img-3850.webp
lay-hoc-sinh-lam-trung-tam.webp,Giáo viên,WebP,1200x800,99.1 KB,https://media.truongvietanh.com/images/giao-vien/lay-hoc-sinh-lam-trung-tam.webp
lop-hoc-dao-nguoc.webp,Giáo viên,WebP,1200x800,95.5 KB,https://media.truongvietanh.com/images/giao-vien/lop-hoc-dao-nguoc.webp
nhieu-trinh-do.webp,Giáo viên,WebP,1200x800,121.4 KB,https://media.truongvietanh.com/images/giao-vien/nhieu-trinh-do.webp
vietanh00987.webp,Giáo viên,WebP,1200x741,97.7 KB,https://media.truongvietanh.com/images/giao-vien/vietanh00987.webp
vietanh01013.webp,Giáo viên,WebP,1200x907,116.5 KB,https://media.truongvietanh.com/images/giao-vien/vietanh01013.webp
vietanh01044.webp,Giáo viên,WebP,1200x776,70.5 KB,https://media.truongvietanh.com/images/giao-vien/vietanh01044.webp
chuong-trinh-tlim-the-leader-in-me-tai-truong-viet-anh-fix.mp4,Giáo viên,MP4,,38.3 MB,https://media.truongvietanh.com/videos/giao-vien/chuong-trinh-tlim-the-leader-in-me-tai-truong-viet-anh-fix.mp4
full-truong-thanh-10-nam-nua-ban-se-la-ai.mp4,Giáo viên,MP4,1280x720,229.5 MB,https://media.truongvietanh.com/videos/giao-vien/full-truong-thanh-10-nam-nua-ban-se-la-ai.mp4
tlim-tieu-hoc.mp4,Giáo viên,MP4,1280x720,67.2 MB,https://media.truongvietanh.com/videos/giao-vien/tlim-tieu-hoc.mp4
cdhp-1-09435.webp,Phụ huynh,WebP,1200x800,52.0 KB,https://media.truongvietanh.com/images/phu-huynh/cdhp-1-09435.webp
cdhp-1-09576.webp,Phụ huynh,WebP,1200x800,74.0 KB,https://media.truongvietanh.com/images/phu-huynh/cdhp-1-09576.webp
cdhp-2-09540.webp,Phụ huynh,WebP,1200x800,100.3 KB,https://media.truongvietanh.com/images/phu-huynh/cdhp-2-09540.webp
cdhp-2-09640.webp,Phụ huynh,WebP,1200x801,83.2 KB,https://media.truongvietanh.com/images/phu-huynh/cdhp-2-09640.webp
dsc07320.webp,Phụ huynh,WebP,1200x800,88.7 KB,https://media.truongvietanh.com/images/phu-huynh/dsc07320.webp
dsc07431.webp,Phụ huynh,WebP,1200x800,109.8 KB,https://media.truongvietanh.com/images/phu-huynh/dsc07431.webp
dsc07453.webp,Phụ huynh,WebP,1200x800,126.8 KB,https://media.truongvietanh.com/images/phu-huynh/dsc07453.webp
dsc08617.webp,Phụ huynh,WebP,1200x801,252.6 KB,https://media.truongvietanh.com/images/phu-huynh/dsc08617.webp
hoc-sinh-va-phu-huynh-1.webp,Phụ huynh,WebP,1200x800,72.8 KB,https://media.truongvietanh.com/images/phu-huynh/hoc-sinh-va-phu-huynh-1.webp
hoc-sinh-va-phu-huynh-10.webp,Phụ huynh,WebP,1200x800,162.8 KB,https://media.truongvietanh.com/images/phu-huynh/hoc-sinh-va-phu-huynh-10.webp
hoc-sinh-va-phu-huynh-11.webp,Phụ huynh,WebP,1200x801,106.4 KB,https://media.truongvietanh.com/images/phu-huynh/hoc-sinh-va-phu-huynh-11.webp
hoc-sinh-va-phu-huynh-12.webp,Phụ huynh,WebP,1200x801,107.6 KB,https://media.truongvietanh.com/images/phu-huynh/hoc-sinh-va-phu-huynh-12.webp
hoc-sinh-va-phu-huynh-14.webp,Phụ huynh,WebP,1200x800,93.6 KB,https://media.truongvietanh.com/images/phu-huynh/hoc-sinh-va-phu-huynh-14.webp
hoc-sinh-va-phu-huynh-15.webp,Phụ huynh,WebP,1200x801,104.5 KB,https://media.truongvietanh.com/images/phu-huynh/hoc-sinh-va-phu-huynh-15.webp
hoc-sinh-va-phu-huynh-16.webp,Phụ huynh,WebP,1200x1800,178.4 KB,https://media.truongvietanh.com/images/phu-huynh/hoc-sinh-va-phu-huynh-16.webp
hoc-sinh-va-phu-huynh-17.webp,Phụ huynh,WebP,1200x800,104.7 KB,https://media.truongvietanh.com/images/phu-huynh/hoc-sinh-va-phu-huynh-17.webp
hoc-sinh-va-phu-huynh-18.webp,Phụ huynh,WebP,1200x800,102.4 KB,https://media.truongvietanh.com/images/phu-huynh/hoc-sinh-va-phu-huynh-18.webp
hoc-sinh-va-phu-huynh-19.webp,Phụ huynh,WebP,1200x1800,157.3 KB,https://media.truongvietanh.com/images/phu-huynh/hoc-sinh-va-phu-huynh-19.webp
hoc-sinh-va-phu-huynh-2.webp,Phụ huynh,WebP,1200x801,114.6 KB,https://media.truongvietanh.com/images/phu-huynh/hoc-sinh-va-phu-huynh-2.webp
hoc-sinh-va-phu-huynh-20.webp,Phụ huynh,WebP,1200x801,110.6 KB,https://media.truongvietanh.com/images/phu-huynh/hoc-sinh-va-phu-huynh-20.webp
hoc-sinh-va-phu-huynh-21.webp,Phụ huynh,WebP,1200x800,116.8 KB,https://media.truongvietanh.com/images/phu-huynh/hoc-sinh-va-phu-huynh-21.webp
hoc-sinh-va-phu-huynh-22.webp,Phụ huynh,WebP,1200x800,102.5 KB,https://media.truongvietanh.com/images/phu-huynh/hoc-sinh-va-phu-huynh-22.webp
hoc-sinh-va-phu-huynh-23.webp,Phụ huynh,WebP,1200x800,119.2 KB,https://media.truongvietanh.com/images/phu-huynh/hoc-sinh-va-phu-huynh-23.webp
hoc-sinh-va-phu-huynh-24.webp,Phụ huynh,WebP,1200x800,104.6 KB,https://media.truongvietanh.com/images/phu-huynh/hoc-sinh-va-phu-huynh-24.webp
hoc-sinh-va-phu-huynh-25.webp,Phụ huynh,WebP,1200x800,140.7 KB,https://media.truongvietanh.com/images/phu-huynh/hoc-sinh-va-phu-huynh-25.webp
hoc-sinh-va-phu-huynh-26.webp,Phụ huynh,WebP,1200x800,88.9 KB,https://media.truongvietanh.com/images/phu-huynh/hoc-sinh-va-phu-huynh-26.webp
hoc-sinh-va-phu-huynh-27.webp,Phụ huynh,WebP,1200x801,122.3 KB,https://media.truongvietanh.com/images/phu-huynh/hoc-sinh-va-phu-huynh-27.webp
hoc-sinh-va-phu-huynh-28.webp,Phụ huynh,WebP,1200x800,80.5 KB,https://media.truongvietanh.com/images/phu-huynh/hoc-sinh-va-phu-huynh-28.webp
hoc-sinh-va-phu-huynh-29.webp,Phụ huynh,WebP,1200x800,83.6 KB,https://media.truongvietanh.com/images/phu-huynh/hoc-sinh-va-phu-huynh-29.webp
hoc-sinh-va-phu-huynh-3.webp,Phụ huynh,WebP,1200x801,57.8 KB,https://media.truongvietanh.com/images/phu-huynh/hoc-sinh-va-phu-huynh-3.webp
hoc-sinh-va-phu-huynh-30.webp,Phụ huynh,WebP,1200x800,94.6 KB,https://media.truongvietanh.com/images/phu-huynh/hoc-sinh-va-phu-huynh-30.webp
hoc-sinh-va-phu-huynh-31.webp,Phụ huynh,WebP,1200x800,83.3 KB,https://media.truongvietanh.com/images/phu-huynh/hoc-sinh-va-phu-huynh-31.webp
hoc-sinh-va-phu-huynh-32.webp,Phụ huynh,WebP,1200x800,107.8 KB,https://media.truongvietanh.com/images/phu-huynh/hoc-sinh-va-phu-huynh-32.webp
hoc-sinh-va-phu-huynh-4.webp,Phụ huynh,WebP,1200x801,107.5 KB,https://media.truongvietanh.com/images/phu-huynh/hoc-sinh-va-phu-huynh-4.webp
hoc-sinh-va-phu-huynh-5.webp,Phụ huynh,WebP,1200x801,113.0 KB,https://media.truongvietanh.com/images/phu-huynh/hoc-sinh-va-phu-huynh-5.webp
hoc-sinh-va-phu-huynh-6.webp,Phụ huynh,WebP,1200x801,88.9 KB,https://media.truongvietanh.com/images/phu-huynh/hoc-sinh-va-phu-huynh-6.webp
hoc-sinh-va-phu-huynh-7.webp,Phụ huynh,WebP,1200x801,111.7 KB,https://media.truongvietanh.com/images/phu-huynh/hoc-sinh-va-phu-huynh-7.webp
hoc-sinh-va-phu-huynh-8.webp,Phụ huynh,WebP,1200x800,75.4 KB,https://media.truongvietanh.com/images/phu-huynh/hoc-sinh-va-phu-huynh-8.webp
hoc-sinh-va-phu-huynh-9.webp,Phụ huynh,WebP,1200x801,113.4 KB,https://media.truongvietanh.com/images/phu-huynh/hoc-sinh-va-phu-huynh-9.webp
hoc-sinh-va-phu-huynh-tai-buoi-hop-phu-huynh-1.webp,Phụ huynh,WebP,1200x800,72.9 KB,https://media.truongvietanh.com/images/phu-huynh/hoc-sinh-va-phu-huynh-tai-buoi-hop-phu-huynh-1.webp
hoc-sinh-va-phu-huynh-tai-buoi-hop-phu-huynh-10.webp,Phụ huynh,WebP,1200x800,115.0 KB,https://media.truongvietanh.com/images/phu-huynh/hoc-sinh-va-phu-huynh-tai-buoi-hop-phu-huynh-10.webp
hoc-sinh-va-phu-huynh-tai-buoi-hop-phu-huynh-2.webp,Phụ huynh,WebP,1200x800,85.6 KB,https://media.truongvietanh.com/images/phu-huynh/hoc-sinh-va-phu-huynh-tai-buoi-hop-phu-huynh-2.webp
hoc-sinh-va-phu-huynh-tai-buoi-hop-phu-huynh-3.webp,Phụ huynh,WebP,1200x800,75.4 KB,https://media.truongvietanh.com/images/phu-huynh/hoc-sinh-va-phu-huynh-tai-buoi-hop-phu-huynh-3.webp
hoc-sinh-va-phu-huynh-tai-buoi-hop-phu-huynh-4.webp,Phụ huynh,WebP,1200x801,109.8 KB,https://media.truongvietanh.com/images/phu-huynh/hoc-sinh-va-phu-huynh-tai-buoi-hop-phu-huynh-4.webp
hoc-sinh-va-phu-huynh-tai-buoi-hop-phu-huynh-5.webp,Phụ huynh,WebP,1200x801,94.9 KB,https://media.truongvietanh.com/images/phu-huynh/hoc-sinh-va-phu-huynh-tai-buoi-hop-phu-huynh-5.webp
hoc-sinh-va-phu-huynh-tai-buoi-hop-phu-huynh-6.webp,Phụ huynh,WebP,1200x801,94.9 KB,https://media.truongvietanh.com/images/phu-huynh/hoc-sinh-va-phu-huynh-tai-buoi-hop-phu-huynh-6.webp
hoc-sinh-va-phu-huynh-tai-buoi-hop-phu-huynh-7.webp,Phụ huynh,WebP,1200x800,87.0 KB,https://media.truongvietanh.com/images/phu-huynh/hoc-sinh-va-phu-huynh-tai-buoi-hop-phu-huynh-7.webp
hoc-sinh-va-phu-huynh-tai-buoi-hop-phu-huynh-8.webp,Phụ huynh,WebP,1200x800,122.3 KB,https://media.truongvietanh.com/images/phu-huynh/hoc-sinh-va-phu-huynh-tai-buoi-hop-phu-huynh-8.webp
hoc-sinh-va-phu-huynh-tai-buoi-hop-phu-huynh-9.webp,Phụ huynh,WebP,1200x800,129.5 KB,https://media.truongvietanh.com/images/phu-huynh/hoc-sinh-va-phu-huynh-tai-buoi-hop-phu-huynh-9.webp
hoc-sinh-va-phu-huynh-tham-du-hoi-xuan-viet-anh-1.webp,Phụ huynh,WebP,1200x2133,363.2 KB,https://media.truongvietanh.com/images/phu-huynh/hoc-sinh-va-phu-huynh-tham-du-hoi-xuan-viet-anh-1.webp
hoc-sinh-va-phu-huynh-tham-du-hoi-xuan-viet-anh-10.webp,Phụ huynh,WebP,1200x676,68.8 KB,https://media.truongvietanh.com/images/phu-huynh/hoc-sinh-va-phu-huynh-tham-du-hoi-xuan-viet-anh-10.webp
hoc-sinh-va-phu-huynh-tham-du-hoi-xuan-viet-anh-11.webp,Phụ huynh,WebP,1200x676,61.8 KB,https://media.truongvietanh.com/images/phu-huynh/hoc-sinh-va-phu-huynh-tham-du-hoi-xuan-viet-anh-11.webp
hoc-sinh-va-phu-huynh-tham-du-hoi-xuan-viet-anh-12.webp,Phụ huynh,WebP,1200x676,68.1 KB,https://media.truongvietanh.com/images/phu-huynh/hoc-sinh-va-phu-huynh-tham-du-hoi-xuan-viet-anh-12.webp
hoc-sinh-va-phu-huynh-tham-du-hoi-xuan-viet-anh-13.webp,Phụ huynh,WebP,1200x676,64.0 KB,https://media.truongvietanh.com/images/phu-huynh/hoc-sinh-va-phu-huynh-tham-du-hoi-xuan-viet-anh-13.webp
hoc-sinh-va-phu-huynh-tham-du-hoi-xuan-viet-anh-14.webp,Phụ huynh,WebP,1200x676,84.1 KB,https://media.truongvietanh.com/images/phu-huynh/hoc-sinh-va-phu-huynh-tham-du-hoi-xuan-viet-anh-14.webp
hoc-sinh-va-phu-huynh-tham-du-hoi-xuan-viet-anh-2.webp,Phụ huynh,WebP,1200x1866,158.6 KB,https://media.truongvietanh.com/images/phu-huynh/hoc-sinh-va-phu-huynh-tham-du-hoi-xuan-viet-anh-2.webp
hoc-sinh-va-phu-huynh-tham-du-hoi-xuan-viet-anh-3.webp,Phụ huynh,WebP,1200x2133,329.4 KB,https://media.truongvietanh.com/images/phu-huynh/hoc-sinh-va-phu-huynh-tham-du-hoi-xuan-viet-anh-3.webp
hoc-sinh-va-phu-huynh-tham-du-hoi-xuan-viet-anh-4.webp,Phụ huynh,WebP,1200x676,90.7 KB,https://media.truongvietanh.com/images/phu-huynh/hoc-sinh-va-phu-huynh-tham-du-hoi-xuan-viet-anh-4.webp
hoc-sinh-va-phu-huynh-tham-du-hoi-xuan-viet-anh-5.webp,Phụ huynh,WebP,1200x2133,279.1 KB,https://media.truongvietanh.com/images/phu-huynh/hoc-sinh-va-phu-huynh-tham-du-hoi-xuan-viet-anh-5.webp
hoc-sinh-va-phu-huynh-tham-du-hoi-xuan-viet-anh-6.webp,Phụ huynh,WebP,1200x2133,264.5 KB,https://media.truongvietanh.com/images/phu-huynh/hoc-sinh-va-phu-huynh-tham-du-hoi-xuan-viet-anh-6.webp
hoc-sinh-va-phu-huynh-tham-du-hoi-xuan-viet-anh-7.webp,Phụ huynh,WebP,1200x2133,309.7 KB,https://media.truongvietanh.com/images/phu-huynh/hoc-sinh-va-phu-huynh-tham-du-hoi-xuan-viet-anh-7.webp
hoc-sinh-va-phu-huynh-tham-du-hoi-xuan-viet-anh-8.webp,Phụ huynh,WebP,1200x676,90.8 KB,https://media.truongvietanh.com/images/phu-huynh/hoc-sinh-va-phu-huynh-tham-du-hoi-xuan-viet-anh-8.webp
hoc-sinh-va-phu-huynh-tham-du-hoi-xuan-viet-anh-9.webp,Phụ huynh,WebP,1200x676,74.4 KB,https://media.truongvietanh.com/images/phu-huynh/hoc-sinh-va-phu-huynh-tham-du-hoi-xuan-viet-anh-9.webp
09032025-dsc00357.webp,Dã ngoại,WebP,1200x800,96.9 KB,https://media.truongvietanh.com/images/da-ngoai/09032025-dsc00357.webp
09032025-dsc00476.webp,Dã ngoại,WebP,1200x800,86.8 KB,https://media.truongvietanh.com/images/da-ngoai/09032025-dsc00476.webp
09032025-dsc00480.webp,Dã ngoại,WebP,1200x800,106.8 KB,https://media.truongvietanh.com/images/da-ngoai/09032025-dsc00480.webp
09032025-dsc00499.webp,Dã ngoại,WebP,1200x800,110.3 KB,https://media.truongvietanh.com/images/da-ngoai/09032025-dsc00499.webp
09032025-dsc00511.webp,Dã ngoại,WebP,1200x800,183.2 KB,https://media.truongvietanh.com/images/da-ngoai/09032025-dsc00511.webp
09032025-dsc00530.webp,Dã ngoại,WebP,1200x801,175.9 KB,https://media.truongvietanh.com/images/da-ngoai/09032025-dsc00530.webp
09032025-dsc00622.webp,Dã ngoại,WebP,1200x801,107.0 KB,https://media.truongvietanh.com/images/da-ngoai/09032025-dsc00622.webp
09032025-dsc00724.webp,Dã ngoại,WebP,1200x800,159.8 KB,https://media.truongvietanh.com/images/da-ngoai/09032025-dsc00724.webp
09032025-dsc00766.webp,Dã ngoại,WebP,1200x800,249.0 KB,https://media.truongvietanh.com/images/da-ngoai/09032025-dsc00766.webp
09032025-dsc00844.webp,Dã ngoại,WebP,1200x800,158.9 KB,https://media.truongvietanh.com/images/da-ngoai/09032025-dsc00844.webp
09032025-dsc00859.webp,Dã ngoại,WebP,1200x801,68.8 KB,https://media.truongvietanh.com/images/da-ngoai/09032025-dsc00859.webp
09032025-dsc00880.webp,Dã ngoại,WebP,1200x801,59.9 KB,https://media.truongvietanh.com/images/da-ngoai/09032025-dsc00880.webp
09032025-dsc00883.webp,Dã ngoại,WebP,1200x800,84.8 KB,https://media.truongvietanh.com/images/da-ngoai/09032025-dsc00883.webp
09032025-dsc00966.webp,Dã ngoại,WebP,1200x800,189.5 KB,https://media.truongvietanh.com/images/da-ngoai/09032025-dsc00966.webp
20250821-22-hon-bo-dap-07727.webp,Dã ngoại,WebP,1200x801,175.4 KB,https://media.truongvietanh.com/images/da-ngoai/20250821-22-hon-bo-dap-07727.webp
20250821-22-hon-bo-dap-07853.webp,Dã ngoại,WebP,1200x800,187.3 KB,https://media.truongvietanh.com/images/da-ngoai/20250821-22-hon-bo-dap-07853.webp
20250821-22-hon-bo-dap-07882.webp,Dã ngoại,WebP,1200x800,179.3 KB,https://media.truongvietanh.com/images/da-ngoai/20250821-22-hon-bo-dap-07882.webp
20250821-22-hon-bo-dap-07929.webp,Dã ngoại,WebP,1200x801,123.8 KB,https://media.truongvietanh.com/images/da-ngoai/20250821-22-hon-bo-dap-07929.webp
20250821-22-hon-bo-dap-07962.webp,Dã ngoại,WebP,1200x800,97.5 KB,https://media.truongvietanh.com/images/da-ngoai/20250821-22-hon-bo-dap-07962.webp
20250821-22-hon-bo-dap-flycam-04.webp,Dã ngoại,WebP,1200x800,193.9 KB,https://media.truongvietanh.com/images/da-ngoai/20250821-22-hon-bo-dap-flycam-04.webp
20250821-22-hon-bo-dap-flycam-06-2.webp,Dã ngoại,WebP,1200x800,176.8 KB,https://media.truongvietanh.com/images/da-ngoai/20250821-22-hon-bo-dap-flycam-06-2.webp
20250821-22-hon-bo-dap-flycam-06.webp,Dã ngoại,WebP,1200x800,306.9 KB,https://media.truongvietanh.com/images/da-ngoai/20250821-22-hon-bo-dap-flycam-06.webp
20250821-22-hon-bo-dap-flycam-45.webp,Dã ngoại,WebP,1200x800,214.1 KB,https://media.truongvietanh.com/images/da-ngoai/20250821-22-hon-bo-dap-flycam-45.webp
20250821-22-hon-bo-dap2-06104.webp,Dã ngoại,WebP,1200x800,199.1 KB,https://media.truongvietanh.com/images/da-ngoai/20250821-22-hon-bo-dap2-06104.webp
20250821-22-hon-bo-dap2-06166.webp,Dã ngoại,WebP,1200x800,114.9 KB,https://media.truongvietanh.com/images/da-ngoai/20250821-22-hon-bo-dap2-06166.webp
20250821-22-hon-bo-dap2-06194.webp,Dã ngoại,WebP,1200x800,53.7 KB,https://media.truongvietanh.com/images/da-ngoai/20250821-22-hon-bo-dap2-06194.webp
20250821-22-hon-bo-dap2-07097.webp,Dã ngoại,WebP,1200x800,127.5 KB,https://media.truongvietanh.com/images/da-ngoai/20250821-22-hon-bo-dap2-07097.webp
20250821-22-hon-bo-dap3-08496.webp,Dã ngoại,WebP,1200x800,89.8 KB,https://media.truongvietanh.com/images/da-ngoai/20250821-22-hon-bo-dap3-08496.webp
hoc-sinh-di-da-ngoai-1.webp,Dã ngoại,WebP,1200x800,176.1 KB,https://media.truongvietanh.com/images/da-ngoai/hoc-sinh-di-da-ngoai-1.webp
hoc-sinh-di-da-ngoai-10.webp,Dã ngoại,WebP,1200x800,206.0 KB,https://media.truongvietanh.com/images/da-ngoai/hoc-sinh-di-da-ngoai-10.webp
hoc-sinh-di-da-ngoai-100.webp,Dã ngoại,WebP,1200x1800,139.8 KB,https://media.truongvietanh.com/images/da-ngoai/hoc-sinh-di-da-ngoai-100.webp
hoc-sinh-di-da-ngoai-101.webp,Dã ngoại,WebP,1200x1800,129.9 KB,https://media.truongvietanh.com/images/da-ngoai/hoc-sinh-di-da-ngoai-101.webp
hoc-sinh-di-da-ngoai-102.webp,Dã ngoại,WebP,1200x800,124.4 KB,https://media.truongvietanh.com/images/da-ngoai/hoc-sinh-di-da-ngoai-102.webp
hoc-sinh-di-da-ngoai-103.webp,Dã ngoại,WebP,1200x800,66.6 KB,https://media.truongvietanh.com/images/da-ngoai/hoc-sinh-di-da-ngoai-103.webp
hoc-sinh-di-da-ngoai-104.webp,Dã ngoại,WebP,1200x800,74.2 KB,https://media.truongvietanh.com/images/da-ngoai/hoc-sinh-di-da-ngoai-104.webp
hoc-sinh-di-da-ngoai-105.webp,Dã ngoại,WebP,1200x800,73.5 KB,https://media.truongvietanh.com/images/da-ngoai/hoc-sinh-di-da-ngoai-105.webp
hoc-sinh-di-da-ngoai-106.webp,Dã ngoại,WebP,1200x800,102.7 KB,https://media.truongvietanh.com/images/da-ngoai/hoc-sinh-di-da-ngoai-106.webp
hoc-sinh-di-da-ngoai-107.webp,Dã ngoại,WebP,1200x801,110.8 KB,https://media.truongvietanh.com/images/da-ngoai/hoc-sinh-di-da-ngoai-107.webp
hoc-sinh-di-da-ngoai-108.webp,Dã ngoại,WebP,1200x800,119.3 KB,https://media.truongvietanh.com/images/da-ngoai/hoc-sinh-di-da-ngoai-108.webp
hoc-sinh-di-da-ngoai-109.webp,Dã ngoại,WebP,1200x800,67.3 KB,https://media.truongvietanh.com/images/da-ngoai/hoc-sinh-di-da-ngoai-109.webp
hoc-sinh-di-da-ngoai-11.webp,Dã ngoại,WebP,1200x800,95.9 KB,https://media.truongvietanh.com/images/da-ngoai/hoc-sinh-di-da-ngoai-11.webp
hoc-sinh-di-da-ngoai-110.webp,Dã ngoại,WebP,1200x800,91.7 KB,https://media.truongvietanh.com/images/da-ngoai/hoc-sinh-di-da-ngoai-110.webp
hoc-sinh-di-da-ngoai-111.webp,Dã ngoại,WebP,1200x800,90.3 KB,https://media.truongvietanh.com/images/da-ngoai/hoc-sinh-di-da-ngoai-111.webp
hoc-sinh-di-da-ngoai-112.webp,Dã ngoại,WebP,1200x800,127.2 KB,https://media.truongvietanh.com/images/da-ngoai/hoc-sinh-di-da-ngoai-112.webp
hoc-sinh-di-da-ngoai-113.webp,Dã ngoại,WebP,1200x800,144.2 KB,https://media.truongvietanh.com/images/da-ngoai/hoc-sinh-di-da-ngoai-113.webp
hoc-sinh-di-da-ngoai-114.webp,Dã ngoại,WebP,1200x800,139.1 KB,https://media.truongvietanh.com/images/da-ngoai/hoc-sinh-di-da-ngoai-114.webp
hoc-sinh-di-da-ngoai-115.webp,Dã ngoại,WebP,1200x800,82.4 KB,https://media.truongvietanh.com/images/da-ngoai/hoc-sinh-di-da-ngoai-115.webp
hoc-sinh-di-da-ngoai-12.webp,Dã ngoại,WebP,1200x801,144.1 KB,https://media.truongvietanh.com/images/da-ngoai/hoc-sinh-di-da-ngoai-12.webp
hoc-sinh-di-da-ngoai-13.webp,Dã ngoại,WebP,1200x800,131.8 KB,https://media.truongvietanh.com/images/da-ngoai/hoc-sinh-di-da-ngoai-13.webp
hoc-sinh-di-da-ngoai-14.webp,Dã ngoại,WebP,1200x800,148.3 KB,https://media.truongvietanh.com/images/da-ngoai/hoc-sinh-di-da-ngoai-14.webp
hoc-sinh-di-da-ngoai-15.webp,Dã ngoại,WebP,1200x800,177.2 KB,https://media.truongvietanh.com/images/da-ngoai/hoc-sinh-di-da-ngoai-15.webp
hoc-sinh-di-da-ngoai-16.webp,Dã ngoại,WebP,1200x800,103.8 KB,https://media.truongvietanh.com/images/da-ngoai/hoc-sinh-di-da-ngoai-16.webp
hoc-sinh-di-da-ngoai-17.webp,Dã ngoại,WebP,1200x800,218.3 KB,https://media.truongvietanh.com/images/da-ngoai/hoc-sinh-di-da-ngoai-17.webp
hoc-sinh-di-da-ngoai-18.webp,Dã ngoại,WebP,1200x800,107.2 KB,https://media.truongvietanh.com/images/da-ngoai/hoc-sinh-di-da-ngoai-18.webp
hoc-sinh-di-da-ngoai-19.webp,Dã ngoại,WebP,1200x800,194.7 KB,https://media.truongvietanh.com/images/da-ngoai/hoc-sinh-di-da-ngoai-19.webp
hoc-sinh-di-da-ngoai-2.webp,Dã ngoại,WebP,1200x801,124.8 KB,https://media.truongvietanh.com/images/da-ngoai/hoc-sinh-di-da-ngoai-2.webp
hoc-sinh-di-da-ngoai-20.webp,Dã ngoại,WebP,1200x800,143.4 KB,https://media.truongvietanh.com/images/da-ngoai/hoc-sinh-di-da-ngoai-20.webp
hoc-sinh-di-da-ngoai-21.webp,Dã ngoại,WebP,1200x800,163.6 KB,https://media.truongvietanh.com/images/da-ngoai/hoc-sinh-di-da-ngoai-21.webp
hoc-sinh-di-da-ngoai-22.webp,Dã ngoại,WebP,1200x800,209.2 KB,https://media.truongvietanh.com/images/da-ngoai/hoc-sinh-di-da-ngoai-22.webp
hoc-sinh-di-da-ngoai-23.webp,Dã ngoại,WebP,1200x800,153.9 KB,https://media.truongvietanh.com/images/da-ngoai/hoc-sinh-di-da-ngoai-23.webp
hoc-sinh-di-da-ngoai-24.webp,Dã ngoại,WebP,1200x800,183.5 KB,https://media.truongvietanh.com/images/da-ngoai/hoc-sinh-di-da-ngoai-24.webp
hoc-sinh-di-da-ngoai-25.webp,Dã ngoại,WebP,1200x800,181.5 KB,https://media.truongvietanh.com/images/da-ngoai/hoc-sinh-di-da-ngoai-25.webp
hoc-sinh-di-da-ngoai-26.webp,Dã ngoại,WebP,1200x800,197.8 KB,https://media.truongvietanh.com/images/da-ngoai/hoc-sinh-di-da-ngoai-26.webp
hoc-sinh-di-da-ngoai-27.webp,Dã ngoại,WebP,1200x801,179.6 KB,https://media.truongvietanh.com/images/da-ngoai/hoc-sinh-di-da-ngoai-27.webp
hoc-sinh-di-da-ngoai-28.webp,Dã ngoại,WebP,1200x800,118.7 KB,https://media.truongvietanh.com/images/da-ngoai/hoc-sinh-di-da-ngoai-28.webp
hoc-sinh-di-da-ngoai-29.webp,Dã ngoại,WebP,1200x800,168.3 KB,https://media.truongvietanh.com/images/da-ngoai/hoc-sinh-di-da-ngoai-29.webp
hoc-sinh-di-da-ngoai-3.webp,Dã ngoại,WebP,1200x1800,170.4 KB,https://media.truongvietanh.com/images/da-ngoai/hoc-sinh-di-da-ngoai-3.webp
hoc-sinh-di-da-ngoai-30.webp,Dã ngoại,WebP,1200x800,141.8 KB,https://media.truongvietanh.com/images/da-ngoai/hoc-sinh-di-da-ngoai-30.webp
hoc-sinh-di-da-ngoai-31.webp,Dã ngoại,WebP,1200x800,173.6 KB,https://media.truongvietanh.com/images/da-ngoai/hoc-sinh-di-da-ngoai-31.webp
hoc-sinh-di-da-ngoai-32.webp,Dã ngoại,WebP,1200x801,172.6 KB,https://media.truongvietanh.com/images/da-ngoai/hoc-sinh-di-da-ngoai-32.webp
hoc-sinh-di-da-ngoai-33.webp,Dã ngoại,WebP,1200x800,155.4 KB,https://media.truongvietanh.com/images/da-ngoai/hoc-sinh-di-da-ngoai-33.webp
hoc-sinh-di-da-ngoai-34.webp,Dã ngoại,WebP,1200x801,151.5 KB,https://media.truongvietanh.com/images/da-ngoai/hoc-sinh-di-da-ngoai-34.webp
hoc-sinh-di-da-ngoai-35.webp,Dã ngoại,WebP,1200x800,164.5 KB,https://media.truongvietanh.com/images/da-ngoai/hoc-sinh-di-da-ngoai-35.webp
hoc-sinh-di-da-ngoai-36.webp,Dã ngoại,WebP,1200x801,206.4 KB,https://media.truongvietanh.com/images/da-ngoai/hoc-sinh-di-da-ngoai-36.webp
hoc-sinh-di-da-ngoai-37.webp,Dã ngoại,WebP,1200x801,83.5 KB,https://media.truongvietanh.com/images/da-ngoai/hoc-sinh-di-da-ngoai-37.webp
hoc-sinh-di-da-ngoai-38.webp,Dã ngoại,WebP,1200x801,108.3 KB,https://media.truongvietanh.com/images/da-ngoai/hoc-sinh-di-da-ngoai-38.webp
hoc-sinh-di-da-ngoai-39.webp,Dã ngoại,WebP,1200x801,157.7 KB,https://media.truongvietanh.com/images/da-ngoai/hoc-sinh-di-da-ngoai-39.webp
hoc-sinh-di-da-ngoai-4.webp,Dã ngoại,WebP,1200x1800,484.1 KB,https://media.truongvietanh.com/images/da-ngoai/hoc-sinh-di-da-ngoai-4.webp
hoc-sinh-di-da-ngoai-40.webp,Dã ngoại,WebP,1200x800,127.5 KB,https://media.truongvietanh.com/images/da-ngoai/hoc-sinh-di-da-ngoai-40.webp
hoc-sinh-di-da-ngoai-41.webp,Dã ngoại,WebP,1200x800,249.4 KB,https://media.truongvietanh.com/images/da-ngoai/hoc-sinh-di-da-ngoai-41.webp
hoc-sinh-di-da-ngoai-42.webp,Dã ngoại,WebP,1200x800,205.7 KB,https://media.truongvietanh.com/images/da-ngoai/hoc-sinh-di-da-ngoai-42.webp
hoc-sinh-di-da-ngoai-43.webp,Dã ngoại,WebP,1200x800,125.5 KB,https://media.truongvietanh.com/images/da-ngoai/hoc-sinh-di-da-ngoai-43.webp
hoc-sinh-di-da-ngoai-44.webp,Dã ngoại,WebP,1200x800,108.1 KB,https://media.truongvietanh.com/images/da-ngoai/hoc-sinh-di-da-ngoai-44.webp
hoc-sinh-di-da-ngoai-45.webp,Dã ngoại,WebP,1200x800,90.8 KB,https://media.truongvietanh.com/images/da-ngoai/hoc-sinh-di-da-ngoai-45.webp
hoc-sinh-di-da-ngoai-46.webp,Dã ngoại,WebP,1200x721,103.4 KB,https://media.truongvietanh.com/images/da-ngoai/hoc-sinh-di-da-ngoai-46.webp
hoc-sinh-di-da-ngoai-47.webp,Dã ngoại,WebP,1200x900,216.3 KB,https://media.truongvietanh.com/images/da-ngoai/hoc-sinh-di-da-ngoai-47.webp
hoc-sinh-di-da-ngoai-48.webp,Dã ngoại,WebP,1200x900,76.7 KB,https://media.truongvietanh.com/images/da-ngoai/hoc-sinh-di-da-ngoai-48.webp
hoc-sinh-di-da-ngoai-49.webp,Dã ngoại,WebP,1200x901,175.7 KB,https://media.truongvietanh.com/images/da-ngoai/hoc-sinh-di-da-ngoai-49.webp
hoc-sinh-di-da-ngoai-5.webp,Dã ngoại,WebP,1200x800,133.8 KB,https://media.truongvietanh.com/images/da-ngoai/hoc-sinh-di-da-ngoai-5.webp
hoc-sinh-di-da-ngoai-50.webp,Dã ngoại,WebP,1200x900,229.6 KB,https://media.truongvietanh.com/images/da-ngoai/hoc-sinh-di-da-ngoai-50.webp
hoc-sinh-di-da-ngoai-51.webp,Dã ngoại,WebP,1200x1600,262.9 KB,https://media.truongvietanh.com/images/da-ngoai/hoc-sinh-di-da-ngoai-51.webp
hoc-sinh-di-da-ngoai-52.webp,Dã ngoại,WebP,1200x900,155.8 KB,https://media.truongvietanh.com/images/da-ngoai/hoc-sinh-di-da-ngoai-52.webp
hoc-sinh-di-da-ngoai-53.webp,Dã ngoại,WebP,1200x1600,167.4 KB,https://media.truongvietanh.com/images/da-ngoai/hoc-sinh-di-da-ngoai-53.webp
hoc-sinh-di-da-ngoai-54.webp,Dã ngoại,WebP,1200x1600,167.4 KB,https://media.truongvietanh.com/images/da-ngoai/hoc-sinh-di-da-ngoai-54.webp
hoc-sinh-di-da-ngoai-55.webp,Dã ngoại,WebP,1200x1601,171.6 KB,https://media.truongvietanh.com/images/da-ngoai/hoc-sinh-di-da-ngoai-55.webp
hoc-sinh-di-da-ngoai-56.webp,Dã ngoại,WebP,1200x900,200.0 KB,https://media.truongvietanh.com/images/da-ngoai/hoc-sinh-di-da-ngoai-56.webp
hoc-sinh-di-da-ngoai-57.webp,Dã ngoại,WebP,1200x900,243.6 KB,https://media.truongvietanh.com/images/da-ngoai/hoc-sinh-di-da-ngoai-57.webp
hoc-sinh-di-da-ngoai-58.webp,Dã ngoại,WebP,1200x900,275.4 KB,https://media.truongvietanh.com/images/da-ngoai/hoc-sinh-di-da-ngoai-58.webp
hoc-sinh-di-da-ngoai-59.webp,Dã ngoại,WebP,1200x900,233.7 KB,https://media.truongvietanh.com/images/da-ngoai/hoc-sinh-di-da-ngoai-59.webp
hoc-sinh-di-da-ngoai-6.webp,Dã ngoại,WebP,1200x800,146.8 KB,https://media.truongvietanh.com/images/da-ngoai/hoc-sinh-di-da-ngoai-6.webp
hoc-sinh-di-da-ngoai-60.webp,Dã ngoại,WebP,1200x900,172.4 KB,https://media.truongvietanh.com/images/da-ngoai/hoc-sinh-di-da-ngoai-60.webp
hoc-sinh-di-da-ngoai-61.webp,Dã ngoại,WebP,1200x1600,202.2 KB,https://media.truongvietanh.com/images/da-ngoai/hoc-sinh-di-da-ngoai-61.webp
hoc-sinh-di-da-ngoai-62.webp,Dã ngoại,WebP,1200x1200,486.0 KB,https://media.truongvietanh.com/images/da-ngoai/hoc-sinh-di-da-ngoai-62.webp
hoc-sinh-di-da-ngoai-63.webp,Dã ngoại,WebP,1200x1600,255.0 KB,https://media.truongvietanh.com/images/da-ngoai/hoc-sinh-di-da-ngoai-63.webp
hoc-sinh-di-da-ngoai-64.webp,Dã ngoại,WebP,1200x900,223.2 KB,https://media.truongvietanh.com/images/da-ngoai/hoc-sinh-di-da-ngoai-64.webp
hoc-sinh-di-da-ngoai-65.webp,Dã ngoại,WebP,1200x900,166.2 KB,https://media.truongvietanh.com/images/da-ngoai/hoc-sinh-di-da-ngoai-65.webp
hoc-sinh-di-da-ngoai-66.webp,Dã ngoại,WebP,1200x900,214.4 KB,https://media.truongvietanh.com/images/da-ngoai/hoc-sinh-di-da-ngoai-66.webp
hoc-sinh-di-da-ngoai-67.webp,Dã ngoại,WebP,1200x800,93.0 KB,https://media.truongvietanh.com/images/da-ngoai/hoc-sinh-di-da-ngoai-67.webp
hoc-sinh-di-da-ngoai-68.webp,Dã ngoại,WebP,1200x800,101.0 KB,https://media.truongvietanh.com/images/da-ngoai/hoc-sinh-di-da-ngoai-68.webp
hoc-sinh-di-da-ngoai-69.webp,Dã ngoại,WebP,1200x1601,346.0 KB,https://media.truongvietanh.com/images/da-ngoai/hoc-sinh-di-da-ngoai-69.webp
hoc-sinh-di-da-ngoai-7.webp,Dã ngoại,WebP,1200x801,180.5 KB,https://media.truongvietanh.com/images/da-ngoai/hoc-sinh-di-da-ngoai-7.webp
hoc-sinh-di-da-ngoai-70.webp,Dã ngoại,WebP,1200x573,220.8 KB,https://media.truongvietanh.com/images/da-ngoai/hoc-sinh-di-da-ngoai-70.webp
hoc-sinh-di-da-ngoai-71.webp,Dã ngoại,WebP,1200x901,371.4 KB,https://media.truongvietanh.com/images/da-ngoai/hoc-sinh-di-da-ngoai-71.webp
hoc-sinh-di-da-ngoai-72.webp,Dã ngoại,WebP,1200x800,250.8 KB,https://media.truongvietanh.com/images/da-ngoai/hoc-sinh-di-da-ngoai-72.webp
hoc-sinh-di-da-ngoai-73.webp,Dã ngoại,WebP,1200x1800,440.8 KB,https://media.truongvietanh.com/images/da-ngoai/hoc-sinh-di-da-ngoai-73.webp
hoc-sinh-di-da-ngoai-74.webp,Dã ngoại,WebP,1200x800,89.2 KB,https://media.truongvietanh.com/images/da-ngoai/hoc-sinh-di-da-ngoai-74.webp
hoc-sinh-di-da-ngoai-75.webp,Dã ngoại,WebP,1200x1801,613.7 KB,https://media.truongvietanh.com/images/da-ngoai/hoc-sinh-di-da-ngoai-75.webp
hoc-sinh-di-da-ngoai-76.webp,Dã ngoại,WebP,1200x800,154.2 KB,https://media.truongvietanh.com/images/da-ngoai/hoc-sinh-di-da-ngoai-76.webp
hoc-sinh-di-da-ngoai-77.webp,Dã ngoại,WebP,1200x1800,459.4 KB,https://media.truongvietanh.com/images/da-ngoai/hoc-sinh-di-da-ngoai-77.webp
hoc-sinh-di-da-ngoai-78.webp,Dã ngoại,WebP,1200x800,135.5 KB,https://media.truongvietanh.com/images/da-ngoai/hoc-sinh-di-da-ngoai-78.webp
hoc-sinh-di-da-ngoai-79.webp,Dã ngoại,WebP,1200x1800,273.1 KB,https://media.truongvietanh.com/images/da-ngoai/hoc-sinh-di-da-ngoai-79.webp
hoc-sinh-di-da-ngoai-8.webp,Dã ngoại,WebP,1200x800,114.3 KB,https://media.truongvietanh.com/images/da-ngoai/hoc-sinh-di-da-ngoai-8.webp
hoc-sinh-di-da-ngoai-80.webp,Dã ngoại,WebP,1200x1800,276.3 KB,https://media.truongvietanh.com/images/da-ngoai/hoc-sinh-di-da-ngoai-80.webp
hoc-sinh-di-da-ngoai-81.webp,Dã ngoại,WebP,1200x1800,505.7 KB,https://media.truongvietanh.com/images/da-ngoai/hoc-sinh-di-da-ngoai-81.webp
hoc-sinh-di-da-ngoai-82.webp,Dã ngoại,WebP,1200x1801,206.4 KB,https://media.truongvietanh.com/images/da-ngoai/hoc-sinh-di-da-ngoai-82.webp
hoc-sinh-di-da-ngoai-83.webp,Dã ngoại,WebP,1200x800,207.6 KB,https://media.truongvietanh.com/images/da-ngoai/hoc-sinh-di-da-ngoai-83.webp
hoc-sinh-di-da-ngoai-84.webp,Dã ngoại,WebP,1200x800,327.7 KB,https://media.truongvietanh.com/images/da-ngoai/hoc-sinh-di-da-ngoai-84.webp
hoc-sinh-di-da-ngoai-85.webp,Dã ngoại,WebP,1200x800,327.7 KB,https://media.truongvietanh.com/images/da-ngoai/hoc-sinh-di-da-ngoai-85.webp
hoc-sinh-di-da-ngoai-86.webp,Dã ngoại,WebP,1200x800,215.4 KB,https://media.truongvietanh.com/images/da-ngoai/hoc-sinh-di-da-ngoai-86.webp
hoc-sinh-di-da-ngoai-87.webp,Dã ngoại,WebP,1200x800,262.0 KB,https://media.truongvietanh.com/images/da-ngoai/hoc-sinh-di-da-ngoai-87.webp
hoc-sinh-di-da-ngoai-88.webp,Dã ngoại,WebP,1200x800,323.0 KB,https://media.truongvietanh.com/images/da-ngoai/hoc-sinh-di-da-ngoai-88.webp
hoc-sinh-di-da-ngoai-89.webp,Dã ngoại,WebP,1200x900,291.1 KB,https://media.truongvietanh.com/images/da-ngoai/hoc-sinh-di-da-ngoai-89.webp
hoc-sinh-di-da-ngoai-9.webp,Dã ngoại,WebP,1200x1800,205.3 KB,https://media.truongvietanh.com/images/da-ngoai/hoc-sinh-di-da-ngoai-9.webp
hoc-sinh-di-da-ngoai-90.webp,Dã ngoại,WebP,1200x900,280.4 KB,https://media.truongvietanh.com/images/da-ngoai/hoc-sinh-di-da-ngoai-90.webp
hoc-sinh-di-da-ngoai-91.webp,Dã ngoại,WebP,1200x1601,474.9 KB,https://media.truongvietanh.com/images/da-ngoai/hoc-sinh-di-da-ngoai-91.webp
hoc-sinh-di-da-ngoai-92.webp,Dã ngoại,WebP,1200x1600,227.0 KB,https://media.truongvietanh.com/images/da-ngoai/hoc-sinh-di-da-ngoai-92.webp
hoc-sinh-di-da-ngoai-93.webp,Dã ngoại,WebP,1200x900,119.7 KB,https://media.truongvietanh.com/images/da-ngoai/hoc-sinh-di-da-ngoai-93.webp
hoc-sinh-di-da-ngoai-94.webp,Dã ngoại,WebP,1200x900,311.7 KB,https://media.truongvietanh.com/images/da-ngoai/hoc-sinh-di-da-ngoai-94.webp
hoc-sinh-di-da-ngoai-95.webp,Dã ngoại,WebP,1200x901,124.0 KB,https://media.truongvietanh.com/images/da-ngoai/hoc-sinh-di-da-ngoai-95.webp
hoc-sinh-di-da-ngoai-96.webp,Dã ngoại,WebP,1200x901,346.6 KB,https://media.truongvietanh.com/images/da-ngoai/hoc-sinh-di-da-ngoai-96.webp
hoc-sinh-di-da-ngoai-97.webp,Dã ngoại,WebP,1200x676,100.9 KB,https://media.truongvietanh.com/images/da-ngoai/hoc-sinh-di-da-ngoai-97.webp
hoc-sinh-di-da-ngoai-98.webp,Dã ngoại,WebP,1200x801,97.1 KB,https://media.truongvietanh.com/images/da-ngoai/hoc-sinh-di-da-ngoai-98.webp
hoc-sinh-di-da-ngoai-99.webp,Dã ngoại,WebP,1200x1600,320.8 KB,https://media.truongvietanh.com/images/da-ngoai/hoc-sinh-di-da-ngoai-99.webp
hoc-sinh-viet-anh-di-trai-nghiem-thuc-te-dong-nai-phan-thiet-1.webp,Dã ngoại,WebP,1200x900,311.7 KB,https://media.truongvietanh.com/images/da-ngoai/hoc-sinh-viet-anh-di-trai-nghiem-thuc-te-dong-nai-phan-thiet-1.webp
hoc-sinh-viet-anh-di-trai-nghiem-thuc-te-dong-nai-phan-thiet-10.webp,Dã ngoại,WebP,1200x1600,320.8 KB,https://media.truongvietanh.com/images/da-ngoai/hoc-sinh-viet-anh-di-trai-nghiem-thuc-te-dong-nai-phan-thiet-10.webp
hoc-sinh-viet-anh-di-trai-nghiem-thuc-te-dong-nai-phan-thiet-2.webp,Dã ngoại,WebP,1200x901,268.4 KB,https://media.truongvietanh.com/images/da-ngoai/hoc-sinh-viet-anh-di-trai-nghiem-thuc-te-dong-nai-phan-thiet-2.webp
hoc-sinh-viet-anh-di-trai-nghiem-thuc-te-dong-nai-phan-thiet-3.webp,Dã ngoại,WebP,1200x901,124.0 KB,https://media.truongvietanh.com/images/da-ngoai/hoc-sinh-viet-anh-di-trai-nghiem-thuc-te-dong-nai-phan-thiet-3.webp
hoc-sinh-viet-anh-di-trai-nghiem-thuc-te-dong-nai-phan-thiet-4.webp,Dã ngoại,WebP,1200x1600,328.6 KB,https://media.truongvietanh.com/images/da-ngoai/hoc-sinh-viet-anh-di-trai-nghiem-thuc-te-dong-nai-phan-thiet-4.webp
hoc-sinh-viet-anh-di-trai-nghiem-thuc-te-dong-nai-phan-thiet-5.webp,Dã ngoại,WebP,1200x901,346.6 KB,https://media.truongvietanh.com/images/da-ngoai/hoc-sinh-viet-anh-di-trai-nghiem-thuc-te-dong-nai-phan-thiet-5.webp
hoc-sinh-viet-anh-di-trai-nghiem-thuc-te-dong-nai-phan-thiet-6.webp,Dã ngoại,WebP,1200x1601,371.4 KB,https://media.truongvietanh.com/images/da-ngoai/hoc-sinh-viet-anh-di-trai-nghiem-thuc-te-dong-nai-phan-thiet-6.webp
hoc-sinh-viet-anh-di-trai-nghiem-thuc-te-dong-nai-phan-thiet-7.webp,Dã ngoại,WebP,1200x901,258.8 KB,https://media.truongvietanh.com/images/da-ngoai/hoc-sinh-viet-anh-di-trai-nghiem-thuc-te-dong-nai-phan-thiet-7.webp
hoc-sinh-viet-anh-di-trai-nghiem-thuc-te-dong-nai-phan-thiet-8.webp,Dã ngoại,WebP,1200x801,97.1 KB,https://media.truongvietanh.com/images/da-ngoai/hoc-sinh-viet-anh-di-trai-nghiem-thuc-te-dong-nai-phan-thiet-8.webp
hoc-sinh-viet-anh-di-trai-nghiem-thuc-te-dong-nai-phan-thiet-9.webp,Dã ngoại,WebP,1200x900,257.8 KB,https://media.truongvietanh.com/images/da-ngoai/hoc-sinh-viet-anh-di-trai-nghiem-thuc-te-dong-nai-phan-thiet-9.webp
hoc-sinh-viet-anh-phong-van-du-khach-nuoc-ngoai-theo-chu-de-1.webp,Dã ngoại,WebP,1200x801,116.9 KB,https://media.truongvietanh.com/images/da-ngoai/hoc-sinh-viet-anh-phong-van-du-khach-nuoc-ngoai-theo-chu-de-1.webp
hoc-sinh-viet-anh-phong-van-du-khach-nuoc-ngoai-theo-chu-de-10.webp,Dã ngoại,WebP,1200x1600,334.7 KB,https://media.truongvietanh.com/images/da-ngoai/hoc-sinh-viet-anh-phong-van-du-khach-nuoc-ngoai-theo-chu-de-10.webp
hoc-sinh-viet-anh-phong-van-du-khach-nuoc-ngoai-theo-chu-de-11.webp,Dã ngoại,WebP,1200x800,148.2 KB,https://media.truongvietanh.com/images/da-ngoai/hoc-sinh-viet-anh-phong-van-du-khach-nuoc-ngoai-theo-chu-de-11.webp
hoc-sinh-viet-anh-phong-van-du-khach-nuoc-ngoai-theo-chu-de-12.webp,Dã ngoại,WebP,1200x800,89.8 KB,https://media.truongvietanh.com/images/da-ngoai/hoc-sinh-viet-anh-phong-van-du-khach-nuoc-ngoai-theo-chu-de-12.webp
hoc-sinh-viet-anh-phong-van-du-khach-nuoc-ngoai-theo-chu-de-13.webp,Dã ngoại,WebP,1200x801,246.2 KB,https://media.truongvietanh.com/images/da-ngoai/hoc-sinh-viet-anh-phong-van-du-khach-nuoc-ngoai-theo-chu-de-13.webp
hoc-sinh-viet-anh-phong-van-du-khach-nuoc-ngoai-theo-chu-de-2.webp,Dã ngoại,WebP,1200x800,141.5 KB,https://media.truongvietanh.com/images/da-ngoai/hoc-sinh-viet-anh-phong-van-du-khach-nuoc-ngoai-theo-chu-de-2.webp
hoc-sinh-viet-anh-phong-van-du-khach-nuoc-ngoai-theo-chu-de-3.webp,Dã ngoại,WebP,1200x1600,277.1 KB,https://media.truongvietanh.com/images/da-ngoai/hoc-sinh-viet-anh-phong-van-du-khach-nuoc-ngoai-theo-chu-de-3.webp
hoc-sinh-viet-anh-phong-van-du-khach-nuoc-ngoai-theo-chu-de-4.webp,Dã ngoại,WebP,1200x800,95.8 KB,https://media.truongvietanh.com/images/da-ngoai/hoc-sinh-viet-anh-phong-van-du-khach-nuoc-ngoai-theo-chu-de-4.webp
hoc-sinh-viet-anh-phong-van-du-khach-nuoc-ngoai-theo-chu-de-5.webp,Dã ngoại,WebP,1200x800,87.2 KB,https://media.truongvietanh.com/images/da-ngoai/hoc-sinh-viet-anh-phong-van-du-khach-nuoc-ngoai-theo-chu-de-5.webp
hoc-sinh-viet-anh-phong-van-du-khach-nuoc-ngoai-theo-chu-de-6.webp,Dã ngoại,WebP,1200x801,165.2 KB,https://media.truongvietanh.com/images/da-ngoai/hoc-sinh-viet-anh-phong-van-du-khach-nuoc-ngoai-theo-chu-de-6.webp
hoc-sinh-viet-anh-phong-van-du-khach-nuoc-ngoai-theo-chu-de-7.webp,Dã ngoại,WebP,1200x1800,116.5 KB,https://media.truongvietanh.com/images/da-ngoai/hoc-sinh-viet-anh-phong-van-du-khach-nuoc-ngoai-theo-chu-de-7.webp
hoc-sinh-viet-anh-phong-van-du-khach-nuoc-ngoai-theo-chu-de-8.webp,Dã ngoại,WebP,1200x801,246.2 KB,https://media.truongvietanh.com/images/da-ngoai/hoc-sinh-viet-anh-phong-van-du-khach-nuoc-ngoai-theo-chu-de-8.webp
hoc-sinh-viet-anh-phong-van-du-khach-nuoc-ngoai-theo-chu-de-9.webp,Dã ngoại,WebP,1200x800,145.8 KB,https://media.truongvietanh.com/images/da-ngoai/hoc-sinh-viet-anh-phong-van-du-khach-nuoc-ngoai-theo-chu-de-9.webp
hoc-sinh-viet-anh-trai-nghiem-light-city-gigamall-1.webp,Dã ngoại,WebP,1200x800,145.0 KB,https://media.truongvietanh.com/images/da-ngoai/hoc-sinh-viet-anh-trai-nghiem-light-city-gigamall-1.webp
hoc-sinh-viet-anh-trai-nghiem-light-city-gigamall-10.webp,Dã ngoại,WebP,1200x1800,121.4 KB,https://media.truongvietanh.com/images/da-ngoai/hoc-sinh-viet-anh-trai-nghiem-light-city-gigamall-10.webp
hoc-sinh-viet-anh-trai-nghiem-light-city-gigamall-11.webp,Dã ngoại,WebP,1200x800,64.0 KB,https://media.truongvietanh.com/images/da-ngoai/hoc-sinh-viet-anh-trai-nghiem-light-city-gigamall-11.webp
hoc-sinh-viet-anh-trai-nghiem-light-city-gigamall-12.webp,Dã ngoại,WebP,1200x800,76.1 KB,https://media.truongvietanh.com/images/da-ngoai/hoc-sinh-viet-anh-trai-nghiem-light-city-gigamall-12.webp
hoc-sinh-viet-anh-trai-nghiem-light-city-gigamall-13.webp,Dã ngoại,WebP,1200x1800,161.1 KB,https://media.truongvietanh.com/images/da-ngoai/hoc-sinh-viet-anh-trai-nghiem-light-city-gigamall-13.webp
hoc-sinh-viet-anh-trai-nghiem-light-city-gigamall-14.webp,Dã ngoại,WebP,1200x800,82.4 KB,https://media.truongvietanh.com/images/da-ngoai/hoc-sinh-viet-anh-trai-nghiem-light-city-gigamall-14.webp
hoc-sinh-viet-anh-trai-nghiem-light-city-gigamall-15.webp,Dã ngoại,WebP,1200x801,77.5 KB,https://media.truongvietanh.com/images/da-ngoai/hoc-sinh-viet-anh-trai-nghiem-light-city-gigamall-15.webp
hoc-sinh-viet-anh-trai-nghiem-light-city-gigamall-16.webp,Dã ngoại,WebP,1200x801,108.1 KB,https://media.truongvietanh.com/images/da-ngoai/hoc-sinh-viet-anh-trai-nghiem-light-city-gigamall-16.webp
hoc-sinh-viet-anh-trai-nghiem-light-city-gigamall-17.webp,Dã ngoại,WebP,1200x801,91.6 KB,https://media.truongvietanh.com/images/da-ngoai/hoc-sinh-viet-anh-trai-nghiem-light-city-gigamall-17.webp
hoc-sinh-viet-anh-trai-nghiem-light-city-gigamall-18.webp,Dã ngoại,WebP,1200x1800,207.1 KB,https://media.truongvietanh.com/images/da-ngoai/hoc-sinh-viet-anh-trai-nghiem-light-city-gigamall-18.webp
hoc-sinh-viet-anh-trai-nghiem-light-city-gigamall-19.webp,Dã ngoại,WebP,1200x800,124.4 KB,https://media.truongvietanh.com/images/da-ngoai/hoc-sinh-viet-anh-trai-nghiem-light-city-gigamall-19.webp
hoc-sinh-viet-anh-trai-nghiem-light-city-gigamall-2.webp,Dã ngoại,WebP,1200x801,122.7 KB,https://media.truongvietanh.com/images/da-ngoai/hoc-sinh-viet-anh-trai-nghiem-light-city-gigamall-2.webp
hoc-sinh-viet-anh-trai-nghiem-light-city-gigamall-20.webp,Dã ngoại,WebP,1200x800,45.5 KB,https://media.truongvietanh.com/images/da-ngoai/hoc-sinh-viet-anh-trai-nghiem-light-city-gigamall-20.webp
hoc-sinh-viet-anh-trai-nghiem-light-city-gigamall-21.webp,Dã ngoại,WebP,1200x800,93.9 KB,https://media.truongvietanh.com/images/da-ngoai/hoc-sinh-viet-anh-trai-nghiem-light-city-gigamall-21.webp
hoc-sinh-viet-anh-trai-nghiem-light-city-gigamall-22.webp,Dã ngoại,WebP,1200x800,102.7 KB,https://media.truongvietanh.com/images/da-ngoai/hoc-sinh-viet-anh-trai-nghiem-light-city-gigamall-22.webp
hoc-sinh-viet-anh-trai-nghiem-light-city-gigamall-23.webp,Dã ngoại,WebP,1200x800,66.6 KB,https://media.truongvietanh.com/images/da-ngoai/hoc-sinh-viet-anh-trai-nghiem-light-city-gigamall-23.webp
hoc-sinh-viet-anh-trai-nghiem-light-city-gigamall-24.webp,Dã ngoại,WebP,1200x800,63.9 KB,https://media.truongvietanh.com/images/da-ngoai/hoc-sinh-viet-anh-trai-nghiem-light-city-gigamall-24.webp
hoc-sinh-viet-anh-trai-nghiem-light-city-gigamall-25.webp,Dã ngoại,WebP,1200x1800,144.9 KB,https://media.truongvietanh.com/images/da-ngoai/hoc-sinh-viet-anh-trai-nghiem-light-city-gigamall-25.webp
hoc-sinh-viet-anh-trai-nghiem-light-city-gigamall-26.webp,Dã ngoại,WebP,1200x800,106.8 KB,https://media.truongvietanh.com/images/da-ngoai/hoc-sinh-viet-anh-trai-nghiem-light-city-gigamall-26.webp
hoc-sinh-viet-anh-trai-nghiem-light-city-gigamall-27.webp,Dã ngoại,WebP,1200x1801,192.5 KB,https://media.truongvietanh.com/images/da-ngoai/hoc-sinh-viet-anh-trai-nghiem-light-city-gigamall-27.webp
hoc-sinh-viet-anh-trai-nghiem-light-city-gigamall-3.webp,Dã ngoại,WebP,1200x800,119.3 KB,https://media.truongvietanh.com/images/da-ngoai/hoc-sinh-viet-anh-trai-nghiem-light-city-gigamall-3.webp
hoc-sinh-viet-anh-trai-nghiem-light-city-gigamall-4.webp,Dã ngoại,WebP,1200x1801,142.0 KB,https://media.truongvietanh.com/images/da-ngoai/hoc-sinh-viet-anh-trai-nghiem-light-city-gigamall-4.webp
hoc-sinh-viet-anh-trai-nghiem-light-city-gigamall-5.webp,Dã ngoại,WebP,1200x800,121.3 KB,https://media.truongvietanh.com/images/da-ngoai/hoc-sinh-viet-anh-trai-nghiem-light-city-gigamall-5.webp
hoc-sinh-viet-anh-trai-nghiem-light-city-gigamall-6.webp,Dã ngoại,WebP,1200x800,91.7 KB,https://media.truongvietanh.com/images/da-ngoai/hoc-sinh-viet-anh-trai-nghiem-light-city-gigamall-6.webp
hoc-sinh-viet-anh-trai-nghiem-light-city-gigamall-7.webp,Dã ngoại,WebP,1200x800,102.8 KB,https://media.truongvietanh.com/images/da-ngoai/hoc-sinh-viet-anh-trai-nghiem-light-city-gigamall-7.webp
hoc-sinh-viet-anh-trai-nghiem-light-city-gigamall-8.webp,Dã ngoại,WebP,1200x800,145.9 KB,https://media.truongvietanh.com/images/da-ngoai/hoc-sinh-viet-anh-trai-nghiem-light-city-gigamall-8.webp
hoc-sinh-viet-anh-trai-nghiem-light-city-gigamall-9.webp,Dã ngoại,WebP,1200x800,144.2 KB,https://media.truongvietanh.com/images/da-ngoai/hoc-sinh-viet-anh-trai-nghiem-light-city-gigamall-9.webp
sinh-ton-noi-dao-hoang.mp4,Dã ngoại,MP4,1280x720,63.6 MB,https://media.truongvietanh.com/videos/da-ngoai/sinh-ton-noi-dao-hoang.mp4
download-1.webp,Olympic,WebP,1200x676,98.7 KB,https://media.truongvietanh.com/images/olympic/download-1.webp
download-2.webp,Olympic,WebP,1200x676,172.6 KB,https://media.truongvietanh.com/images/olympic/download-2.webp
download.webp,Olympic,WebP,1200x676,87.8 KB,https://media.truongvietanh.com/images/olympic/download.webp
dsc08617.webp,Olympic,WebP,1200x801,252.6 KB,https://media.truongvietanh.com/images/olympic/dsc08617.webp
dscf5898.webp,Olympic,WebP,1200x800,197.7 KB,https://media.truongvietanh.com/images/olympic/dscf5898.webp
dscf6725.webp,Olympic,WebP,1200x800,156.0 KB,https://media.truongvietanh.com/images/olympic/dscf6725.webp
dscf6869.webp,Olympic,WebP,1200x800,253.0 KB,https://media.truongvietanh.com/images/olympic/dscf6869.webp
dscf6999.webp,Olympic,WebP,1200x800,77.2 KB,https://media.truongvietanh.com/images/olympic/dscf6999.webp
dscf7289.webp,Olympic,WebP,1200x800,212.1 KB,https://media.truongvietanh.com/images/olympic/dscf7289.webp
dscf9177.webp,Olympic,WebP,1200x800,156.6 KB,https://media.truongvietanh.com/images/olympic/dscf9177.webp
hoc-sinh-tham-du-olympic-1.webp,Olympic,WebP,1200x800,72.3 KB,https://media.truongvietanh.com/images/olympic/hoc-sinh-tham-du-olympic-1.webp
hoc-sinh-tham-du-olympic-10.webp,Olympic,WebP,1200x800,70.9 KB,https://media.truongvietanh.com/images/olympic/hoc-sinh-tham-du-olympic-10.webp
hoc-sinh-tham-du-olympic-11.webp,Olympic,WebP,1200x1800,110.4 KB,https://media.truongvietanh.com/images/olympic/hoc-sinh-tham-du-olympic-11.webp
hoc-sinh-tham-du-olympic-12.webp,Olympic,WebP,1200x1800,98.3 KB,https://media.truongvietanh.com/images/olympic/hoc-sinh-tham-du-olympic-12.webp
hoc-sinh-tham-du-olympic-13.webp,Olympic,WebP,1200x800,150.1 KB,https://media.truongvietanh.com/images/olympic/hoc-sinh-tham-du-olympic-13.webp
hoc-sinh-tham-du-olympic-14.webp,Olympic,WebP,1200x800,232.5 KB,https://media.truongvietanh.com/images/olympic/hoc-sinh-tham-du-olympic-14.webp
hoc-sinh-tham-du-olympic-15.webp,Olympic,WebP,1200x800,102.7 KB,https://media.truongvietanh.com/images/olympic/hoc-sinh-tham-du-olympic-15.webp
hoc-sinh-tham-du-olympic-16.webp,Olympic,WebP,1200x1800,184.8 KB,https://media.truongvietanh.com/images/olympic/hoc-sinh-tham-du-olympic-16.webp
hoc-sinh-tham-du-olympic-17.webp,Olympic,WebP,1200x1800,334.8 KB,https://media.truongvietanh.com/images/olympic/hoc-sinh-tham-du-olympic-17.webp
hoc-sinh-tham-du-olympic-18.webp,Olympic,WebP,1200x800,106.6 KB,https://media.truongvietanh.com/images/olympic/hoc-sinh-tham-du-olympic-18.webp
hoc-sinh-tham-du-olympic-19.webp,Olympic,WebP,1200x1800,193.0 KB,https://media.truongvietanh.com/images/olympic/hoc-sinh-tham-du-olympic-19.webp
hoc-sinh-tham-du-olympic-2.webp,Olympic,WebP,1200x800,81.9 KB,https://media.truongvietanh.com/images/olympic/hoc-sinh-tham-du-olympic-2.webp
hoc-sinh-tham-du-olympic-20.webp,Olympic,WebP,1200x800,174.2 KB,https://media.truongvietanh.com/images/olympic/hoc-sinh-tham-du-olympic-20.webp
hoc-sinh-tham-du-olympic-21.webp,Olympic,WebP,1200x800,170.5 KB,https://media.truongvietanh.com/images/olympic/hoc-sinh-tham-du-olympic-21.webp
hoc-sinh-tham-du-olympic-22.webp,Olympic,WebP,1200x1800,223.2 KB,https://media.truongvietanh.com/images/olympic/hoc-sinh-tham-du-olympic-22.webp
hoc-sinh-tham-du-olympic-23.webp,Olympic,WebP,1200x800,123.7 KB,https://media.truongvietanh.com/images/olympic/hoc-sinh-tham-du-olympic-23.webp
hoc-sinh-tham-du-olympic-24.webp,Olympic,WebP,1200x800,232.2 KB,https://media.truongvietanh.com/images/olympic/hoc-sinh-tham-du-olympic-24.webp
hoc-sinh-tham-du-olympic-25.webp,Olympic,WebP,1200x1800,188.3 KB,https://media.truongvietanh.com/images/olympic/hoc-sinh-tham-du-olympic-25.webp
hoc-sinh-tham-du-olympic-26.webp,Olympic,WebP,1200x1800,126.5 KB,https://media.truongvietanh.com/images/olympic/hoc-sinh-tham-du-olympic-26.webp
hoc-sinh-tham-du-olympic-27.webp,Olympic,WebP,1200x1800,175.5 KB,https://media.truongvietanh.com/images/olympic/hoc-sinh-tham-du-olympic-27.webp
hoc-sinh-tham-du-olympic-28.webp,Olympic,WebP,1200x1800,160.4 KB,https://media.truongvietanh.com/images/olympic/hoc-sinh-tham-du-olympic-28.webp
hoc-sinh-tham-du-olympic-29.webp,Olympic,WebP,1200x1800,242.0 KB,https://media.truongvietanh.com/images/olympic/hoc-sinh-tham-du-olympic-29.webp
hoc-sinh-tham-du-olympic-3.webp,Olympic,WebP,1200x800,65.5 KB,https://media.truongvietanh.com/images/olympic/hoc-sinh-tham-du-olympic-3.webp
hoc-sinh-tham-du-olympic-30.webp,Olympic,WebP,1200x1800,216.9 KB,https://media.truongvietanh.com/images/olympic/hoc-sinh-tham-du-olympic-30.webp
hoc-sinh-tham-du-olympic-31.webp,Olympic,WebP,1200x800,94.1 KB,https://media.truongvietanh.com/images/olympic/hoc-sinh-tham-du-olympic-31.webp
hoc-sinh-tham-du-olympic-32.webp,Olympic,WebP,1200x1800,104.5 KB,https://media.truongvietanh.com/images/olympic/hoc-sinh-tham-du-olympic-32.webp
hoc-sinh-tham-du-olympic-33.webp,Olympic,WebP,1200x1800,117.7 KB,https://media.truongvietanh.com/images/olympic/hoc-sinh-tham-du-olympic-33.webp
hoc-sinh-tham-du-olympic-4.webp,Olympic,WebP,1200x800,93.9 KB,https://media.truongvietanh.com/images/olympic/hoc-sinh-tham-du-olympic-4.webp
hoc-sinh-tham-du-olympic-5.webp,Olympic,WebP,1200x801,80.7 KB,https://media.truongvietanh.com/images/olympic/hoc-sinh-tham-du-olympic-5.webp
hoc-sinh-tham-du-olympic-6.webp,Olympic,WebP,1200x1800,144.7 KB,https://media.truongvietanh.com/images/olympic/hoc-sinh-tham-du-olympic-6.webp
hoc-sinh-tham-du-olympic-7.webp,Olympic,WebP,1200x800,99.0 KB,https://media.truongvietanh.com/images/olympic/hoc-sinh-tham-du-olympic-7.webp
hoc-sinh-tham-du-olympic-8.webp,Olympic,WebP,1200x800,214.3 KB,https://media.truongvietanh.com/images/olympic/hoc-sinh-tham-du-olympic-8.webp
hoc-sinh-tham-du-olympic-9.webp,Olympic,WebP,1200x800,175.0 KB,https://media.truongvietanh.com/images/olympic/hoc-sinh-tham-du-olympic-9.webp
hoc-sinh-viet-anh-tham-gia-olympic-1.webp,Olympic,WebP,1200x1800,113.4 KB,https://media.truongvietanh.com/images/olympic/hoc-sinh-viet-anh-tham-gia-olympic-1.webp
hoc-sinh-viet-anh-tham-gia-olympic-10.webp,Olympic,WebP,1200x800,79.3 KB,https://media.truongvietanh.com/images/olympic/hoc-sinh-viet-anh-tham-gia-olympic-10.webp
hoc-sinh-viet-anh-tham-gia-olympic-100.webp,Olympic,WebP,1200x1800,218.8 KB,https://media.truongvietanh.com/images/olympic/hoc-sinh-viet-anh-tham-gia-olympic-100.webp
hoc-sinh-viet-anh-tham-gia-olympic-101.webp,Olympic,WebP,1200x1800,181.9 KB,https://media.truongvietanh.com/images/olympic/hoc-sinh-viet-anh-tham-gia-olympic-101.webp
hoc-sinh-viet-anh-tham-gia-olympic-102.webp,Olympic,WebP,1200x1800,190.2 KB,https://media.truongvietanh.com/images/olympic/hoc-sinh-viet-anh-tham-gia-olympic-102.webp
hoc-sinh-viet-anh-tham-gia-olympic-103.webp,Olympic,WebP,1200x1800,125.1 KB,https://media.truongvietanh.com/images/olympic/hoc-sinh-viet-anh-tham-gia-olympic-103.webp
hoc-sinh-viet-anh-tham-gia-olympic-104.webp,Olympic,WebP,1200x1801,172.4 KB,https://media.truongvietanh.com/images/olympic/hoc-sinh-viet-anh-tham-gia-olympic-104.webp
hoc-sinh-viet-anh-tham-gia-olympic-105.webp,Olympic,WebP,1200x1800,268.5 KB,https://media.truongvietanh.com/images/olympic/hoc-sinh-viet-anh-tham-gia-olympic-105.webp
hoc-sinh-viet-anh-tham-gia-olympic-106.webp,Olympic,WebP,1200x1801,194.3 KB,https://media.truongvietanh.com/images/olympic/hoc-sinh-viet-anh-tham-gia-olympic-106.webp
hoc-sinh-viet-anh-tham-gia-olympic-107.webp,Olympic,WebP,1200x1800,216.9 KB,https://media.truongvietanh.com/images/olympic/hoc-sinh-viet-anh-tham-gia-olympic-107.webp
hoc-sinh-viet-anh-tham-gia-olympic-108.webp,Olympic,WebP,1200x1800,177.7 KB,https://media.truongvietanh.com/images/olympic/hoc-sinh-viet-anh-tham-gia-olympic-108.webp
hoc-sinh-viet-anh-tham-gia-olympic-109.webp,Olympic,WebP,1200x1800,246.2 KB,https://media.truongvietanh.com/images/olympic/hoc-sinh-viet-anh-tham-gia-olympic-109.webp
hoc-sinh-viet-anh-tham-gia-olympic-11.webp,Olympic,WebP,1200x800,64.8 KB,https://media.truongvietanh.com/images/olympic/hoc-sinh-viet-anh-tham-gia-olympic-11.webp
hoc-sinh-viet-anh-tham-gia-olympic-110.webp,Olympic,WebP,1200x800,144.0 KB,https://media.truongvietanh.com/images/olympic/hoc-sinh-viet-anh-tham-gia-olympic-110.webp
hoc-sinh-viet-anh-tham-gia-olympic-111.webp,Olympic,WebP,1200x1800,232.4 KB,https://media.truongvietanh.com/images/olympic/hoc-sinh-viet-anh-tham-gia-olympic-111.webp
hoc-sinh-viet-anh-tham-gia-olympic-112.webp,Olympic,WebP,1200x1800,146.8 KB,https://media.truongvietanh.com/images/olympic/hoc-sinh-viet-anh-tham-gia-olympic-112.webp
hoc-sinh-viet-anh-tham-gia-olympic-12.webp,Olympic,WebP,1200x800,81.9 KB,https://media.truongvietanh.com/images/olympic/hoc-sinh-viet-anh-tham-gia-olympic-12.webp
hoc-sinh-viet-anh-tham-gia-olympic-13.webp,Olympic,WebP,1200x801,81.1 KB,https://media.truongvietanh.com/images/olympic/hoc-sinh-viet-anh-tham-gia-olympic-13.webp
hoc-sinh-viet-anh-tham-gia-olympic-14.webp,Olympic,WebP,1200x800,59.5 KB,https://media.truongvietanh.com/images/olympic/hoc-sinh-viet-anh-tham-gia-olympic-14.webp
hoc-sinh-viet-anh-tham-gia-olympic-15.webp,Olympic,WebP,1200x800,88.6 KB,https://media.truongvietanh.com/images/olympic/hoc-sinh-viet-anh-tham-gia-olympic-15.webp
hoc-sinh-viet-anh-tham-gia-olympic-16.webp,Olympic,WebP,1200x800,82.2 KB,https://media.truongvietanh.com/images/olympic/hoc-sinh-viet-anh-tham-gia-olympic-16.webp
hoc-sinh-viet-anh-tham-gia-olympic-17.webp,Olympic,WebP,1200x1800,80.9 KB,https://media.truongvietanh.com/images/olympic/hoc-sinh-viet-anh-tham-gia-olympic-17.webp
hoc-sinh-viet-anh-tham-gia-olympic-18.webp,Olympic,WebP,1200x800,81.5 KB,https://media.truongvietanh.com/images/olympic/hoc-sinh-viet-anh-tham-gia-olympic-18.webp
hoc-sinh-viet-anh-tham-gia-olympic-19.webp,Olympic,WebP,1200x801,69.4 KB,https://media.truongvietanh.com/images/olympic/hoc-sinh-viet-anh-tham-gia-olympic-19.webp
hoc-sinh-viet-anh-tham-gia-olympic-2.webp,Olympic,WebP,1200x1800,104.8 KB,https://media.truongvietanh.com/images/olympic/hoc-sinh-viet-anh-tham-gia-olympic-2.webp
hoc-sinh-viet-anh-tham-gia-olympic-20.webp,Olympic,WebP,1200x800,116.5 KB,https://media.truongvietanh.com/images/olympic/hoc-sinh-viet-anh-tham-gia-olympic-20.webp
hoc-sinh-viet-anh-tham-gia-olympic-21.webp,Olympic,WebP,1200x1800,175.1 KB,https://media.truongvietanh.com/images/olympic/hoc-sinh-viet-anh-tham-gia-olympic-21.webp
hoc-sinh-viet-anh-tham-gia-olympic-22.webp,Olympic,WebP,1200x1800,149.2 KB,https://media.truongvietanh.com/images/olympic/hoc-sinh-viet-anh-tham-gia-olympic-22.webp
hoc-sinh-viet-anh-tham-gia-olympic-23.webp,Olympic,WebP,1200x800,136.2 KB,https://media.truongvietanh.com/images/olympic/hoc-sinh-viet-anh-tham-gia-olympic-23.webp
hoc-sinh-viet-anh-tham-gia-olympic-24.webp,Olympic,WebP,1200x1800,120.9 KB,https://media.truongvietanh.com/images/olympic/hoc-sinh-viet-anh-tham-gia-olympic-24.webp
hoc-sinh-viet-anh-tham-gia-olympic-25.webp,Olympic,WebP,1200x1800,151.6 KB,https://media.truongvietanh.com/images/olympic/hoc-sinh-viet-anh-tham-gia-olympic-25.webp
hoc-sinh-viet-anh-tham-gia-olympic-26.webp,Olympic,WebP,1200x800,142.9 KB,https://media.truongvietanh.com/images/olympic/hoc-sinh-viet-anh-tham-gia-olympic-26.webp
hoc-sinh-viet-anh-tham-gia-olympic-27.webp,Olympic,WebP,1200x1800,180.1 KB,https://media.truongvietanh.com/images/olympic/hoc-sinh-viet-anh-tham-gia-olympic-27.webp
hoc-sinh-viet-anh-tham-gia-olympic-28.webp,Olympic,WebP,1200x1800,118.3 KB,https://media.truongvietanh.com/images/olympic/hoc-sinh-viet-anh-tham-gia-olympic-28.webp
hoc-sinh-viet-anh-tham-gia-olympic-29.webp,Olympic,WebP,1200x800,116.3 KB,https://media.truongvietanh.com/images/olympic/hoc-sinh-viet-anh-tham-gia-olympic-29.webp
hoc-sinh-viet-anh-tham-gia-olympic-3.webp,Olympic,WebP,1200x800,81.6 KB,https://media.truongvietanh.com/images/olympic/hoc-sinh-viet-anh-tham-gia-olympic-3.webp
hoc-sinh-viet-anh-tham-gia-olympic-30.webp,Olympic,WebP,1200x1800,162.8 KB,https://media.truongvietanh.com/images/olympic/hoc-sinh-viet-anh-tham-gia-olympic-30.webp
hoc-sinh-viet-anh-tham-gia-olympic-31.webp,Olympic,WebP,1200x1800,163.5 KB,https://media.truongvietanh.com/images/olympic/hoc-sinh-viet-anh-tham-gia-olympic-31.webp
hoc-sinh-viet-anh-tham-gia-olympic-32.webp,Olympic,WebP,1200x1800,164.7 KB,https://media.truongvietanh.com/images/olympic/hoc-sinh-viet-anh-tham-gia-olympic-32.webp
hoc-sinh-viet-anh-tham-gia-olympic-33.webp,Olympic,WebP,1200x1800,153.3 KB,https://media.truongvietanh.com/images/olympic/hoc-sinh-viet-anh-tham-gia-olympic-33.webp
hoc-sinh-viet-anh-tham-gia-olympic-34.webp,Olympic,WebP,1200x800,199.9 KB,https://media.truongvietanh.com/images/olympic/hoc-sinh-viet-anh-tham-gia-olympic-34.webp
hoc-sinh-viet-anh-tham-gia-olympic-35.webp,Olympic,WebP,1200x1800,93.9 KB,https://media.truongvietanh.com/images/olympic/hoc-sinh-viet-anh-tham-gia-olympic-35.webp
hoc-sinh-viet-anh-tham-gia-olympic-36.webp,Olympic,WebP,1200x800,200.7 KB,https://media.truongvietanh.com/images/olympic/hoc-sinh-viet-anh-tham-gia-olympic-36.webp
hoc-sinh-viet-anh-tham-gia-olympic-37.webp,Olympic,WebP,1200x800,102.8 KB,https://media.truongvietanh.com/images/olympic/hoc-sinh-viet-anh-tham-gia-olympic-37.webp
hoc-sinh-viet-anh-tham-gia-olympic-38.webp,Olympic,WebP,1200x800,100.2 KB,https://media.truongvietanh.com/images/olympic/hoc-sinh-viet-anh-tham-gia-olympic-38.webp
hoc-sinh-viet-anh-tham-gia-olympic-39.webp,Olympic,WebP,1200x800,142.6 KB,https://media.truongvietanh.com/images/olympic/hoc-sinh-viet-anh-tham-gia-olympic-39.webp
hoc-sinh-viet-anh-tham-gia-olympic-4.webp,Olympic,WebP,1200x1800,94.6 KB,https://media.truongvietanh.com/images/olympic/hoc-sinh-viet-anh-tham-gia-olympic-4.webp
hoc-sinh-viet-anh-tham-gia-olympic-40.webp,Olympic,WebP,1200x800,80.2 KB,https://media.truongvietanh.com/images/olympic/hoc-sinh-viet-anh-tham-gia-olympic-40.webp
hoc-sinh-viet-anh-tham-gia-olympic-41.webp,Olympic,WebP,1200x800,77.6 KB,https://media.truongvietanh.com/images/olympic/hoc-sinh-viet-anh-tham-gia-olympic-41.webp
hoc-sinh-viet-anh-tham-gia-olympic-42.webp,Olympic,WebP,1200x801,80.7 KB,https://media.truongvietanh.com/images/olympic/hoc-sinh-viet-anh-tham-gia-olympic-42.webp
hoc-sinh-viet-anh-tham-gia-olympic-43.webp,Olympic,WebP,1200x801,74.1 KB,https://media.truongvietanh.com/images/olympic/hoc-sinh-viet-anh-tham-gia-olympic-43.webp
hoc-sinh-viet-anh-tham-gia-olympic-44.webp,Olympic,WebP,1200x1800,144.7 KB,https://media.truongvietanh.com/images/olympic/hoc-sinh-viet-anh-tham-gia-olympic-44.webp
hoc-sinh-viet-anh-tham-gia-olympic-45.webp,Olympic,WebP,1200x1800,155.0 KB,https://media.truongvietanh.com/images/olympic/hoc-sinh-viet-anh-tham-gia-olympic-45.webp
hoc-sinh-viet-anh-tham-gia-olympic-46.webp,Olympic,WebP,1200x1800,175.3 KB,https://media.truongvietanh.com/images/olympic/hoc-sinh-viet-anh-tham-gia-olympic-46.webp
hoc-sinh-viet-anh-tham-gia-olympic-47.webp,Olympic,WebP,1200x800,122.8 KB,https://media.truongvietanh.com/images/olympic/hoc-sinh-viet-anh-tham-gia-olympic-47.webp
hoc-sinh-viet-anh-tham-gia-olympic-48.webp,Olympic,WebP,1200x800,99.0 KB,https://media.truongvietanh.com/images/olympic/hoc-sinh-viet-anh-tham-gia-olympic-48.webp
hoc-sinh-viet-anh-tham-gia-olympic-49.webp,Olympic,WebP,1200x800,171.6 KB,https://media.truongvietanh.com/images/olympic/hoc-sinh-viet-anh-tham-gia-olympic-49.webp
hoc-sinh-viet-anh-tham-gia-olympic-5.webp,Olympic,WebP,1200x800,89.9 KB,https://media.truongvietanh.com/images/olympic/hoc-sinh-viet-anh-tham-gia-olympic-5.webp
hoc-sinh-viet-anh-tham-gia-olympic-50.webp,Olympic,WebP,1200x800,111.0 KB,https://media.truongvietanh.com/images/olympic/hoc-sinh-viet-anh-tham-gia-olympic-50.webp
hoc-sinh-viet-anh-tham-gia-olympic-51.webp,Olympic,WebP,1200x800,175.0 KB,https://media.truongvietanh.com/images/olympic/hoc-sinh-viet-anh-tham-gia-olympic-51.webp
hoc-sinh-viet-anh-tham-gia-olympic-52.webp,Olympic,WebP,1200x800,104.9 KB,https://media.truongvietanh.com/images/olympic/hoc-sinh-viet-anh-tham-gia-olympic-52.webp
hoc-sinh-viet-anh-tham-gia-olympic-53.webp,Olympic,WebP,1200x1800,161.2 KB,https://media.truongvietanh.com/images/olympic/hoc-sinh-viet-anh-tham-gia-olympic-53.webp
hoc-sinh-viet-anh-tham-gia-olympic-54.webp,Olympic,WebP,1200x1801,98.0 KB,https://media.truongvietanh.com/images/olympic/hoc-sinh-viet-anh-tham-gia-olympic-54.webp
hoc-sinh-viet-anh-tham-gia-olympic-55.webp,Olympic,WebP,1200x1800,84.2 KB,https://media.truongvietanh.com/images/olympic/hoc-sinh-viet-anh-tham-gia-olympic-55.webp
hoc-sinh-viet-anh-tham-gia-olympic-56.webp,Olympic,WebP,1200x1800,121.4 KB,https://media.truongvietanh.com/images/olympic/hoc-sinh-viet-anh-tham-gia-olympic-56.webp
hoc-sinh-viet-anh-tham-gia-olympic-57.webp,Olympic,WebP,1200x1800,145.7 KB,https://media.truongvietanh.com/images/olympic/hoc-sinh-viet-anh-tham-gia-olympic-57.webp
hoc-sinh-viet-anh-tham-gia-olympic-58.webp,Olympic,WebP,1200x1801,90.1 KB,https://media.truongvietanh.com/images/olympic/hoc-sinh-viet-anh-tham-gia-olympic-58.webp
hoc-sinh-viet-anh-tham-gia-olympic-59.webp,Olympic,WebP,1200x1800,103.8 KB,https://media.truongvietanh.com/images/olympic/hoc-sinh-viet-anh-tham-gia-olympic-59.webp
hoc-sinh-viet-anh-tham-gia-olympic-6.webp,Olympic,WebP,1200x1800,109.5 KB,https://media.truongvietanh.com/images/olympic/hoc-sinh-viet-anh-tham-gia-olympic-6.webp
hoc-sinh-viet-anh-tham-gia-olympic-60.webp,Olympic,WebP,1200x800,162.6 KB,https://media.truongvietanh.com/images/olympic/hoc-sinh-viet-anh-tham-gia-olympic-60.webp
hoc-sinh-viet-anh-tham-gia-olympic-61.webp,Olympic,WebP,1200x801,74.7 KB,https://media.truongvietanh.com/images/olympic/hoc-sinh-viet-anh-tham-gia-olympic-61.webp
hoc-sinh-viet-anh-tham-gia-olympic-62.webp,Olympic,WebP,1200x800,211.7 KB,https://media.truongvietanh.com/images/olympic/hoc-sinh-viet-anh-tham-gia-olympic-62.webp
hoc-sinh-viet-anh-tham-gia-olympic-63.webp,Olympic,WebP,1200x801,72.3 KB,https://media.truongvietanh.com/images/olympic/hoc-sinh-viet-anh-tham-gia-olympic-63.webp
hoc-sinh-viet-anh-tham-gia-olympic-64.webp,Olympic,WebP,1200x800,70.9 KB,https://media.truongvietanh.com/images/olympic/hoc-sinh-viet-anh-tham-gia-olympic-64.webp
hoc-sinh-viet-anh-tham-gia-olympic-65.webp,Olympic,WebP,1200x1800,122.4 KB,https://media.truongvietanh.com/images/olympic/hoc-sinh-viet-anh-tham-gia-olympic-65.webp
hoc-sinh-viet-anh-tham-gia-olympic-66.webp,Olympic,WebP,1200x1800,91.0 KB,https://media.truongvietanh.com/images/olympic/hoc-sinh-viet-anh-tham-gia-olympic-66.webp
hoc-sinh-viet-anh-tham-gia-olympic-67.webp,Olympic,WebP,1200x1801,91.7 KB,https://media.truongvietanh.com/images/olympic/hoc-sinh-viet-anh-tham-gia-olympic-67.webp
hoc-sinh-viet-anh-tham-gia-olympic-68.webp,Olympic,WebP,1200x1800,86.6 KB,https://media.truongvietanh.com/images/olympic/hoc-sinh-viet-anh-tham-gia-olympic-68.webp
hoc-sinh-viet-anh-tham-gia-olympic-69.webp,Olympic,WebP,1200x1801,123.5 KB,https://media.truongvietanh.com/images/olympic/hoc-sinh-viet-anh-tham-gia-olympic-69.webp
hoc-sinh-viet-anh-tham-gia-olympic-7.webp,Olympic,WebP,1200x800,84.7 KB,https://media.truongvietanh.com/images/olympic/hoc-sinh-viet-anh-tham-gia-olympic-7.webp
hoc-sinh-viet-anh-tham-gia-olympic-70.webp,Olympic,WebP,1200x1801,87.9 KB,https://media.truongvietanh.com/images/olympic/hoc-sinh-viet-anh-tham-gia-olympic-70.webp
hoc-sinh-viet-anh-tham-gia-olympic-71.webp,Olympic,WebP,1200x1801,126.3 KB,https://media.truongvietanh.com/images/olympic/hoc-sinh-viet-anh-tham-gia-olympic-71.webp
hoc-sinh-viet-anh-tham-gia-olympic-72.webp,Olympic,WebP,1200x800,72.7 KB,https://media.truongvietanh.com/images/olympic/hoc-sinh-viet-anh-tham-gia-olympic-72.webp
hoc-sinh-viet-anh-tham-gia-olympic-73.webp,Olympic,WebP,1200x800,161.4 KB,https://media.truongvietanh.com/images/olympic/hoc-sinh-viet-anh-tham-gia-olympic-73.webp
hoc-sinh-viet-anh-tham-gia-olympic-74.webp,Olympic,WebP,1200x801,85.7 KB,https://media.truongvietanh.com/images/olympic/hoc-sinh-viet-anh-tham-gia-olympic-74.webp
hoc-sinh-viet-anh-tham-gia-olympic-75.webp,Olympic,WebP,1200x800,73.7 KB,https://media.truongvietanh.com/images/olympic/hoc-sinh-viet-anh-tham-gia-olympic-75.webp
hoc-sinh-viet-anh-tham-gia-olympic-76.webp,Olympic,WebP,1200x800,76.3 KB,https://media.truongvietanh.com/images/olympic/hoc-sinh-viet-anh-tham-gia-olympic-76.webp
hoc-sinh-viet-anh-tham-gia-olympic-77.webp,Olympic,WebP,1200x800,75.6 KB,https://media.truongvietanh.com/images/olympic/hoc-sinh-viet-anh-tham-gia-olympic-77.webp
hoc-sinh-viet-anh-tham-gia-olympic-78.webp,Olympic,WebP,1200x800,146.9 KB,https://media.truongvietanh.com/images/olympic/hoc-sinh-viet-anh-tham-gia-olympic-78.webp
hoc-sinh-viet-anh-tham-gia-olympic-79.webp,Olympic,WebP,1200x800,129.6 KB,https://media.truongvietanh.com/images/olympic/hoc-sinh-viet-anh-tham-gia-olympic-79.webp
hoc-sinh-viet-anh-tham-gia-olympic-8.webp,Olympic,WebP,1200x800,83.4 KB,https://media.truongvietanh.com/images/olympic/hoc-sinh-viet-anh-tham-gia-olympic-8.webp
hoc-sinh-viet-anh-tham-gia-olympic-80.webp,Olympic,WebP,1200x800,202.2 KB,https://media.truongvietanh.com/images/olympic/hoc-sinh-viet-anh-tham-gia-olympic-80.webp
hoc-sinh-viet-anh-tham-gia-olympic-81.webp,Olympic,WebP,1200x800,241.2 KB,https://media.truongvietanh.com/images/olympic/hoc-sinh-viet-anh-tham-gia-olympic-81.webp
hoc-sinh-viet-anh-tham-gia-olympic-82.webp,Olympic,WebP,1200x800,250.0 KB,https://media.truongvietanh.com/images/olympic/hoc-sinh-viet-anh-tham-gia-olympic-82.webp
hoc-sinh-viet-anh-tham-gia-olympic-83.webp,Olympic,WebP,1200x800,224.3 KB,https://media.truongvietanh.com/images/olympic/hoc-sinh-viet-anh-tham-gia-olympic-83.webp
hoc-sinh-viet-anh-tham-gia-olympic-84.webp,Olympic,WebP,1200x800,252.7 KB,https://media.truongvietanh.com/images/olympic/hoc-sinh-viet-anh-tham-gia-olympic-84.webp
hoc-sinh-viet-anh-tham-gia-olympic-85.webp,Olympic,WebP,1200x800,218.7 KB,https://media.truongvietanh.com/images/olympic/hoc-sinh-viet-anh-tham-gia-olympic-85.webp
hoc-sinh-viet-anh-tham-gia-olympic-86.webp,Olympic,WebP,1200x800,148.8 KB,https://media.truongvietanh.com/images/olympic/hoc-sinh-viet-anh-tham-gia-olympic-86.webp
hoc-sinh-viet-anh-tham-gia-olympic-87.webp,Olympic,WebP,1200x800,155.9 KB,https://media.truongvietanh.com/images/olympic/hoc-sinh-viet-anh-tham-gia-olympic-87.webp
hoc-sinh-viet-anh-tham-gia-olympic-88.webp,Olympic,WebP,1200x800,156.1 KB,https://media.truongvietanh.com/images/olympic/hoc-sinh-viet-anh-tham-gia-olympic-88.webp
hoc-sinh-viet-anh-tham-gia-olympic-89.webp,Olympic,WebP,1200x800,230.2 KB,https://media.truongvietanh.com/images/olympic/hoc-sinh-viet-anh-tham-gia-olympic-89.webp
hoc-sinh-viet-anh-tham-gia-olympic-9.webp,Olympic,WebP,1200x801,61.2 KB,https://media.truongvietanh.com/images/olympic/hoc-sinh-viet-anh-tham-gia-olympic-9.webp
hoc-sinh-viet-anh-tham-gia-olympic-90.webp,Olympic,WebP,1200x800,110.4 KB,https://media.truongvietanh.com/images/olympic/hoc-sinh-viet-anh-tham-gia-olympic-90.webp
hoc-sinh-viet-anh-tham-gia-olympic-91.webp,Olympic,WebP,1200x800,122.8 KB,https://media.truongvietanh.com/images/olympic/hoc-sinh-viet-anh-tham-gia-olympic-91.webp
hoc-sinh-viet-anh-tham-gia-olympic-92.webp,Olympic,WebP,1200x800,232.5 KB,https://media.truongvietanh.com/images/olympic/hoc-sinh-viet-anh-tham-gia-olympic-92.webp
hoc-sinh-viet-anh-tham-gia-olympic-93.webp,Olympic,WebP,1200x800,102.7 KB,https://media.truongvietanh.com/images/olympic/hoc-sinh-viet-anh-tham-gia-olympic-93.webp
hoc-sinh-viet-anh-tham-gia-olympic-94.webp,Olympic,WebP,1200x1800,331.6 KB,https://media.truongvietanh.com/images/olympic/hoc-sinh-viet-anh-tham-gia-olympic-94.webp
hoc-sinh-viet-anh-tham-gia-olympic-95.webp,Olympic,WebP,1200x800,170.5 KB,https://media.truongvietanh.com/images/olympic/hoc-sinh-viet-anh-tham-gia-olympic-95.webp
hoc-sinh-viet-anh-tham-gia-olympic-96.webp,Olympic,WebP,1200x1800,276.2 KB,https://media.truongvietanh.com/images/olympic/hoc-sinh-viet-anh-tham-gia-olympic-96.webp
hoc-sinh-viet-anh-tham-gia-olympic-97.webp,Olympic,WebP,1200x1800,215.6 KB,https://media.truongvietanh.com/images/olympic/hoc-sinh-viet-anh-tham-gia-olympic-97.webp
hoc-sinh-viet-anh-tham-gia-olympic-98.webp,Olympic,WebP,1200x1800,272.7 KB,https://media.truongvietanh.com/images/olympic/hoc-sinh-viet-anh-tham-gia-olympic-98.webp
hoc-sinh-viet-anh-tham-gia-olympic-99.webp,Olympic,WebP,1200x1800,165.0 KB,https://media.truongvietanh.com/images/olympic/hoc-sinh-viet-anh-tham-gia-olympic-99.webp
thay-co-tham-gia-olympic-1.webp,Olympic,WebP,1200x1800,101.6 KB,https://media.truongvietanh.com/images/olympic/thay-co-tham-gia-olympic-1.webp
thay-co-tham-gia-olympic-10.webp,Olympic,WebP,1200x800,99.8 KB,https://media.truongvietanh.com/images/olympic/thay-co-tham-gia-olympic-10.webp
thay-co-tham-gia-olympic-11.webp,Olympic,WebP,1200x800,114.0 KB,https://media.truongvietanh.com/images/olympic/thay-co-tham-gia-olympic-11.webp
thay-co-tham-gia-olympic-12.webp,Olympic,WebP,1200x800,102.5 KB,https://media.truongvietanh.com/images/olympic/thay-co-tham-gia-olympic-12.webp
thay-co-tham-gia-olympic-13.webp,Olympic,WebP,1200x800,135.4 KB,https://media.truongvietanh.com/images/olympic/thay-co-tham-gia-olympic-13.webp
thay-co-tham-gia-olympic-14.webp,Olympic,WebP,1200x800,116.4 KB,https://media.truongvietanh.com/images/olympic/thay-co-tham-gia-olympic-14.webp
thay-co-tham-gia-olympic-15.webp,Olympic,WebP,1200x800,84.4 KB,https://media.truongvietanh.com/images/olympic/thay-co-tham-gia-olympic-15.webp
thay-co-tham-gia-olympic-16.webp,Olympic,WebP,1200x1800,110.2 KB,https://media.truongvietanh.com/images/olympic/thay-co-tham-gia-olympic-16.webp
thay-co-tham-gia-olympic-17.webp,Olympic,WebP,1200x1800,107.8 KB,https://media.truongvietanh.com/images/olympic/thay-co-tham-gia-olympic-17.webp
thay-co-tham-gia-olympic-18.webp,Olympic,WebP,1200x800,143.1 KB,https://media.truongvietanh.com/images/olympic/thay-co-tham-gia-olympic-18.webp
thay-co-tham-gia-olympic-19.webp,Olympic,WebP,1200x800,95.7 KB,https://media.truongvietanh.com/images/olympic/thay-co-tham-gia-olympic-19.webp
thay-co-tham-gia-olympic-2.webp,Olympic,WebP,1200x800,114.0 KB,https://media.truongvietanh.com/images/olympic/thay-co-tham-gia-olympic-2.webp
thay-co-tham-gia-olympic-20.webp,Olympic,WebP,1200x800,64.3 KB,https://media.truongvietanh.com/images/olympic/thay-co-tham-gia-olympic-20.webp
thay-co-tham-gia-olympic-21.webp,Olympic,WebP,1200x800,60.0 KB,https://media.truongvietanh.com/images/olympic/thay-co-tham-gia-olympic-21.webp
thay-co-tham-gia-olympic-22.webp,Olympic,WebP,1200x800,208.8 KB,https://media.truongvietanh.com/images/olympic/thay-co-tham-gia-olympic-22.webp
thay-co-tham-gia-olympic-23.webp,Olympic,WebP,1200x800,119.7 KB,https://media.truongvietanh.com/images/olympic/thay-co-tham-gia-olympic-23.webp
thay-co-tham-gia-olympic-24.webp,Olympic,WebP,1200x800,63.7 KB,https://media.truongvietanh.com/images/olympic/thay-co-tham-gia-olympic-24.webp
thay-co-tham-gia-olympic-25.webp,Olympic,WebP,1200x800,61.7 KB,https://media.truongvietanh.com/images/olympic/thay-co-tham-gia-olympic-25.webp
thay-co-tham-gia-olympic-26.webp,Olympic,WebP,1200x800,67.5 KB,https://media.truongvietanh.com/images/olympic/thay-co-tham-gia-olympic-26.webp
thay-co-tham-gia-olympic-27.webp,Olympic,WebP,1200x800,139.5 KB,https://media.truongvietanh.com/images/olympic/thay-co-tham-gia-olympic-27.webp
thay-co-tham-gia-olympic-28.webp,Olympic,WebP,1200x800,128.7 KB,https://media.truongvietanh.com/images/olympic/thay-co-tham-gia-olympic-28.webp
thay-co-tham-gia-olympic-3.webp,Olympic,WebP,1200x800,84.2 KB,https://media.truongvietanh.com/images/olympic/thay-co-tham-gia-olympic-3.webp
thay-co-tham-gia-olympic-4.webp,Olympic,WebP,1200x800,90.0 KB,https://media.truongvietanh.com/images/olympic/thay-co-tham-gia-olympic-4.webp
thay-co-tham-gia-olympic-5.webp,Olympic,WebP,1200x800,69.6 KB,https://media.truongvietanh.com/images/olympic/thay-co-tham-gia-olympic-5.webp
thay-co-tham-gia-olympic-6.webp,Olympic,WebP,1200x800,64.2 KB,https://media.truongvietanh.com/images/olympic/thay-co-tham-gia-olympic-6.webp
thay-co-tham-gia-olympic-7.webp,Olympic,WebP,1200x800,91.8 KB,https://media.truongvietanh.com/images/olympic/thay-co-tham-gia-olympic-7.webp
thay-co-tham-gia-olympic-8.webp,Olympic,WebP,1200x800,134.2 KB,https://media.truongvietanh.com/images/olympic/thay-co-tham-gia-olympic-8.webp
thay-co-tham-gia-olympic-9.webp,Olympic,WebP,1200x800,108.4 KB,https://media.truongvietanh.com/images/olympic/thay-co-tham-gia-olympic-9.webp
olympic-truong-th-thcs-thpt-2026-03.mp4,Olympic,MP4,1280x720,19.4 MB,https://media.truongvietanh.com/videos/olympic/olympic-truong-th-thcs-thpt-2026-03.mp4
recap-viet-anh-olympic-tieu-hoc-bo-sung.mp4,Olympic,MP4,1280x720,175.6 MB,https://media.truongvietanh.com/videos/olympic/recap-viet-anh-olympic-tieu-hoc-bo-sung.mp4
recap-viet-anh-olympic-trung-hoc.mp4,Olympic,MP4,1280x720,85.9 MB,https://media.truongvietanh.com/videos/olympic/recap-viet-anh-olympic-trung-hoc.mp4
vi-sao-olympic-viet-anh-la-su-kien-duoc-cho-doi-nhat.mp4,Olympic,MP4,1280x720,103.5 MB,https://media.truongvietanh.com/videos/olympic/vi-sao-olympic-viet-anh-la-su-kien-duoc-cho-doi-nhat.mp4
