Category	Title	URL	Words	Forms
Pillar/LT	Trường THCS Việt Anh — Chương Trình Song Ngữ, IELTS Và Kỹ Năng Lãnh Đạo	https://truongvietanh.com/trung-hoc-co-so/	6961	2
Pillar/LT	Trường THPT Việt Anh — Đầu Ra IELTS 6.0-8.0, 99% Vào Đại Học	https://truongvietanh.com/trung-hoc-pho-thong/	6590	2
Pillar/LT	Trường Mầm Non Song Ngữ Việt Anh — Chương Trình 100% Tiếng Anh Tại TP.HCM	https://truongvietanh.com/mam-non/	6198	2
Pillar/LT	Tuyển Sinh Trường Việt Anh 2025-2026 — Hướng Dẫn Đăng Ký & Quy Trình Xét Tuyển	https://truongvietanh.com/tuyen-sinh/	5800	2
Pillar/LT	Học Phí Trường Việt Anh 2026 — Bảng Phí Chi Tiết Từ Mầm Non Đến THPT	https://truongvietanh.com/hoc-phi/	5765	2
Pillar/LT	Triết Lý Giáo Dục Trường Việt Anh — Phát Triển Toàn Diện Con Người	https://truongvietanh.com/triet-ly-giao-duc/	5614	2
Pillar/LT	Thành Tích Trường Việt Anh — Kết Quả Nổi Bật Qua Các Năm	https://truongvietanh.com/thanh-tich/	5509	2
Pillar/LT	Hệ Thống Cơ Sở Trường Việt Anh — 9 Cơ Sở Tại TP.HCM, Long An, Kiên Giang	https://truongvietanh.com/co-so/	5393	2
Pillar/LT	Góc Phụ Huynh Trường Việt Anh — Đồng Hành Cùng Con Phát Triển	https://truongvietanh.com/phu-huynh/	5328	2
Pillar/LT	Hệ Thống PDR — Play Discover Reflect Tại Trường Việt Anh	https://truongvietanh.com/he-thong-pdr/	5275	2
Pillar/LT	Trường Tiểu Học Song Ngữ Việt Anh — Chương Trình UK + Kỹ Năng Thế Kỷ 21	https://truongvietanh.com/tieu-hoc/	5248	2
Pillar/LT	Các Cấp Học Tại Trường Việt Anh — Mầm Non Đến THPT	https://truongvietanh.com/cap-hoc/	4667	2
Pillar/LT	Trường Việt Anh — Hệ Thống Giáo Dục Liên Cấp Song Ngữ Tại TP.HCM	https://truongvietanh.com/gioi-thieu/	4350	2
Pillar/LT	Liên Hệ Trường Việt Anh — Hotline, Zalo, Địa Chỉ Các Cơ Sở	https://truongvietanh.com/lien-he/	4014	2
Squeeze	Lộ trình giúp con vào TOP trường cấp 3 tại TP.HCM (MIỄN PHÍ) | Trường Việt Anh	https://truongvietanh.com/squeeze/ebook-lo-trinh-lop-10/	2480	1
Squeeze	Học Thử Miễn Phí 1 Ngày Tại Trường Việt Anh | Đăng Ký Ngay	https://truongvietanh.com/squeeze/hoc-thu-mien-phi/	2303	1
Squeeze	Test Năng Lực Miễn Phí — Biết Con Đang Ở Đâu, Để Đưa Con Đi Đúng Hướng | Trường Việt Anh	https://truongvietanh.com/squeeze/test-nang-luc/	2292	1
Squeeze	Webinar: 3 Sai Lầm Khiến Con Mất Cơ Hội Vào Trường Tốt | Trường Việt Anh	https://truongvietanh.com/squeeze/webinar-phu-huynh/	2266	1
Squeeze	Checklist Chọn Trường 2026: 15 Tiêu Chí Ba/Mẹ Phải Biết | Trường Việt Anh	https://truongvietanh.com/squeeze/checklist-chon-truong/	2211	1
Tuyển sinh	Đăng Ký Sớm Tiểu Học 2026 – Ưu Đãi Học Phí | Trường Việt Anh	https://truongvietanh.com/tuyen-sinh/tieu-hoc/dang-ky-som/	2619	1
Tuyển sinh	Đặt Lịch Tham Quan Trường – Tiểu Học Việt Anh	https://truongvietanh.com/tuyen-sinh/tieu-hoc/tham-quan-truong/	2604	1
Tuyển sinh	Checklist Chọn Trường Tiểu Học – 9 Tiêu Chí Quan Trọng	https://truongvietanh.com/tuyen-sinh/tieu-hoc/checklist/	2599	1
Tuyển sinh	Chương Trình Tiểu Học Song Ngữ – Trường Việt Anh	https://truongvietanh.com/tuyen-sinh/tieu-hoc/chuong-trinh/	2585	1
Tuyển sinh	So Sánh Trường Tiểu Học – Trường Việt Anh vs Các Trường Khác	https://truongvietanh.com/tuyen-sinh/tieu-hoc/so-sanh/	2581	1
Tuyển sinh	THCS Song Ngữ Anh-Việt Cambridge IGCSE | Trường Việt Anh	https://truongvietanh.com/tuyen-sinh/thcs/	1973	0
Tuyển sinh	Chương Trình THPT: A-Level, SAT/AP, Du Học | Trường Việt Anh	https://truongvietanh.com/tuyen-sinh/thpt/chuong-trinh-hoc/	1835	0
Tuyển sinh	THPT Cambridge A-Level + SAT Prep | Du Học Tư Vấn | Trường Việt Anh	https://truongvietanh.com/tuyen-sinh/thpt/	1823	0
Tuyển sinh	Chương Trình THCS: Cambridge IGCSE + STEM Lab | Trường Việt Anh	https://truongvietanh.com/tuyen-sinh/thcs/chuong-trinh-hoc/	1818	0
Tuyển sinh	Chương trình Cambridge Primary + STEM | Tiểu học TVA	https://truongvietanh.com/tuyen-sinh/tieu-hoc/chuong-trinh-hoc/	1771	0
Tuyển sinh	Chương trình Montessori Song ngữ | Trường Việt Anh	https://truongvietanh.com/tuyen-sinh/mam-non/chuong-trinh-hoc/	1731	0
Tuyển sinh	Phụ Huynh Nói Gì Về THCS Trường Việt Anh | Đánh Giá Thực	https://truongvietanh.com/tuyen-sinh/thcs/phu-huynh-noi-gi/	1724	0
Tuyển sinh	Câu chuyện phụ huynh | Trường Việt Anh Mầm Non	https://truongvietanh.com/tuyen-sinh/mam-non/phu-huynh-noi-gi/	1684	0
Tuyển sinh	Tiểu học Việt Anh | Cambridge STEM Song ngữ	https://truongvietanh.com/tuyen-sinh/tieu-hoc/	1672	0
Tuyển sinh	Học Sinh THPT Vào Đại Học Top | Du Học Thành Công | Trường Việt Anh	https://truongvietanh.com/tuyen-sinh/thpt/phu-huynh-noi-gi/	1666	0
Tuyển sinh	Học phí Mầm Non | Trường Việt Anh | Giá cạnh tranh	https://truongvietanh.com/tuyen-sinh/mam-non/hoc-phi/	1652	0
Tuyển sinh	Học phí Tiểu học | Trường Việt Anh | Giá cạnh tranh	https://truongvietanh.com/tuyen-sinh/tieu-hoc/hoc-phi/	1647	0
Tuyển sinh	Trường Việt Anh | Mầm Non Song Ngữ Anh-Việt Montessori	https://truongvietanh.com/tuyen-sinh/mam-non/	1645	0
Tuyển sinh	Cảm ơn! Tour THPT & Tư Vấn Đại Học | Trường Việt Anh	https://truongvietanh.com/tuyen-sinh/thpt/cam-on/	1643	0
Tuyển sinh	Câu chuyện phụ huynh tiểu học | Trường Việt Anh	https://truongvietanh.com/tuyen-sinh/tieu-hoc/phu-huynh-noi-gi/	1638	0
Tuyển sinh	Học Phí THCS Minh Bạch + Học Bổng | Trường Việt Anh	https://truongvietanh.com/tuyen-sinh/thcs/hoc-phi/	1618	0
Tuyển sinh	Lịch tham quan tiểu học xác nhận | Trường Việt Anh	https://truongvietanh.com/tuyen-sinh/tieu-hoc/xac-nhan-tour/	1618	0
Tuyển sinh	Học Phí THPT Minh Bạch + Học Bổng Cao | Trường Việt Anh	https://truongvietanh.com/tuyen-sinh/thpt/hoc-phi/	1605	0
Tuyển sinh	Tour THPT Xác Nhận | A-Level vs SAT | Trường Việt Anh	https://truongvietanh.com/tuyen-sinh/thpt/xac-nhan-tour/	1577	0
Tuyển sinh	Cảm ơn - Đã nhận đơn đăng ký | Trường Việt Anh	https://truongvietanh.com/tuyen-sinh/mam-non/cam-on/	1568	0
Tuyển sinh	Cảm ơn! Chúng tôi sẽ liên hệ sớm | Trường Việt Anh THCS	https://truongvietanh.com/tuyen-sinh/thcs/cam-on/	1546	0
Tuyển sinh	Tour Trường THCS Xác Nhận | Trường Việt Anh	https://truongvietanh.com/tuyen-sinh/thcs/xac-nhan-tour/	1534	0
Tuyển sinh	Cảm ơn - Yêu cầu Tiểu học | Trường Việt Anh	https://truongvietanh.com/tuyen-sinh/tieu-hoc/cam-on/	1530	0
Tuyển sinh	Lịch tham quan xác nhận | Trường Việt Anh Mầm Non	https://truongvietanh.com/tuyen-sinh/mam-non/xac-nhan-tour/	1497	0
Tuyển sinh	Webinar Lộ Trình THCS–THPT – Định Hướng Tương Lai Cho Con	https://truongvietanh.com/tuyen-sinh/thcs/webinar/	1197	1
Tuyển sinh	Xây Dựng Profile Du Học Từ Lớp 10 – Lộ Trình Ivy League & G8	https://truongvietanh.com/tuyen-sinh/thpt/du-hoc-profile/	1197	1
Tuyển sinh	Chuyển Cấp Lên THCS – Nỗi Lo Dậy Thì & Giải Pháp An Toàn	https://truongvietanh.com/tuyen-sinh/thcs/chuyen-cap/	1194	1
Tuyển sinh	Áp Lực Thi Vào Lớp 10 – Giải Pháp Dự Phòng An Toàn	https://truongvietanh.com/tuyen-sinh/thpt/ap-luc-thi/	1192	1
Tuyển sinh	Đặt Lịch School Tour THCS 2026 – Miễn Phí | Trường Việt Anh	https://truongvietanh.com/tuyen-sinh/thcs/tham-quan-truong/	1191	1
Tuyển sinh	Early Bird THCS 2026 – Giảm 15% Học Phí + Học Bổng Chuyển Tiếp	https://truongvietanh.com/tuyen-sinh/thcs/dang-ky-som/	1182	1
Tuyển sinh	Checklist 9 Tiêu Chí Chọn Tổ Hợp Môn Lớp 10 Theo GDPT Mới	https://truongvietanh.com/tuyen-sinh/thpt/checklist/	1181	1
Tuyển sinh	Early Bird Lớp 10 2026 – Giảm 15% + Học Bổng 70 Triệu | Trường Việt Anh	https://truongvietanh.com/tuyen-sinh/thpt/dang-ky-som/	1181	1
Tuyển sinh	Checklist 9 Tiêu Chí Chọn Trường THCS Tốt Nhất Cho Con	https://truongvietanh.com/tuyen-sinh/thcs/checklist/	1175	1
Tuyển sinh	School Tour & Tư Vấn Lộ Trình Lớp 10 2026 | Trường Việt Anh	https://truongvietanh.com/tuyen-sinh/thpt/tham-quan-truong/	1175	1
Tuyển sinh	Chương Trình Mầm Non Việt Anh — Nơi Con Yêu Phát Triển Toàn Diện	https://truongvietanh.com/tuyen-sinh/mam-non/chuong-trinh/	1055	0
Tuyển sinh	Quy Trình Tuyển Sinh | Trường Việt Anh	https://truongvietanh.com/tuyen-sinh/quy-trinh-tuyen-sinh/	964	0
Tuyển sinh	Đăng Ký Tư Vấn | Trường Việt Anh	https://truongvietanh.com/tuyen-sinh/dang-ky-tu-van/	948	0
Tuyển sinh	Tham Quan Trường | Trường Việt Anh	https://truongvietanh.com/tuyen-sinh/tham-quan-truong/	931	0
Tuyển sinh	Sau 8 tháng, con tôi tự tin nói tiếng Anh và yêu trường — Chị Lan, Gò Vấp	https://truongvietanh.com/tuyen-sinh/mam-non/cau-chuyen-phu-huynh/	893	0
Tuyển sinh	Mầm Non Việt Anh — Chỉ cách nhà anh/chị 7 phút	https://truongvietanh.com/tuyen-sinh/mam-non/co-so/	886	0
Tuyển sinh	Webinar MIỄN PHÍ: Cách chọn trường mầm non giúp con phát triển toàn diện	https://truongvietanh.com/tuyen-sinh/mam-non/webinar/	883	0
Tuyển sinh	Con hay khóc khi đi học? 5 sai lầm thường gặp khi chọn trường mầm non	https://truongvietanh.com/tuyen-sinh/mam-non/tu-van/	865	0
Tuyển sinh	Giới Thiệu Bạn Bè — Nhận Ngay Học Bổng 10 Triệu + Quà Tặng	https://truongvietanh.com/tuyen-sinh/mam-non/gioi-thieu/	861	0
Tuyển sinh	So Sánh Mầm Non Việt Anh vs Các Trường Khác — Bảng So Sánh Chi Tiết 2026	https://truongvietanh.com/tuyen-sinh/mam-non/so-sanh/	851	0
Tuyển sinh	Chuẩn Bị Nhập Học Mầm Non Tháng 9/2026 — Ưu Đãi Hè Đặc Biệt	https://truongvietanh.com/tuyen-sinh/mam-non/nhap-hoc-2026/	850	0
Tuyển sinh	Lịch Tuyển Sinh | Trường Việt Anh	https://truongvietanh.com/tuyen-sinh/lich-tuyen-sinh/	761	0
Tuyển sinh	Hồ Sơ Nhập Học | Trường Việt Anh	https://truongvietanh.com/tuyen-sinh/ho-so-nhap-hoc/	758	0
Tuyển sinh	Đăng Ký Thành Công — Mầm Non Việt Anh	https://truongvietanh.com/tuyen-sinh/mam-non/dang-ky-som/cam-on/	507	0
Tuyển sinh	Đăng Ký Thành Công — Nhập Học Mầm Non 2026 Việt Anh	https://truongvietanh.com/tuyen-sinh/mam-non/nhap-hoc-2026/cam-on/	497	0
Tuyển sinh	Giới Thiệu Thành Công — Mầm Non Việt Anh	https://truongvietanh.com/tuyen-sinh/mam-non/gioi-thieu/cam-on/	495	0
Tuyển sinh	Đặt Lịch Thành Công — Mầm Non Việt Anh	https://truongvietanh.com/tuyen-sinh/mam-non/tham-quan-truong/cam-on/	491	0
Tuyển sinh	Đã Gửi Bảng So Sánh — Mầm Non Việt Anh	https://truongvietanh.com/tuyen-sinh/mam-non/so-sanh/cam-on/	490	0
Tuyển sinh	Đăng Ký Tư Vấn Thành Công — Mầm Non Việt Anh	https://truongvietanh.com/tuyen-sinh/mam-non/tu-van/cam-on/	489	0
Tuyển sinh	Đăng Ký Webinar Thành Công — Mầm Non Việt Anh	https://truongvietanh.com/tuyen-sinh/mam-non/webinar/cam-on/	465	0
Tuyển sinh	Đã Gửi Câu Chuyện — Mầm Non Việt Anh	https://truongvietanh.com/tuyen-sinh/mam-non/cau-chuyen-phu-huynh/cam-on/	460	0
Tuyển sinh	Đã Gửi Checklist — Mầm Non Việt Anh	https://truongvietanh.com/tuyen-sinh/mam-non/checklist/cam-on/	454	0
Tuyển sinh	9 tiêu chí vàng chọn trường THCS cho con lớp 6 – Phụ huynh thông thái không thể bỏ qua	https://truongvietanh.com/tuyen-sinh/thcs/lop-6/checklist-b/	294	0
Tuyển sinh	Checklist 9 tiêu chí chọn trường THCS tốt nhất cho con lớp 6 – Tải miễn phí	https://truongvietanh.com/tuyen-sinh/thcs/lop-6/checklist-a/	283	0
Tuyển sinh	Con sắp vào lớp 6 – Lo lắng về áp lực học tập, môi trường dậy thì và chuyển cấp? Đây là những gì cha mẹ cần biết ngay | Trường Việt Anh	https://truongvietanh.com/tuyen-sinh/thcs/lop-6/pain-point-a/	262	0
Tuyển sinh	Nhận ngay báo cáo '5 thách thức lớn nhất khi con lên lớp 6' + Tư vấn lộ trình miễn phí | Trường Việt Anh	https://truongvietanh.com/tuyen-sinh/thcs/lop-6/pain-point-b/	229	0
Tuyển sinh	Đăng Ký Thành Công — Cơ Sở Mầm Non Việt Anh	https://truongvietanh.com/tuyen-sinh/mam-non/co-so/cam-on/	227	0
Tuyển sinh	Khóa học phí THCS thấp nhất 2026 – Tặng thêm học bổng lên lớp 9 trị giá 50 triệu	https://truongvietanh.com/tuyen-sinh/thcs/lop-6/early-bird-b/	212	0
Tuyển sinh	Early Bird 2026 – Giảm ngay 15% học phí THCS + Học bổng chuyển tiếp lớp 9	https://truongvietanh.com/tuyen-sinh/thcs/lop-6/early-bird-a/	210	0
Tuyển sinh	LIVE Webinar: Bí quyết giúp con lớp 6 thành công suốt 4 năm THCS	https://truongvietanh.com/tuyen-sinh/thcs/lop-6/webinar-b/	201	0
Tuyển sinh	Webinar MIỄN PHÍ: Lộ trình học THCS – THPT thành công năm 2026	https://truongvietanh.com/tuyen-sinh/thcs/lop-6/webinar-a/	199	0
Tuyển sinh	Đặt lịch School Tour THCS 2026 – Con bạn sẽ được học 1 buổi thực tế	https://truongvietanh.com/tuyen-sinh/thcs/lop-6/school-tour-a/	179	0
Tuyển sinh	Trải nghiệm lớp 6 thực tế + Tư vấn lộ trình cá nhân hóa – Đăng ký School Tour MIỄN PHÍ	https://truongvietanh.com/tuyen-sinh/thcs/lop-6/school-tour-b/	171	0
Tuyển sinh	Cảm Ơn – Áp lực thi THPT | Trường Việt Anh	https://truongvietanh.com/tuyen-sinh/thpt/ap-luc-thi/cam-on/	150	0
Tuyển sinh	Cảm Ơn – Early Bird Tiểu Học | Trường Việt Anh	https://truongvietanh.com/tuyen-sinh/tieu-hoc/dang-ky-som/cam-on/	148	0
Tuyển sinh	Cảm Ơn – Du học Profile THPT | Trường Việt Anh	https://truongvietanh.com/tuyen-sinh/thpt/du-hoc-profile/cam-on/	147	0
Tuyển sinh	Cảm Ơn – School Tour Tiểu Học | Trường Việt Anh	https://truongvietanh.com/tuyen-sinh/tieu-hoc/tham-quan-truong/cam-on/	147	0
Tuyển sinh	Cảm Ơn – Chương trình Tiểu Học | Trường Việt Anh	https://truongvietanh.com/tuyen-sinh/tieu-hoc/chuong-trinh/cam-on/	145	0
Tuyển sinh	Cảm Ơn – Chuyển cấp THCS | Trường Việt Anh	https://truongvietanh.com/tuyen-sinh/thcs/chuyen-cap/cam-on/	144	0
Tuyển sinh	Cảm Ơn – So sánh Tiểu Học | Trường Việt Anh	https://truongvietanh.com/tuyen-sinh/tieu-hoc/so-sanh/cam-on/	144	0
Tuyển sinh	Cảm Ơn – School Tour THCS | Trường Việt Anh	https://truongvietanh.com/tuyen-sinh/thcs/tham-quan-truong/cam-on/	143	0
Tuyển sinh	Cảm Ơn – Early Bird THPT | Trường Việt Anh	https://truongvietanh.com/tuyen-sinh/thpt/dang-ky-som/cam-on/	142	0
Tuyển sinh	Cảm Ơn – Early Bird THCS | Trường Việt Anh	https://truongvietanh.com/tuyen-sinh/thcs/dang-ky-som/cam-on/	141	0
Tuyển sinh	Cảm Ơn – Checklist Tiểu Học | Trường Việt Anh	https://truongvietanh.com/tuyen-sinh/tieu-hoc/checklist/cam-on/	141	0
Tuyển sinh	Cảm Ơn – School Tour THPT | Trường Việt Anh	https://truongvietanh.com/tuyen-sinh/thpt/tham-quan-truong/cam-on/	140	0
Tuyển sinh	Cảm Ơn – Checklist THPT | Trường Việt Anh	https://truongvietanh.com/tuyen-sinh/thpt/checklist/cam-on/	137	0
Tuyển sinh	Cảm Ơn – Webinar THCS | Trường Việt Anh	https://truongvietanh.com/tuyen-sinh/thcs/webinar/cam-on/	136	0
Tuyển sinh	Cảm Ơn – Checklist THCS | Trường Việt Anh	https://truongvietanh.com/tuyen-sinh/thcs/checklist/cam-on/	135	0
Cơ sở	Mầm Non Gò Vấp Lê Đức Thọ | Trường Việt Anh	https://truongvietanh.com/co-so/mam-non-go-vap-le-duc-tho/	1006	0
Cơ sở	Cơ Sở Gò Vấp Phan Huy Ích | Trường Việt Anh	https://truongvietanh.com/co-so/go-vap-phan-huy-ich/	979	0
Cơ sở	Cơ Sở Phú Nhuận Nguyễn Trọng Tuyển | Trường Việt Anh	https://truongvietanh.com/co-so/phu-nhuan-nguyen-trong-tuyen/	796	0
Cơ sở	Cơ Sở Bình Tân Tỉnh Lộ 10 | Trường Việt Anh	https://truongvietanh.com/co-so/binh-tan-tinh-lo-10/	771	0
Blog	Tiểu Học Việt Anh: 5 Năm Đặt Nền Móng Tự Chủ Cho Cả Cuộc Đời | Blog Trường Việt Anh	https://truongvietanh.com/blog/tieu-hoc/	2417	1
Blog	Cơ Sở Vật Chất Trường Việt Anh: Nơi Con Học, Chơi Và Lớn Lên An Toàn | Blog Trường Việt Anh	https://truongvietanh.com/blog/co-so-vat-chat/	2378	1
Blog	Chương Trình Đào Tạo Việt Anh: Từ Mầm Non Đến IELTS 6.0+ Trong Một Lộ Trình Duy Nhất | Blog Trường Việt Anh	https://truongvietanh.com/blog/chuong-trinh-dao-tao/	2362	1
Blog	Trường THCS Việt Anh: 4 Năm Biến Áp Lực Thành Bản Lĩnh | Blog Trường Việt Anh	https://truongvietanh.com/blog/thcs/	2329	1
Blog	Đại học Luật TP HCM không bắt sinh viên đóng ti... | Trường Việt Anh | Blog Trường Việt Anh	https://truongvietanh.com/blog/dai-hoc-luat-tp-hcm-khong-bat-sinh-vien-dong-tien-du-le-tot-nghiep/	2279	1
Blog	DU HỌC ĐÀI LOAN - NỀN GIÁO DỤC TIÊN TIẾN THẾ GI... | Trường Việt Anh | Blog Trường Việt Anh	https://truongvietanh.com/blog/du-hoc-dai-loan-nen-giao-duc-tien-tien-the-gioi/	2277	1
Blog	THPT Việt Anh: 3 Năm Kiến Tạo Bản Lĩnh, IELTS Và Cánh Cửa Đại Học Top | Blog Trường Việt Anh	https://truongvietanh.com/blog/thpt/	2276	1
Blog	TRONG KHI THỰC HÀNH THÍ NGHIỆM LUÔN PHÂN TÍCH T... | Trường Việt Anh | Blog Trường Việt Anh	https://truongvietanh.com/blog/trong-khi-thuc-hanh-thi-nghiem-luon-phan-tich-tim-ra-quy-luat/	2276	1
Blog	THỐNG KÊ CHI PHÍ DU HỌC ANH | Trường Việt Anh | Blog Trường Việt Anh	https://truongvietanh.com/blog/thong-ke-chi-phi-du-hoc-anh/	2272	1
Blog	Học sinh Sài Gòn sẽ thi thử THPT quốc gia phươn... | Trường Việt Anh | Blog Trường Việt Anh	https://truongvietanh.com/blog/hoc-sinh-sai-gon-se-thi-thu-thpt-quoc-gia-phuong-an-moi/	2270	1
Blog	Trường đại học xin lỗi vì gửi nhầm thư trúng tu... | Trường Việt Anh | Blog Trường Việt Anh	https://truongvietanh.com/blog/truong-dai-hoc-xin-loi-vi-gui-nham-thu-trung-tuyen/	2268	1
Blog	CẦN CHUẨN BỊ NHỮNG GÌ TRƯỚC KHI ĐI DU HỌC | Trường Việt Anh | Blog Trường Việt Anh	https://truongvietanh.com/blog/can-chuan-bi-nhung-gi-truoc-khi-di-du-hoc/	2267	1
Blog	HỘI SÁCH MÙA THU VIỆT ANH - KHỞI ĐẦU LÝ TƯỞNG N... | Trường Việt Anh | Blog Trường Việt Anh	https://truongvietanh.com/blog/hoi-sach-mua-thu-viet-anh-khoi-dau-ly-tuong-nam-hoc-2018/	2266	1
Blog	Trường tổ chức tốt nghiệp sớm cho nam sinh có b... | Trường Việt Anh | Blog Trường Việt Anh	https://truongvietanh.com/blog/truong-to-chuc-tot-nghiep-som-cho-nam-sinh-co-bo-sap-mat/	2263	1
Blog	Một số lưu ý làm bài thi Hóa học THPT đạt điểm ... | Trường Việt Anh | Blog Trường Việt Anh	https://truongvietanh.com/blog/mot-so-luu-y-lam-bai-thi-hoa-hoc-thpt-dat-diem-cao/	2262	1
Blog	TRẠI HÈ THỤY SỸ: BỔ ÍCH VÀ NHIỀU ĐIỀU MỚI LẠ | Trường Việt Anh | Blog Trường Việt Anh	https://truongvietanh.com/blog/trai-he-thuy-sy-bo-ich-va-nhieu-dieu-moi-la/	2259	1
Blog	10 LÝ DO KHIẾN BẠN MUỐN ĐI DU HỌC ÚC | Trường Việt Anh | Blog Trường Việt Anh	https://truongvietanh.com/blog/10-ly-do-khien-ban-muon-di-du-hoc-uc/	2258	1
Blog	New York thành bang đầu tiên ở Mỹ miễn phí đại ... | Trường Việt Anh | Blog Trường Việt Anh	https://truongvietanh.com/blog/new-york-thanh-bang-dau-tien-o-my-mien-phi-dai-hoc-4-nam/	2257	1
Blog	Nam sinh khiếm thị Quảng Nam được tuyển thẳng v... | Trường Việt Anh | Blog Trường Việt Anh	https://truongvietanh.com/blog/nam-sinh-khiem-thi-quang-nam-duoc-tuyen-thang-vao-truong-o-sai-gon/	2254	1
Blog	Ngành Bác sĩ đa khoa hệ dân sự Học viện Quân y ... | Trường Việt Anh | Blog Trường Việt Anh	https://truongvietanh.com/blog/nganh-bac-si-da-khoa-he-dan-su-hoc-vien-quan-y-du-kien-lay-26-diem/	2254	1
Blog	Ở trung tâm vẫn đưa con học trường cấp 3 nội tr... | Trường Việt Anh | Blog Trường Việt Anh	https://truongvietanh.com/blog/o-trung-tam-van-dua-con-hoc-truong-cap-3-noi-tru/	2254	1
Blog	Ông Đinh La Thăng chỉ đạo xây trường cấp 3 ở xã... | Trường Việt Anh | Blog Trường Việt Anh	https://truongvietanh.com/blog/ong-dinh-la-thang-chi-dao-xay-truong-cap-3-o-xa-dao-duy-nhat-tp-hcm/	2254	1
Blog	Thầy giáo được công nhận viên chức sau khi than... | Trường Việt Anh | Blog Trường Việt Anh	https://truongvietanh.com/blog/thay-giao-duoc-cong-nhan-vien-chuc-sau-khi-than-phien-voi-ong-dinh-la-thang/	2253	1
Blog	Cộng tối đa 4 điểm khuyến khích trong xét tốt n... | Trường Việt Anh | Blog Trường Việt Anh	https://truongvietanh.com/blog/cong-toi-da-4-diem-khuyen-khich-trong-xet-tot-nghiep-thpt/	2251	1
Blog	LỢI ÍCH KHI DU HỌC HÀN QUỐC | Trường Việt Anh | Blog Trường Việt Anh	https://truongvietanh.com/blog/loi-ich-khi-du-hoc-han-quoc/	2251	1
Blog	2.000 cây mai anh đào Đà Lạt sẽ khoe sắc vào lễ... | Trường Việt Anh | Blog Trường Việt Anh	https://truongvietanh.com/blog/2-000-cay-mai-anh-dao-da-lat-se-khoe-sac-vao-le-hoi/	2249	1
Blog	CUỘC THI HÙNG BIỆN THẾ GIỚI DÀNH CHO HỌC SINH N... | Trường Việt Anh | Blog Trường Việt Anh	https://truongvietanh.com/blog/cuoc-thi-hung-bien-the-gioi-danh-cho-hoc-sinh-nam-2020/	2248	1
Blog	Học sinh hạnh kiểm yếu không được dự thi THPT q... | Trường Việt Anh | Blog Trường Việt Anh	https://truongvietanh.com/blog/hoc-sinh-hanh-kiem-yeu-khong-duoc-du-thi-thpt-quoc-gia/	2248	1
Blog	Ca sĩ nhóm One Direction quyên tiền giúp du khá... | Trường Việt Anh | Blog Trường Việt Anh	https://truongvietanh.com/blog/ca-si-nhom-one-direction-quyen-tien-giup-du-khach-gap-nan-o-viet-nam/	2247	1
Blog	TẠI SAO NÊN CHO CON ĐI HỌC TRƯỜNG NỘI TRÚ MỸ | Trường Việt Anh | Blog Trường Việt Anh	https://truongvietanh.com/blog/tai-sao-nen-cho-con-di-hoc-truong-noi-tru-my/	2247	1
Blog	Danh sách học sinh bắt buộc học phụ đạo môn Anh... | Trường Việt Anh | Blog Trường Việt Anh	https://truongvietanh.com/blog/danh-sach-hoc-sinh-bat-buoc-hoc-phu-dao-mon-anh-van-quoc-te-avqt/	2246	1
Blog	DU HỌC PHÁP: 10 LÝ DO KHIẾN BẠN MUỐN ĐI DU HỌC ... | Trường Việt Anh | Blog Trường Việt Anh	https://truongvietanh.com/blog/du-hoc-phap-10-ly-do-khien-ban-muon-di-du-hoc-ngay/	2246	1
Blog	LỢI ÍCH CỦA TRẠI HÈ TRÊN THẾ GIỚI | Trường Việt Anh | Blog Trường Việt Anh	https://truongvietanh.com/blog/loi-ich-cua-trai-he-tren-the-gioi/	2246	1
Blog	NHỮNG KINH NGHIỆM DU HỌC ĐÀI LOAN | Trường Việt Anh | Blog Trường Việt Anh	https://truongvietanh.com/blog/nhung-kinh-nghiem-du-hoc-dai-loan/	2246	1
Blog	Soạn giáo trình đại học thế nào cho hấp dẫn | Trường Việt Anh | Blog Trường Việt Anh	https://truongvietanh.com/blog/soan-giao-trinh-dai-hoc-the-nao-cho-hap-dan/	2246	1
Blog	DU HỌC: CÁC TRƯỜNG ĐẠI HỌC HÀNG ĐẦU THẾ GIỚ | Trường Việt Anh | Blog Trường Việt Anh	https://truongvietanh.com/blog/du-hoc-cac-truong-dai-hoc-hang-dau-the-gioi/	2245	1
Blog	LỜI KHUYÊN DÀNH CHO PHỤ HUYNH CÓ CON ĐI DU HỌC | Trường Việt Anh | Blog Trường Việt Anh	https://truongvietanh.com/blog/loi-khuyen-danh-cho-phu-huynh-co-con-di-du-hoc/	2245	1
Blog	Đề nghị phạt nặng người bán quà vặt độc hại ở c... | Trường Việt Anh | Blog Trường Việt Anh	https://truongvietanh.com/blog/de-nghi-phat-nang-nguoi-ban-qua-vat-doc-hai-o-cong-truong/	2244	1
Blog	Tỷ lệ tốt nghiệp THPT quốc gia có thể giảm một ... | Trường Việt Anh | Blog Trường Việt Anh	https://truongvietanh.com/blog/ty-le-tot-nghiep-thpt-quoc-gia-co-the-giam-mot-chut-so-voi-nam-truoc/	2244	1
Blog	10 LỢI ÍCH THIẾT THỰC KHI BAN ĐI DU HỌC | Trường Việt Anh | Blog Trường Việt Anh	https://truongvietanh.com/blog/10-loi-ich-thiet-thuc-khi-ban-di-du-hoc/	2240	1
Blog	Cập Nhật Thời Khóa Biểu Học Phụ Đạo môn Anh Văn... | Trường Việt Anh | Blog Trường Việt Anh	https://truongvietanh.com/blog/cap-nhat-thoi-khoa-bieu-hoc-phu-dao-mon-anh-van-quoc-te-avqt/	2240	1
Blog	Đặc điểm chỉ người hạnh phúc mới có | Trường Việt Anh | Blog Trường Việt Anh	https://truongvietanh.com/blog/dac-diem-chi-nguoi-hanh-phuc-moi-co/	2240	1
Blog	Nữ sinh bắt chước 7 thứ tiếng làm MC dẫn thời s... | Trường Việt Anh | Blog Trường Việt Anh	https://truongvietanh.com/blog/nu-sinh-bat-chuoc-7-thu-tieng-lam-mc-dan-thoi-su-quoc-te/	2240	1
Blog	Sinh viên được phép chọn tuổi và giới tính giản... | Trường Việt Anh | Blog Trường Việt Anh	https://truongvietanh.com/blog/sinh-vien-duoc-phep-chon-tuoi-va-gioi-tinh-giang-vien/	2240	1
Blog	Thí sinh không phải sang tỉnh khác để dự thi TH... | Trường Việt Anh | Blog Trường Việt Anh	https://truongvietanh.com/blog/thi-sinh-khong-phai-sang-tinh-khac-de-du-thi-thpt-quoc-gia/	2240	1
Blog	TPHCM: Ban giám hiệu phải ăn thử thức ăn bán tr... | Trường Việt Anh | Blog Trường Việt Anh	https://truongvietanh.com/blog/tphcm-ban-giam-hieu-phai-an-thu-thuc-an-ban-tru/	2240	1
Blog	DU HỌC CHÂU ÂU NƯỚC NÀO RẺ NHẤT | Trường Việt Anh | Blog Trường Việt Anh	https://truongvietanh.com/blog/du-hoc-chau-au-nuoc-nao-re-nhat-2/	2239	1
Blog	Hoàn thành phần dự thi của bạn | Trường Việt Anh | Blog Trường Việt Anh	https://truongvietanh.com/blog/hoan-thanh-phan-du-thi-cua-ban/	2239	1
Blog	Học trường THPT nào ở TPHCM dễ đậu đại học? | T... | Trường Việt Anh | Blog Trường Việt Anh	https://truongvietanh.com/blog/hoc-truong-thpt-nao-o-tphcm-de-dau-dai-hoc/	2239	1
Blog	NHỮNG ĐIỂM ĐẾN DU HỌC LÝ TƯỞNG | Trường Việt Anh | Blog Trường Việt Anh	https://truongvietanh.com/blog/nhung-diem-den-du-hoc-ly-tuong/	2239	1
Blog	[THCS] & [THPT] Tiết mục giải I văn nghệ của em... | Trường Việt Anh | Blog Trường Việt Anh	https://truongvietanh.com/blog/thcs-thpt-tiet-muc-giai-i-van-nghe-cua-em-nguyen-minh-cuong-lop-12a1-p1/	2239	1
Blog	HỌC SINH VIỆT ANH THAM GIA HỘI THI ĐẦU BẾP TRẺ ... | Trường Việt Anh | Blog Trường Việt Anh	https://truongvietanh.com/blog/hoc-sinh-viet-anh-tham-gia-hoi-thi-dau-bep-tre-2021/	2238	1
Blog	5 nguyên tắc khen con của mẹ 'thần đồng' Đỗ Nhậ... | Trường Việt Anh | Blog Trường Việt Anh	https://truongvietanh.com/blog/5-nguyen-tac-khen-con-cua-me-than-dong-do-nhat-nam/	2237	1
Blog	NHỮNG LỢI ÍCH CỦA VIỆC HỌC HÈ | Trường Việt Anh | Blog Trường Việt Anh	https://truongvietanh.com/blog/nhung-loi-ich-cua-viec-hoc-he/	2237	1
Blog	Trường [THCS]&[THPT] Việt Anh - Lễ Bế Giảng Việ... | Trường Việt Anh | Blog Trường Việt Anh	https://truongvietanh.com/blog/truong-thcsthpt-viet-anh-le-giang-viet-anh-nien-khoa-2011-2012/	2237	1
Blog	3 Học Sinh Đạt Giải IOE (Cuộc thi Olympic tiếng... | Trường Việt Anh | Blog Trường Việt Anh	https://truongvietanh.com/blog/3-hoc-sinh-dat-giai-ioe-cuoc-thi-olympic-tieng-anh-tren-internet-cua-bo-giao-duc-va-dao-tao/	2236	1
Blog	DU HỌC ANH: 10 ĐIỀU DU HỌC SINH CẦN LƯU Ý | Trường Việt Anh | Blog Trường Việt Anh	https://truongvietanh.com/blog/du-hoc-anh-10-dieu-du-hoc-sinh-can-luu-y/	2235	1
Blog	DU HỌC: Ở NHÀ NGƯỜI BẢN XỨ ĐƯỢC GÌ VÀ MẤT GÌ | Trường Việt Anh | Blog Trường Việt Anh	https://truongvietanh.com/blog/du-hoc-o-nha-nguoi-ban-xu-duoc-gi-va-mat-gi/	2235	1
Blog	Giám đốc 9x thu nghìn đô mỗi tháng nhờ lập trìn... | Trường Việt Anh | Blog Trường Việt Anh	https://truongvietanh.com/blog/giam-doc-9x-thu-nghin-do-moi-thang-nho-lap-trinh/	2235	1
Blog	Thí sinh đăng kí dự thi THPT quốc gia từ 1-4 | Trường Việt Anh | Blog Trường Việt Anh	https://truongvietanh.com/blog/thi-sinh-dang-ki-du-thi-thpt-quoc-gia-tu-1-4/	2235	1
Blog	Đại học Kinh tế quốc dân tuyển thẳng thí sinh đ... | Trường Việt Anh | Blog Trường Việt Anh	https://truongvietanh.com/blog/dai-hoc-kinh-te-quoc-dan-tuyen-thang-thi-sinh-dat-27-diem/	2234	1
Blog	Học sinh Sài Gòn học văn ở nhà thờ Đức Bà | Trường Việt Anh | Blog Trường Việt Anh	https://truongvietanh.com/blog/hoc-sinh-sai-gon-hoc-van-o-nha-tho-duc-ba/	2234	1
Blog	SUMMER GOT TALENT 2017 | Khóa Học Hè Học Mọi Nơ... | Trường Việt Anh | Blog Trường Việt Anh	https://truongvietanh.com/blog/khoa-he-summer-got-talents-2017-uu-dai/	2234	1
Blog	Nội quy trường trung học nội trú ở thành phố hồ... | Trường Việt Anh | Blog Trường Việt Anh	https://truongvietanh.com/blog/noi-quy-truong-trung-hoc-noi-tru-o-tphcm/	2234	1
Blog	Project Based Learning – Lớp 11B1 – PARTY AROUN... | Trường Việt Anh | Blog Trường Việt Anh	https://truongvietanh.com/blog/project-based-learning-lop-11b1-party-around-the-world/	2234	1
Blog	VÌ SAO SINGAPORE LẠI HẤP DẪN DU HỌC SINH VIỆT N... | Trường Việt Anh | Blog Trường Việt Anh	https://truongvietanh.com/blog/vi-sao-singapore-lai-hap-dan-du-hoc-sinh-viet-nam/	2234	1
Blog	BÍ QUYẾT TIẾT KIỆM CHI PHÍ KHI DU HỌC MỸ | Trường Việt Anh | Blog Trường Việt Anh	https://truongvietanh.com/blog/bi-quyet-tiet-kiem-chi-phi-khi-du-hoc-my/	2233	1
Blog	DU HỌC MỸ CẦN CHUẨN BỊ BAO NHIÊU TIỀN | Trường Việt Anh | Blog Trường Việt Anh	https://truongvietanh.com/blog/du-hoc-my-can-chuan-bi-bao-nhieu-tien/	2233	1
Blog	Lưu Ý Khi Cho Con Học Trường Nội Trú | Trường Việt Anh | Blog Trường Việt Anh	https://truongvietanh.com/blog/luu-y-khi-cho-con-hoc-truong-noi-tru/	2233	1
Blog	NHỮNG ĐIỀU NÊN BIẾT KHI DU HỌC MỸ | Trường Việt Anh | Blog Trường Việt Anh	https://truongvietanh.com/blog/nhung-dieu-nen-biet-khi-du-hoc-my/	2233	1
Blog	Cẩm Nang Du Học | Trường Việt Anh | Blog Trường Việt Anh	https://truongvietanh.com/blog/cam-nang-du-hoc/	2232	1
Blog	NHỮNG ĐIỀU CẦN LƯU Ý KHI DU HỌC CANADA | Trường Việt Anh | Blog Trường Việt Anh	https://truongvietanh.com/blog/nhung-dieu-can-luu-y-khi-du-hoc-canada/	2232	1
Blog	5 ĐIỀU KHÔNG THỂ BỎ LỠ KHI DU HỌC CANADA | Trường Việt Anh | Blog Trường Việt Anh	https://truongvietanh.com/blog/5-dieu-khong-the-bo-lo-khi-du-hoc-canada/	2231	1
Blog	5 lợi ích khi du học Mỹ từ trung học | Trường Việt Anh | Blog Trường Việt Anh	https://truongvietanh.com/blog/5-loi-ich-khi-du-hoc-my-tu-trung-hoc/	2231	1
Blog	BÍ QUYẾT DU HỌC MỸ VỚI CHI PHÍ THẤP | Trường Việt Anh | Blog Trường Việt Anh	https://truongvietanh.com/blog/bi-quyet-du-hoc-my-voi-chi-phi-thap/	2231	1
Blog	DU HỌC NHẬT BẢN ĐEM LẠI CHO BẠN LỢI ÍCH GÌ ? | Trường Việt Anh | Blog Trường Việt Anh	https://truongvietanh.com/blog/du-hoc-nhat-ban-dem-lai-cho-ban-loi-ich-gi/	2231	1
Blog	LỢI ÍCH CỦA VIỆC HỌC TRƯỜNG NỘI TRÚ | Trường Việt Anh | Blog Trường Việt Anh	https://truongvietanh.com/blog/loi-ich-cua-viec-hoc-truong-noi-tru/	2231	1
Blog	Nhiều sinh viên Bách khoa ra trường có mức lươn... | Trường Việt Anh | Blog Trường Việt Anh	https://truongvietanh.com/blog/nhieu-sinh-vien-bach-khoa-ra-truong-co-muc-luong-2-000-3-000-usd/	2231	1
Blog	TOP 20 TRƯỜNG NỘI TRÚ CHI PHÍ THẤP NHẤT CANADA | Trường Việt Anh | Blog Trường Việt Anh	https://truongvietanh.com/blog/top-20-truong-noi-tru-chi-phi-thap-nhat-canada/	2231	1
Blog	NIỀM VUI LỚN CỦA THẦY VÀ TRÒ TRƯỜNG VIỆT ANH | Trường Việt Anh | Blog Trường Việt Anh	https://truongvietanh.com/blog/-niem-vui-lon-cua-thay-va-tro-truong-viet-anh/	2230	1
Blog	Bất ngờ trường Lý Tự Trọng bị giải thể | Trường Việt Anh | Blog Trường Việt Anh	https://truongvietanh.com/blog/bat-ngo-truong-ly-tu-trong-bi-giai-the/	2230	1
Blog	BÍ QUYẾT PHỎNG VẤN KHI XIN VISA DU HỌC MỸ | Trường Việt Anh | Blog Trường Việt Anh	https://truongvietanh.com/blog/bi-quyet-phong-van-khi-xin-visa-du-hoc-my/	2230	1
Blog	DU HỌC Ý: VĂN HÓA CÀ PHÊ CỦA NGƯỜI Ý | Trường Việt Anh | Blog Trường Việt Anh	https://truongvietanh.com/blog/du-hoc-y-van-hoa-ca-phe-cua-nguoi-y/	2230	1
Blog	NASA cảm ơn nam sinh 17 tuổi nước Anh vì phát h... | Trường Việt Anh | Blog Trường Việt Anh	https://truongvietanh.com/blog/nasa-cam-on-nam-sinh-17-tuoi-nuoc-anh-vi-phat-hien-loi-du-lieu/	2230	1
Blog	THÔNG BÁO THỜI GIAN NGHỈ TẾT NGUYÊN ĐÁN TÂN SỬU | Trường Việt Anh | Blog Trường Việt Anh	https://truongvietanh.com/blog/thong-bao-thoi-gian-nghi-tet-nguyen-dan-tan-suu/	2230	1
Blog	Trường hợp nào được miễn thi Ngoại ngữ trong xé... | Trường Việt Anh | Blog Trường Việt Anh	https://truongvietanh.com/blog/truong-hop-nao-duoc-mien-thi-ngoai-ngu-trong-xet-tot-nghiep-thpt/	2230	1
Blog	TƯ VẤN DU HỌC ÚC - NHỮNG ĐIỀU CẦN BIẾT TRƯỚC KH... | Trường Việt Anh | Blog Trường Việt Anh	https://truongvietanh.com/blog/tu-van-du-hoc-uc-nhung-dieu-can-biet-truoc-khi-di-du-hoc-uc/	2230	1
Blog	Việt Nam xếp thứ 6 về du học sinh tại Mỹ | Trường Việt Anh | Blog Trường Việt Anh	https://truongvietanh.com/blog/viet-nam-xep-thu-6-ve-du-hoc-sinh-tai-my/	2230	1
Blog	Cậu bé 11 tuổi có chỉ số IQ vượt cả Einstein | Trường Việt Anh | Blog Trường Việt Anh	https://truongvietanh.com/blog/cau-be-11-tuoi-co-chi-so-iq-vuot-ca-einstein/	2229	1
Blog	DU HỌC ÚC: NHỮNG ĐIỀU CẦN BIẾT VỀ VĂN HÓA ÚC | Trường Việt Anh | Blog Trường Việt Anh	https://truongvietanh.com/blog/du-hoc-uc-nhung-dieu-can-biet-ve-van-hoa-uc/	2229	1
Blog	Học sinh Trường Việt Anh chơi thể thao | Trường Việt Anh | Blog Trường Việt Anh	https://truongvietanh.com/blog/hoc-sinh-truong-viet-anh-choi-the-thao/	2229	1
Blog	Luyện thi môn Ngữ văn bằng bản đồ tư duy | Trường Việt Anh | Blog Trường Việt Anh	https://truongvietanh.com/blog/luyen-thi-mon-ngu-van-bang-ban-do-tu-duy/	2229	1
Blog	LỢI ÍCH KHI DU HỌC TRƯỜNG NỘI TRÚ TẠI MỸ | Trường Việt Anh | Blog Trường Việt Anh	https://truongvietanh.com/blog/loi-ich-khi-du-hoc-truong-noi-tru-tai-my/	2228	1
Blog	Mark Zuckerberg sẽ nhận bằng đại học Harvard và... | Trường Việt Anh | Blog Trường Việt Anh	https://truongvietanh.com/blog/mark-zuckerberg-se-nhan-bang-dai-hoc-harvard-vao-thang-5/	2228	1
Blog	NHỮNG ĐIỀU CẦN BIẾT KHI DU HỌC NGA | Trường Việt Anh | Blog Trường Việt Anh	https://truongvietanh.com/blog/nhung-dieu-can-biet-khi-du-hoc-nga/	2228	1
Blog	DU HỌC CANADA NGÀNH QUẢN TRỊ DU LỊCH - KHÁCH SẠ... | Trường Việt Anh | Blog Trường Việt Anh	https://truongvietanh.com/blog/du-hoc-canada-nganh-quan-tri-du-lich-khach-san/	2227	1
Blog	Hiệu trưởng Mỹ thưởng tiền cho học sinh không d... | Trường Việt Anh | Blog Trường Việt Anh	https://truongvietanh.com/blog/hieu-truong-my-thuong-tien-cho-hoc-sinh-khong-dung-dien-thoai/	2227	1
Blog	THAM GIA TRẠI HÈ ĐỂ TỰ TIN GIAO TIẾP | Trường Việt Anh | Blog Trường Việt Anh	https://truongvietanh.com/blog/tham-gia-trai-he-de-tu-tin-giao-tiep/	2227	1
Blog	5 đại học hàng đầu của New Zealand | Trường Việt Anh | Blog Trường Việt Anh	https://truongvietanh.com/blog/5-dai-hoc-hang-dau-cua-new-zealand/	2226	1
Blog	Bí quyết quản lý tài chính khi đi du học | Trường Việt Anh | Blog Trường Việt Anh	https://truongvietanh.com/blog/bi-quyet-quan-ly-tai-chinh-khi-di-du-hoc/	2226	1
Blog	Hàng chục sĩ tử bị đình chỉ vì mang điện thoại ... | Trường Việt Anh | Blog Trường Việt Anh	https://truongvietanh.com/blog/hang-chuc-si-tu-bi-dinh-chi-vi-mang-dien-thoai-di-dong/	2226	1
Blog	Ông Đinh La Thăng: 'Bỏ tiêu chí hộ khẩu với sin... | Trường Việt Anh | Blog Trường Việt Anh	https://truongvietanh.com/blog/ong-dinh-la-thang-bo-tieu-chi-ho-khau-voi-sinh-vien-y-pham-ngoc-thach/	2226	1
Blog	RÈN LUYỆN TÍNH CÁCH TỪ TRẠI HÈ CHO TRẺ | Trường Việt Anh | Blog Trường Việt Anh	https://truongvietanh.com/blog/ren-luyen-tinh-cach-tu-trai-he-cho-tre/	2226	1
Blog	TỰ CHĂM SÓC SỨC KHỎE KHI DU HỌC | Trường Việt Anh | Blog Trường Việt Anh	https://truongvietanh.com/blog/tu-cham-soc-suc-khoe-khi-du-hoc/	2226	1
Blog	11 đại học Anh được sinh viên đánh giá cao | Trường Việt Anh | Blog Trường Việt Anh	https://truongvietanh.com/blog/11-dai-hoc-anh-duoc-sinh-vien-danh-gia-cao/	2225	1
Blog	Định hướng nghề nghiệp: Phải làm sao nếu không ... | Trường Việt Anh | Blog Trường Việt Anh	https://truongvietanh.com/blog/dinh-huong-nghe-nghiep-phai-lam-sao-neu-khong-co-dam-me/	2225	1
Blog	DU HỌC NHẬT BẢN VÀ NHỮNG ĐIỀU CẦN BIẾT | Trường Việt Anh | Blog Trường Việt Anh	https://truongvietanh.com/blog/du-hoc-nhat-ban-va-nhung-dieu-can-biet/	2225	1
Blog	DU HỌC Ý: KHÁM PHÁ THỦ ĐÔ ROMA CỔ KÍNH | Trường Việt Anh | Blog Trường Việt Anh	https://truongvietanh.com/blog/du-hoc-y-kham-pha-thu-do-roma-co-kinh/	2225	1
Blog	Hiệp hội trường đại học ủng hộ thi trắc nghiệm | Trường Việt Anh | Blog Trường Việt Anh	https://truongvietanh.com/blog/hiep-hoi-truong-dai-hoc-ung-ho-thi-trac-nghiem/	2225	1
Blog	Học sinh Trường Việt Anh gặp gỡ đại diện Đại họ... | Trường Việt Anh | Blog Trường Việt Anh	https://truongvietanh.com/blog/hoc-sinh-truong-viet-anh-gap-go-dai-dien-dai-hoc-illinois-hoa-ky/	2225	1
Blog	Cô gái bắt chước 7 thứ tiếng đỗ hai trường đại ... | Trường Việt Anh | Blog Trường Việt Anh	https://truongvietanh.com/blog/co-gai-bat-chuoc-7-thu-tieng-do-hai-truong-dai-hoc/	2224	1
Blog	DU HỌC ANH: ĐI LẠI TẠI NƯỚC ANH | Trường Việt Anh | Blog Trường Việt Anh	https://truongvietanh.com/blog/du-hoc-anh-di-lai-tai-nuoc-anh/	2224	1
Blog	KẾ HOẠCH KIỂM TRA HỌC KỲ I (NĂM HỌC 2016 – 2017... | Trường Việt Anh | Blog Trường Việt Anh	https://truongvietanh.com/blog/ke-hoach-kiem-tra-hoc-ky-i-nam-hoc-2016-2017/	2224	1
Blog	Thư của ông bố đơn thân dặn con ngày nhập trườn... | Trường Việt Anh | Blog Trường Việt Anh	https://truongvietanh.com/blog/thu-cua-ong-bo-don-than-dan-con-ngay-nhap-truong/	2224	1
Blog	TUYỂN DỤNG GIÁO VIÊN KỸ NĂNG SỐNG - MAJOR EDUCA... | Trường Việt Anh | Blog Trường Việt Anh	https://truongvietanh.com/blog/tuyen-dung-giao-vien-ky-nang-song/	2224	1
Blog	DU HỌC Ý: CUỘC SỐNG CỦA DU HỌC SINH | Trường Việt Anh | Blog Trường Việt Anh	https://truongvietanh.com/blog/du-hoc-y-cuoc-song-cua-du-hoc-sinh/	2223	1
Blog	THÔNG BÁO] - ĐIỀU CHỈNH LỊCH KIỂM TRA CUỐI KÌ I... | Trường Việt Anh | Blog Trường Việt Anh	https://truongvietanh.com/blog/thong-bao-dieu-chinh-lich-kiem-tra-cuoi-ki-ii-va-hoan-thanh-chuong-trinh-nam-hoc-2020-2021/	2223	1
Blog	Trường [THCS]&[THPT] Việt Anh-Học sinh chơi bắn... | Trường Việt Anh | Blog Trường Việt Anh	https://truongvietanh.com/blog/truong-thcs-thpt-viet-anh-hoc-sinh-choi-ban-sung-paint-ball-25122011-phan-2-2/	2223	1
Blog	Trường tiểu học ở trung tâm Sài Gòn nhiều lần r... | Trường Việt Anh | Blog Trường Việt Anh	https://truongvietanh.com/blog/truong-tieu-hoc-o-trung-tam-sai-gon-nhieu-lan-rung-lac/	2223	1
Blog	“TÀI KHÔNG ĐỢI TUỔI” - VINH DỰ LỘ DIỆN ĐẦU BẾP ... | Trường Việt Anh | Blog Trường Việt Anh	https://truongvietanh.com/blog/tai-khong-doi-tuoi-vinh-du-lo-dien-dau-bep-tuong-lai-truong-viet-anh/	2222	1
Blog	Thủ khoa xứ Nghệ chọn đại học danh tiếng | Trường Việt Anh | Blog Trường Việt Anh	https://truongvietanh.com/blog/thu-khoa-xu-nghe-chon-dai-hoc-danh-tieng/	2222	1
Blog	Trường [THCS]&[THPT] Việt Anh - Học sinh Việt A... | Trường Việt Anh | Blog Trường Việt Anh	https://truongvietanh.com/blog/truong-thcsthpt-viet-anh-hoc-sinh-viet-anh-choi-da-bong-2/	2222	1
Blog	DU HỌC ANH: 3 TRƯỜNG ĐÀO TẠO THẠC SĨ RẺ NHẤT | Trường Việt Anh | Blog Trường Việt Anh	https://truongvietanh.com/blog/du-hoc-anh-3-truong-dao-tao-thac-si-re-nhat/	2221	1
Blog	LÀM THẾ NÀO ĐỂ MỞ TÀI KHOẢN KHI DU HỌC | Trường Việt Anh | Blog Trường Việt Anh	https://truongvietanh.com/blog/lam-the-nao-de-mo-tai-khoan-khi-du-hoc/	2221	1
Blog	LỊCH KIỂM TRA HỌC KỲ I NĂM HỌC 2015 – 2016 | Trường Việt Anh | Blog Trường Việt Anh	https://truongvietanh.com/blog/lich-kiem-tra-hoc-ky-i-nam-hoc-2015-2016/	2221	1
Blog	Nữ sinh có hai bằng đại học loại giỏi tình nguy... | Trường Việt Anh | Blog Trường Việt Anh	https://truongvietanh.com/blog/nu-sinh-co-hai-bang-dai-hoc-loai-gioi-tinh-nguyen-tong-quan/	2221	1
Blog	Trường [THCS]&[THPT] Việt Anh-Học sinh tham gia... | Trường Việt Anh | Blog Trường Việt Anh	https://truongvietanh.com/blog/truong-thcsthpt-viet-anh-hoc-sinh-tham-gia-cuoc-thi-mot-ngay-lam-thay-2/	2221	1
Blog	9 LỢI ÍCH KHI DU HỌC HÈ | Trường Việt Anh | Blog Trường Việt Anh	https://truongvietanh.com/blog/9-loi-ich-khi-du-hoc-he/	2220	1
Blog	Đề xuất miễn visa 5 năm cho 5 nước Tây Âu | Trường Việt Anh | Blog Trường Việt Anh	https://truongvietanh.com/blog/de-xuat-mien-visa-5-nam-cho-5-nuoc-tay-au/	2220	1
Blog	KẾ HOẠCH KIỂM TRA HỌC KỲ II (năm học 2015 - 201... | Trường Việt Anh | Blog Trường Việt Anh	https://truongvietanh.com/blog/ke-hoach-kiem-tra-hoc-ky-ii-nam-hoc-2015-2016/	2220	1
Blog	NHỮNG LÝ DO KHIẾN BẠN TRƯỢT VISA | Trường Việt Anh | Blog Trường Việt Anh	https://truongvietanh.com/blog/nhung-ly-do-khien-ban-truot-visa/	2220	1
Blog	Quan điểm trái chiều về bỏ điểm sàn đại học | Trường Việt Anh | Blog Trường Việt Anh	https://truongvietanh.com/blog/quan-diem-trai-chieu-ve-bo-diem-san-dai-hoc/	2220	1
Blog	7 LÝ DO NÊN HỌC TRẠI HÈ CANADA | Trường Việt Anh | Blog Trường Việt Anh	https://truongvietanh.com/blog/7-ly-do-nen-hoc-trai-he-canada/	2219	1
Blog	Chuyên viên khai thác khách hàng và phát triển ... | Trường Việt Anh | Blog Trường Việt Anh	https://truongvietanh.com/blog/chuyen-vien-khai-thac-khach-hang-va-phat-trien-san-pham/	2219	1
Blog	DU HỌC HÀN QUỐC VỪA HỌC VỪA LÀM | Trường Việt Anh | Blog Trường Việt Anh	https://truongvietanh.com/blog/du-hoc-han-quoc-vua-hoc-vua-lam/	2219	1
Blog	DU HỌC MALAYSIA NHẬN BẰNG QUỐC TẾ VỚI CHI PHÍ T... | Trường Việt Anh | Blog Trường Việt Anh	https://truongvietanh.com/blog/du-hoc-malaysia-voi-chi-phi-tiet-kiem/	2219	1
Blog	DU HỌC NHẬT BẢN CẦN CHUẨN BỊ NHỮNG GÌ ? | Trường Việt Anh | Blog Trường Việt Anh	https://truongvietanh.com/blog/du-hoc-nhat-ban-can-chuan-bi-nhung-gi/	2219	1
Blog	Nhiều bộ sách giáo khoa quá lạc hậu | Trường Việt Anh | Blog Trường Việt Anh	https://truongvietanh.com/blog/nhieu-bo-sach-giao-khoa-qua-lac-hau/	2219	1
Blog	[TIỂU HỌC] Buổi dã ngoại đầu tiên năm học 2019 ... | Trường Việt Anh | Blog Trường Việt Anh	https://truongvietanh.com/blog/tieu-hoc-da-ngoai-bao-tang-2019/	2219	1
Blog	Trường tiểu học ở TP HCM không được ép học sinh... | Trường Việt Anh | Blog Trường Việt Anh	https://truongvietanh.com/blog/truong-tieu-hoc-o-tp-hcm-khong-duoc-ep-hoc-sinh-mua-sach-tham-khao/	2219	1
Blog	Vinh danh 10 gương mặt trẻ Việt Nam tiêu biểu | Trường Việt Anh | Blog Trường Việt Anh	https://truongvietanh.com/blog/vinh-danh-10-guong-mat-tre-viet-nam-tieu-bieu/	2219	1
Blog	10 trường đại học hàng đầu Ấn Độ | Trường Việt Anh | Blog Trường Việt Anh	https://truongvietanh.com/blog/10-truong-dai-hoc-hang-dau-an-do/	2218	1
Blog	10 trường đại học hàng đầu thế giới năm 2016 | Trường Việt Anh | Blog Trường Việt Anh	https://truongvietanh.com/blog/10-truong-dai-hoc-hang-dau-the-gioi-nam-2016/	2218	1
Blog	2 Học Sinh Đoạt Giải IOE Cấp Quốc Gia Năm 2016 | Trường Việt Anh | Blog Trường Việt Anh	https://truongvietanh.com/blog/2-hoc-sinh-doat-giai-ioe-cap-quoc-gia-nam-2016/	2218	1
Blog	Bác sỹ Đặng Thùy Trâm - Lớp 8A2- Trường Việt An... | Trường Việt Anh | Blog Trường Việt Anh	https://truongvietanh.com/blog/bac-sy-dang-thuy-tram-lop-8a2-truong-viet-anh/	2218	1
Blog	Cụ ông Italy 70 tuổi giữ kỷ lục Guinness về số ... | Trường Việt Anh | Blog Trường Việt Anh	https://truongvietanh.com/blog/cu-ong-italy-70-tuoi-giu-ky-luc-guinness-ve-so-bang-dai-hoc/	2218	1
Blog	Hàng nghìn thí sinh trúng tuyển sớm đại học | Trường Việt Anh | Blog Trường Việt Anh	https://truongvietanh.com/blog/hang-nghin-thi-sinh-trung-tuyen-som-dai-hoc/	2218	1
Blog	Hơn 10 tỷ đồng trợ giúp sinh viên khởi nghiệp | Trường Việt Anh | Blog Trường Việt Anh	https://truongvietanh.com/blog/hon-10-ty-dong-tro-giup-sinh-vien-khoi-nghiep/	2218	1
Blog	[THÔNG BÁO] TP.HCM tiếp tục cho học sinh nghỉ h... | Trường Việt Anh | Blog Trường Việt Anh	https://truongvietanh.com/blog/thong-bao-nghi-hoc-den-5-thang-4-2020/	2218	1
Blog	Bốn việc nên làm khi là sinh viên | Trường Việt Anh | Blog Trường Việt Anh	https://truongvietanh.com/blog/bon-viec-nen-lam-khi-la-sinh-vien/	2217	1
Blog	CHI PHÍ DU HỌC ANH QUỐC | Trường Việt Anh | Blog Trường Việt Anh	https://truongvietanh.com/blog/chi-phi-du-hoc-anh-quoc/	2217	1
Blog	DU HỌC ÚC CẦN BAO NHIÊU TIỀN | Trường Việt Anh | Blog Trường Việt Anh	https://truongvietanh.com/blog/du-hoc-uc-can-bao-nhieu-tien/	2217	1
Blog	BÍ QUYẾT TIẾT KIỆM KHI DU HỌC ĐÀI LOAN | Trường Việt Anh | Blog Trường Việt Anh	https://truongvietanh.com/blog/bi-quyet-tiet-kiem-khi-du-hoc-dai-loan/	2216	1
Blog	CÁCH CHỌN TRƯỜNG ĐẠI HỌC KHI DU HỌC ANH | Trường Việt Anh | Blog Trường Việt Anh	https://truongvietanh.com/blog/cach-chon-truong-dai-hoc-khi-du-hoc-anh/	2216	1
Blog	Danh Mục Sách Lớp 8 | Trường Việt Anh | Blog Trường Việt Anh	https://truongvietanh.com/blog/danh-muc-sach-lop-8/	2216	1
Blog	Khuyến Mãi Cực Lớn - Khóa Học Hè 2016 Học Mọi N... | Trường Việt Anh | Blog Trường Việt Anh	https://truongvietanh.com/blog/khuyen-mai-khoa-hoc-he-2016/	2216	1
Blog	“ Lý do Thomas Edison trở thành thiên tài vĩ đạ... | Trường Việt Anh | Blog Trường Việt Anh	https://truongvietanh.com/blog/ly-do-thomas-edison-tro-thanh-thien-tai-vi-dai/	2216	1
Blog	Trường [THCS]&[THPT] Việt Anh-Học sinh Việt Anh... | Trường Việt Anh | Blog Trường Việt Anh	https://truongvietanh.com/blog/truong-thcsthpt-viet-anh-hoc-sinh-viet-anh-choi-ban-sung-paint-ball-25122011-2/	2216	1
Blog	Tọa đàm VTV3: “Đam mê là gì? Làm sao để bạn trẻ... | Trường Việt Anh | Blog Trường Việt Anh	https://truongvietanh.com/blog/truong-viet-anh-len-song-vtv3-toa-dam-dam-me-la-gi-lam-sao-giup-the-he-tre-theo-duoi-dam-me/	2216	1
Blog	Facebook có thể chỉ ra con bạn lớn lên làm nghề... | Trường Việt Anh | Blog Trường Việt Anh	https://truongvietanh.com/blog/facebook-co-the-chi-ra-con-ban-lon-len-lam-nghe-gi/	2215	1
Blog	Nữ sinh luật bị đình chỉ học vì mang giáo trình... | Trường Việt Anh | Blog Trường Việt Anh	https://truongvietanh.com/blog/nu-sinh-luat-bi-dinh-chi-hoc-vi-mang-giao-trinh-photo-vao-truong/	2215	1
Blog	Tầm Nhìn Và Sức Mệnh Của Trường Việt Anh | Trường Việt Anh | Blog Trường Việt Anh	https://truongvietanh.com/blog/tam-nhin-cua-truong-viet-anh/	2215	1
Blog	Dạy trẻ cách thoát khỏi đám cháy | Trường Việt Anh | Blog Trường Việt Anh	https://truongvietanh.com/blog/day-tre-cach-thoat-khoi-dam-chay/	2214	1
Blog	DU HỌC ĐỨC: 9 ĐIỀU CHÚ Ý KHI ĐI CHƠI VỚI NGƯỜI ... | Trường Việt Anh | Blog Trường Việt Anh	https://truongvietanh.com/blog/du-hoc-duc-9-dieu-chu-y-khi-di-choi-voi-nguoi-duc/	2214	1
Blog	DU HỌC NGÀNH Y CÓ ĐIỀU GÌ HẤP DẪN | Trường Việt Anh | Blog Trường Việt Anh	https://truongvietanh.com/blog/du-hoc-nganh-y-co-dieu-gi-hap-dan/	2214	1
Blog	DU HỌC NƯỚC NÀO RẺ NHẤT Ở CHÂU ÂU | Trường Việt Anh | Blog Trường Việt Anh	https://truongvietanh.com/blog/du-hoc-nuoc-nao-re-nhat-o-chau-au/	2214	1
Blog	Những điều trẻ con không thích ở bố mẹ | Trường Việt Anh | Blog Trường Việt Anh	https://truongvietanh.com/blog/nhung-dieu-tre-con-khong-thich-o-bo-me/	2214	1
Blog	Nữ hiệu trưởng bị điều chuyển vì cư xử thiếu tì... | Trường Việt Anh | Blog Trường Việt Anh	https://truongvietanh.com/blog/nu-hieu-truong-bi-dieu-chuyen-vi-cu-xu-thieu-tinh-nguoi/	2214	1
Blog	DU HỌC ÚC: SỨC KHỎE VÀ BẢO HIỂM Y TẾ | Trường Việt Anh | Blog Trường Việt Anh	https://truongvietanh.com/blog/du-hoc-uc-suc-khoe-va-bao-hiem-y-te/	2213	1
Blog	Hình ảnh cuộc thi An toàn giao thông 2018 - Cơ ... | Trường Việt Anh | Blog Trường Việt Anh	https://truongvietanh.com/blog/hinh-anh-cuoc-thi-an-toan-giao-thong-nam-2018/	2213	1
Blog	Lịch thi Học kỳ 1 năm học 2017 – 2018 | Trường Việt Anh | Blog Trường Việt Anh	https://truongvietanh.com/blog/lich-thi-hoc-ky-1-nam-hoc-2017-2018/	2213	1
Blog	Luật sư Anh từ bỏ lương cao để làm hiệu trưởng | Trường Việt Anh | Blog Trường Việt Anh	https://truongvietanh.com/blog/luat-su-anh-tu-bo-luong-cao-de-lam-hieu-truong/	2213	1
Blog	Một số đại học tại TP HCM sẽ tổ chức thi riêng | Trường Việt Anh | Blog Trường Việt Anh	https://truongvietanh.com/blog/mot-so-dai-hoc-tai-tp-hcm-se-to-chuc-thi-rieng/	2213	1
Blog	[THCS]&[THPT] Nữ sinh Việt Anh đạt giải Khuyến ... | Trường Việt Anh | Blog Trường Việt Anh	https://truongvietanh.com/blog/thcsthpt-nu-sinh-viet-anh-dat-giai-khuyen-khich-van-nghe-cap-q-phu-nhuan/	2213	1
Blog	Thi THPT quốc gia 2017: Thí sinh sẽ được chọn n... | Trường Việt Anh | Blog Trường Việt Anh	https://truongvietanh.com/blog/thi-thpt-quoc-gia-2017-thi-sinh-se-duoc-chon-nhieu-truong-hon/	2213	1
Blog	Top 10 trường đại học hàng đầu châu Âu 2016 | Trường Việt Anh | Blog Trường Việt Anh	https://truongvietanh.com/blog/top-10-truong-dai-hoc-hang-dau-chau-au-2016/	2213	1
Blog	TOP 5 TRƯỜNG ĐẠI HỌC Ở NEW ZEALAND | Trường Việt Anh | Blog Trường Việt Anh	https://truongvietanh.com/blog/top-5-truong-dai-hoc-o-new-zealand/	2213	1
Blog	TUYỂN DỤNG NHÂN VIÊN TƯ VẤN TUYỂN SINH | Trường Việt Anh | Blog Trường Việt Anh	https://truongvietanh.com/blog/tuyen-dung-telesale/	2213	1
Blog	THỰC ĐƠN TUẦN 02 THÁNG 03 NĂM 2018. ( Từ ngày 0... | Trường Việt Anh | Blog Trường Việt Anh	https://truongvietanh.com/blog/13722-2/	2212	1
Blog	Báo 24h - 5 điều cân nhắc khi chọn trường THCS ... | Trường Việt Anh | Blog Trường Việt Anh	https://truongvietanh.com/blog/bao-24h-5-dieu-can-nhac-khi-chon-truong-thcs-thpt-nam-hoc-2015-2016/	2212	1
Blog	DU HỌC ITALY: KINH NGHIỆM SỐNG Ở ITALY | Trường Việt Anh | Blog Trường Việt Anh	https://truongvietanh.com/blog/du-hoc-italy-kinh-nghiem-song-o-italy/	2212	1
Blog	NHỮNG ĐIỀU CẦN LƯU Ý VỀ TRƯỜNG NỘI TRÚ Ở ANH | Trường Việt Anh | Blog Trường Việt Anh	https://truongvietanh.com/blog/nhung-dieu-can-luu-y-ve-truong-noi-tru-o-anh/	2212	1
Blog	TIỆN ÍCH KHI DU HỌC PHẦN LAN | Trường Việt Anh | Blog Trường Việt Anh	https://truongvietanh.com/blog/tien-ich-khi-du-hoc-phan-lan/	2212	1
Blog	TRƯỜNG NỘI TRÚ BẬC NHẤT Ở VƯƠNG QUỐC ANH | Trường Việt Anh | Blog Trường Việt Anh	https://truongvietanh.com/blog/truong-noi-tru-bac-nhat-o-vuong-quoc-anh/	2212	1
Blog	Trường [THCS]&[THPT] Viêt Anh - Học sinh Việt A... | Trường Việt Anh | Blog Trường Việt Anh	https://truongvietanh.com/blog/truong-thcsthpt-viet-anh-hoc-sinh-viet-anh-tham-gia-cac-tro-choi-van-dong-4/	2212	1
Blog	Các Phương Tiện Giao Thông Khi Du Học | Trường Việt Anh | Blog Trường Việt Anh	https://truongvietanh.com/blog/cac-phuong-tien-giao-thong-khi-du-hoc/	2211	1
Blog	Cách quản lý thời gian hiệu quả - giúp cuộc sốn... | Trường Việt Anh | Blog Trường Việt Anh	https://truongvietanh.com/blog/cach-quan-ly-thoi-gian-hieu-qua/	2211	1
Blog	DU HỌC TÂY BAN NHA - SAO LẠI KHÔNG ? | Trường Việt Anh | Blog Trường Việt Anh	https://truongvietanh.com/blog/du-hoc-tay-ban-nha-sao-lai-khong/	2211	1
Blog	10 lý do nên du học ở Châu Âu | Trường Việt Anh | Blog Trường Việt Anh	https://truongvietanh.com/blog/10-ly-do-nen-du-hoc-o-chau-au/	2210	1
Blog	Các tỉnh thành đều có cụm thi THPT quốc gia | Trường Việt Anh | Blog Trường Việt Anh	https://truongvietanh.com/blog/cac-tinh-thanh-deu-co-cum-thi-thpt-quoc-gia/	2210	1
Blog	DU HỌC: Ở CHUNG VỚI NGƯỜI BẢN XỨ ĐƯỢC NHỮNG GÌ | Trường Việt Anh | Blog Trường Việt Anh	https://truongvietanh.com/blog/du-hoc-o-chung-voi-nguoi-ban-xu-duoc-nhung-gi/	2210	1
Blog	✈DU LỊCH HÀN QUỐC RẺ NHƯ CHUYẾN ĐI TRONG NƯỚC -... | Trường Việt Anh | Blog Trường Việt Anh	https://truongvietanh.com/blog/du-lich-han-quoc-re-nhu-chuyen-di-trong-nuoc-ban-co-tin-khong/	2210	1
Blog	NHỮNG LỢI ÍCH KHI DU HỌC ĐỨC | Trường Việt Anh | Blog Trường Việt Anh	https://truongvietanh.com/blog/nhung-loi-ich-khi-du-hoc-duc/	2210	1
Blog	Thi trắc nghiệm THPT quốc gia được duy trì tron... | Trường Việt Anh | Blog Trường Việt Anh	https://truongvietanh.com/blog/thi-trac-nghiem-thpt-quoc-gia-duoc-duy-tri-trong-nhieu-nam-toi/	2210	1
Blog	THÔNG BÁO VỀ ĐIỂM SỐ CỦA HỌC SINH VIỆT ANH TRÊN... | Trường Việt Anh | Blog Trường Việt Anh	https://truongvietanh.com/blog/thong-bao-ve-diem-so-cua-hoc-sinh-viet-anh-tren-ung-dung-dien-thoai/	2210	1
Blog	TP HCM phát hành hồ sơ dự thi THPT quốc gia từ ... | Trường Việt Anh | Blog Trường Việt Anh	https://truongvietanh.com/blog/tp-hcm-phat-hanh-ho-so-du-thi-thpt-quoc-gia-tu-313/	2210	1
Blog	DÃ NGOẠI LÀNG NỔI TÂN LẬP | Trường Việt Anh | Blog Trường Việt Anh	https://truongvietanh.com/blog/da-ngoai-lang-noi-tan-lap/	2209	1
Blog	DU HỌC HÀN QUỐC:CHON TRƯỜNG Ở SEOUL HAY Ở ĐÂU | Trường Việt Anh | Blog Trường Việt Anh	https://truongvietanh.com/blog/du-hoc-han-quoc-chon-truong-o-seoul-hay-o-cac-tinh-khac/	2209	1
Blog	DU HỌC ÚC: ĐIỀU CẦN BIẾT VỀ VIỆC LÀM THÊM TẠI Ú... | Trường Việt Anh | Blog Trường Việt Anh	https://truongvietanh.com/blog/du-hoc-uc-nhung-dieu-can-biet-ve-viec-lam-them-tai-uc/	2209	1
Blog	Hoạt động bóng đá của học sinh | Trường Việt Anh | Blog Trường Việt Anh	https://truongvietanh.com/blog/hoat-dong-bong-da-cua-hoc-sinh/	2209	1
Blog	LÝ DO LỰA CHỌN PHÁP LÀM ĐIỂM ĐẾN DU HỌC | Trường Việt Anh | Blog Trường Việt Anh	https://truongvietanh.com/blog/ly-do-lua-chon-phap-lam-diem-den-du-hoc/	2209	1
Blog	Ông Đinh La Thăng: 'Học sinh TP HCM béo phì nhi... | Trường Việt Anh | Blog Trường Việt Anh	https://truongvietanh.com/blog/ong-dinh-la-thang-hoc-sinh-tp-hcm-beo-phi-nhieu-qua/	2209	1
Blog	Thí sinh xin phúc khảo ở TP HCM tăng gấp 5 lần | Trường Việt Anh | Blog Trường Việt Anh	https://truongvietanh.com/blog/thi-sinh-xin-phuc-khao-o-tp-hcm-tang-gap-5-lan/	2209	1
Blog	Đi du học sướng hay khổ? | Trường Việt Anh | Blog Trường Việt Anh	https://truongvietanh.com/blog/di-du-hoc-suong-hay-kho/	2208	1
Blog	LÝ DO BẠN DU HỌC ĐÀI LOAN | Trường Việt Anh | Blog Trường Việt Anh	https://truongvietanh.com/blog/ly-do-ban-du-hoc-dai-loan/	2208	1
Blog	Những ứng dụng hữu ích giúp rèn luyện trí não | Trường Việt Anh | Blog Trường Việt Anh	https://truongvietanh.com/blog/nhung-ung-dung-huu-ich-giup-ren-luyen-tri-nao/	2208	1
Blog	Thí sinh được miễn thi đầu vào Đại học FPT nếu ... | Trường Việt Anh | Blog Trường Việt Anh	https://truongvietanh.com/blog/thi-sinh-duoc-mien-thi-dau-vao-dai-hoc-fpt-neu-diem-thpt-dat-kha/	2208	1
Blog	VAI TRÒ GIA ĐÌNH TRONG HƯỚNG NGHIỆP CHO HỌC SIN... | Trường Việt Anh | Blog Trường Việt Anh	https://truongvietanh.com/blog/vai-tro-gia-dinh-trong-huong-nghiep-cho-hoc-sinh/	2208	1
Blog	100% Học Sinh Việt Anh Đậu Chứng Chỉ Tin Học Qu... | Trường Việt Anh | Blog Trường Việt Anh	https://truongvietanh.com/blog/100-hoc-sinh-viet-anh-dau-chung-chi-tin-hoc-quoc-te-icdl/	2207	1
Blog	7 điều bạn làm ảnh hưởng đến khả năng não bộ | Trường Việt Anh | Blog Trường Việt Anh	https://truongvietanh.com/blog/7-dieu-ban-lam-anh-huong-den-kha-nang-nao-bo/	2207	1
Blog	DU HỌC ĐỨC: CUỘC SỐNG Ở ĐỨC | Trường Việt Anh | Blog Trường Việt Anh	https://truongvietanh.com/blog/du-hoc-duc-nhung-dieu-can-biet-ve-cuoc-song-o-duc/	2207	1
Blog	Mẹ kiếm bạc cắc mua đồ đắt tiền cho con | Trường Việt Anh | Blog Trường Việt Anh	https://truongvietanh.com/blog/me-kiem-bac-cac-mua-do-dat-tien-cho-con/	2207	1
Blog	Quy chế thi THPT quốc gia 2016 thay đổi như thế... | Trường Việt Anh | Blog Trường Việt Anh	https://truongvietanh.com/blog/quy-che-thi-thpt-quoc-gia-2016-thay-doi-nhu-the-nao/	2207	1
Blog	THÔNG BÁO 10 ĐỔI MỚI NĂM HỌC 2015-2016 | Trường Việt Anh | Blog Trường Việt Anh	https://truongvietanh.com/blog/thong-bao-10-doi-moi-nam-hoc-2015-2016/	2207	1
Blog	THUẬN LỢI VÀ KHÓ KHĂN KHI DU HỌC NHẬT BẢN | Trường Việt Anh | Blog Trường Việt Anh	https://truongvietanh.com/blog/thuan-loi-va-kho-khan-khi-du-hoc-nhat-ban/	2207	1
Blog	5 LỢI ÍCH THIẾT THỰC KHI BẠN ĐI DU HỌC | Trường Việt Anh | Blog Trường Việt Anh	https://truongvietanh.com/blog/5-loi-ich-thiet-thuc-khi-ban-di-du-hoc/	2206	1
Blog	CHUYỂN HÓA MỤC TIÊU LÀ TIẾN BỘ - Progress is th... | Trường Việt Anh | Blog Trường Việt Anh	https://truongvietanh.com/blog/chuyen-hoa-muc-tieu-la-tien-bo-progress-is-the-target/	2206	1
Blog	DU HỌC ANH CẦN CHUẨN BỊ NHỮNG GÌ ? | Trường Việt Anh | Blog Trường Việt Anh	https://truongvietanh.com/blog/du-hoc-anh-can-chuan-bi-nhung-gi/	2206	1
Blog	DU HỌC HÀN QUỐC THẬT DỄ DÀNG | Trường Việt Anh | Blog Trường Việt Anh	https://truongvietanh.com/blog/du-hoc-han-quoc-that-de-dang/	2206	1
Blog	Hơn nghìn học sinh Sài Gòn ký cam kết 'không th... | Trường Việt Anh | Blog Trường Việt Anh	https://truongvietanh.com/blog/hon-nghin-hoc-sinh-sai-gon-ky-cam-ket-khong-thu-ma-tuy/	2206	1
Blog	KINH NGHIỆM DU HỌC NEW ZEALAND | Trường Việt Anh | Blog Trường Việt Anh	https://truongvietanh.com/blog/kinh-nghiem-du-hoc-new-zealand-2/	2206	1
Blog	Thông báo lịch nghỉ tết nguyên đán Ất Mùi 2015 | Trường Việt Anh | Blog Trường Việt Anh	https://truongvietanh.com/blog/thong-bao-lich-nghi-tet-nguyen-dan-at-mui-2015/	2206	1
Blog	TUYỂN DỤNG BỘ PHẬN VĂN PHÒNG NĂM HỌC 2019 - 202... | Trường Việt Anh | Blog Trường Việt Anh	https://truongvietanh.com/blog/tuyen-dung-bo-phan-van-phong-nam-hoc-2019-2020-tai-viet-anh/	2206	1
Blog	Vì sao Princeton là đại học tốt nhất nước Mỹ | Trường Việt Anh | Blog Trường Việt Anh	https://truongvietanh.com/blog/vi-sao-princeton-la-dai-hoc-tot-nhat-nuoc-my/	2206	1
Blog	DU HỌC MỸ CÓ GÌ MỚI | Trường Việt Anh | Blog Trường Việt Anh	https://truongvietanh.com/blog/du-hoc-my-co-gi-moi/	2205	1
Blog	DU HỌC PHÁP VÀ NHỮNG ĐIỀU CẦN BIẾT | Trường Việt Anh | Blog Trường Việt Anh	https://truongvietanh.com/blog/du-hoc-phap-va-nhung-dieu-can-biet/	2205	1
Blog	Hà Lan trong mắt du học sinh Việt Nam | Trường Việt Anh | Blog Trường Việt Anh	https://truongvietanh.com/blog/ha-lan-trong-mat-du-hoc-sinh-viet-nam/	2205	1
Blog	Hội thảo: Văn học dân gian và đời sống | Trường Việt Anh | Blog Trường Việt Anh	https://truongvietanh.com/blog/hoi-thao-van-hoc-dan-gian-va-doi-song/	2205	1
Blog	Trường TH THCS THPT Việt Anh - Đào Tạo Học Sinh... | Trường Việt Anh | Blog Trường Việt Anh	https://truongvietanh.com/blog/https:--truongvietanh.com/	2205	1
Blog	Phó giáo sư trẻ nhất Việt Nam là gương mặt trẻ ... | Trường Việt Anh | Blog Trường Việt Anh	https://truongvietanh.com/blog/pho-giao-su-tre-nhat-viet-nam-la-guong-mat-tre-thu-do-tieu-bieu/	2205	1
Blog	TẠI SAO BẠN CHỌN DU HỌC HÀN QUỐC ? | Trường Việt Anh | Blog Trường Việt Anh	https://truongvietanh.com/blog/tai-sao-ban-chon-du-hoc-han-quoc/	2205	1
Blog	10 đại học đào tạo tài chính tốt nhất thế giới | Trường Việt Anh | Blog Trường Việt Anh	https://truongvietanh.com/blog/10-dai-hoc-dao-tao-tai-chinh-tot-nhat-the-gioi/	2204	1
Blog	DU HỌC CANADA VÀ NHỮNG ĐIỀU CẦN BIẾT | Trường Việt Anh | Blog Trường Việt Anh	https://truongvietanh.com/blog/du-hoc-canada-va-nhung-dieu-can-biet/	2204	1
Blog	DU HỌC MỸ VỚI 15.000 USD/NĂM | Trường Việt Anh | Blog Trường Việt Anh	https://truongvietanh.com/blog/du-hoc-my-voi-15-000-usdnam/	2204	1
Blog	Hái nho - việc làm thêm của nhiều du học sinh t... | Trường Việt Anh | Blog Trường Việt Anh	https://truongvietanh.com/blog/hai-nho-viec-lam-them-cua-nhieu-du-hoc-sinh-tai-australia/	2204	1
Blog	Hoàng tử William chi 8.000 đôla mỗi học kỳ cho ... | Trường Việt Anh | Blog Trường Việt Anh	https://truongvietanh.com/blog/hoang-tu-william-chi-8-000-dola-moi-hoc-ky-cho-con-trai-3-tuoi/	2204	1
Blog	DU HỌC PHÁP ĐỂ HỌC NGÀNH NHÀ HÀNG - KHÁCH SẠN | Trường Việt Anh | Blog Trường Việt Anh	https://truongvietanh.com/blog/ly-do-du-hoc-phap-de-hoc-nganh-nha-hang-khach-san/	2204	1
Blog	NHỮNG ĐIỀU THÚ VỊ KHI DU HỌC PHẦN LAN | Trường Việt Anh | Blog Trường Việt Anh	https://truongvietanh.com/blog/nhung-dieu-thu-vi-khi-du-hoc-phan-lan/	2204	1
Blog	Trường công không còn là lựa chọn duy nhất | Trường Việt Anh | Blog Trường Việt Anh	https://truongvietanh.com/blog/truong-cong-khong-con-la-lua-chon-duy-nhat/	2204	1
Blog	Ý tưởng lọc nước mặn thành nước ngọt của học si... | Trường Việt Anh | Blog Trường Việt Anh	https://truongvietanh.com/blog/y-tuong-loc-nuoc-man-thanh-nuoc-ngot-cua-hoc-sinh-lop-3/	2204	1
Blog	BÍ QUYẾT DU HỌC CHÂU ÂU TIẾT KIỆM CHI PHÍ | Trường Việt Anh | Blog Trường Việt Anh	https://truongvietanh.com/blog/bi-quyet-du-hoc-chau-au-tiet-kiem-chi-phi/	2203	1
Blog	Nhiều nữ sinh nhận quà chúc mừng 20/10 của ông ... | Trường Việt Anh | Blog Trường Việt Anh	https://truongvietanh.com/blog/nhieu-nu-sinh-nhan-qua-chuc-mung-2010-cua-ong-chu-nha-tro/	2203	1
Blog	TRƯỜNG VIỆT ANH THÔNG BÁO LỊCH NGHỈ LỄ THÁNG 4|... | Trường Việt Anh | Blog Trường Việt Anh	https://truongvietanh.com/blog/26973-2/	2202	1
Blog	CÁCH LÀM NỔI BẬT HỒ SƠ KHI DU HỌC ÚC | Trường Việt Anh | Blog Trường Việt Anh	https://truongvietanh.com/blog/cach-lam-noi-bat-ho-so-khi-du-hoc-uc/	2202	1
Blog	CHÀO MỪNG NGÀY NHÀ GIÁO VIỆT NAM 20 - 11 - 2014 | Trường Việt Anh | Blog Trường Việt Anh	https://truongvietanh.com/blog/chao-mung-ngay-nha-giao-viet-nam-20-11-2014/	2202	1
Blog	Chào mừng ngày nhà giáo Việt Nam 20-11 | Trường Việt Anh | Blog Trường Việt Anh	https://truongvietanh.com/blog/chao-mung-ngay-nha-giao-viet-nam-20-thang-11/	2202	1
Blog	Trước 5/3 phải xong phương án tổ chức cụm thi T... | Trường Việt Anh | Blog Trường Việt Anh	https://truongvietanh.com/blog/truoc-53-phai-xong-phuong-an-to-chuc-cum-thi-thpt-quoc-gia/	2202	1
Blog	Kinh nghiệm thực tập của du học sinh Thụy Sĩ | Trường Việt Anh | Blog Trường Việt Anh	https://truongvietanh.com/blog/kinh-nghiem-thuc-tap-cua-du-hoc-sinh-thuy-si/	2201	1
Blog	Mơ ước thành chiến sĩ công an và gặp lại mẹ | Trường Việt Anh | Blog Trường Việt Anh	https://truongvietanh.com/blog/mo-uoc-thanh-chien-si-cong-an-va-gap-lai-me/	2201	1
Blog	Những máy tính nào được phép mang vào phòng thi | Trường Việt Anh | Blog Trường Việt Anh	https://truongvietanh.com/blog/nhung-may-tinh-nao-duoc-phep-mang-vao-phong-thi/	2201	1
Blog	Sinh viên chính trị hỏi Thủ tướng cách khởi ngh... | Trường Việt Anh | Blog Trường Việt Anh	https://truongvietanh.com/blog/sinh-vien-chinh-tri-hoi-thu-tuong-cach-khoi-nghiep/	2201	1
Blog	Trường nữ sinh 100 tuổi ở Sài Gòn muốn được trù... | Trường Việt Anh | Blog Trường Việt Anh	https://truongvietanh.com/blog/truong-nu-sinh-100-tuoi-o-sai-gon-muon-duoc-trung-tu/	2201	1
Blog	6 LÝ DO KHIẾN BẠN MUỐN DU HỌC TRUNG QUỐC | Trường Việt Anh | Blog Trường Việt Anh	https://truongvietanh.com/blog/6-ly-do-khien-ban-muon-du-hoc-trung-quoc/	2200	1
Blog	DU HỌC TỪ THCS VỚI CÁC TRƯỜNG NỘI TRÚ BẬC NHẤT | Trường Việt Anh | Blog Trường Việt Anh	https://truongvietanh.com/blog/du-hoc-tu-thcs-voi-cac-truong-noi-tru-bac-nhat/	2200	1
Blog	Google dự đoán về trường học trong 50 năm tới | Trường Việt Anh | Blog Trường Việt Anh	https://truongvietanh.com/blog/google-du-doan-ve-truong-hoc-trong-50-nam-toi/	2200	1
Blog	Hơn 2.000 học sinh Đồng Nai nghỉ học do lũ dâng... | Trường Việt Anh | Blog Trường Việt Anh	https://truongvietanh.com/blog/hon-2-000-hoc-sinh-dong-nai-nghi-hoc-do-lu-dang-cao/	2200	1
Blog	Lý do New Zealand thu hút nhiều du học sinh | Trường Việt Anh | Blog Trường Việt Anh	https://truongvietanh.com/blog/ly-do-new-zealand-thu-hut-nhieu-du-hoc-sinh/	2200	1
Blog	NHỮNG KHÓ KHĂN VÀ THUẬN LỢI KHI ĐI DU HỌC | KIN... | Trường Việt Anh | Blog Trường Việt Anh	https://truongvietanh.com/blog/nhung-kho-khan-va-thuan-loi-khi-di-du-hoc/	2200	1
Blog	Nỗi lòng 'hung thần' trường nội trú | Trường Việt Anh | Blog Trường Việt Anh	https://truongvietanh.com/blog/noi-long-hung-than-truong-noi-tru/	2200	1
Blog	Tân sinh viên cần chuẩn bị những gì khi vào đại... | Trường Việt Anh | Blog Trường Việt Anh	https://truongvietanh.com/blog/tan-sinh-vien-can-chuan-bi-nhung-gi-khi-vao-dai-hoc/	2200	1
Blog	CHI PHÍ DU HỌC: ĐỪNG ĐỂ GÃY GÁNH GIỮA ĐƯỜNG | Trường Việt Anh | Blog Trường Việt Anh	https://truongvietanh.com/blog/chi-phi-du-hoc-dung-de-gay-ganh-giua-duong/	2199	1
Blog	CUỘC THI MỘT TIẾT LÀM THẦY | Trường Việt Anh | Blog Trường Việt Anh	https://truongvietanh.com/blog/cuoc-thi-mot-tiet-lam-thay/	2199	1
Blog	Đại học Hoa Sen xét tuyển bổ sung 970 chỉ... | Trường Việt Anh | Blog Trường Việt Anh	https://truongvietanh.com/blog/dai-hoc-hoa-sen-xet-tuyen-bo-sung-970-chi-tieu/	2199	1
Blog	DU HỌC HÀN QUỐC: HỆ THỐNG GIÁO DỤC CẦN BIẾT | Trường Việt Anh | Blog Trường Việt Anh	https://truongvietanh.com/blog/du-hoc-han-quoc-he-thong-giao-duc-can-biet/	2199	1
Blog	Giải Đồng Olympic Môn Anh Văn năm học 2014 - 20... | Trường Việt Anh | Blog Trường Việt Anh	https://truongvietanh.com/blog/giai-dong-olympic-mon-anh-van-nam-hoc-2014-2015-2/	2199	1
Blog	Google thưởng 10.000 USD cho nam sinh phát hiện... | Trường Việt Anh | Blog Trường Việt Anh	https://truongvietanh.com/blog/google-thuong-10-000-usd-cho-nam-sinh-phat-hien-loi-bao-mat/	2199	1
Blog	Hiệu trưởng Mỹ hầu tòa vì đánh học sinh | Trường Việt Anh | Blog Trường Việt Anh	https://truongvietanh.com/blog/hieu-truong-my-hau-toa-vi-danh-hoc-sinh/	2199	1
Blog	Khai trừ đảng nguyên Hiệu trưởng Nam Trung Yên | Trường Việt Anh | Blog Trường Việt Anh	https://truongvietanh.com/blog/khai-tru-dang-nguyen-hieu-truong-nam-trung-yen/	2199	1
Blog	NỘI QUY TRƯỜNG NỘI TRÚ TP HỒ CHÍ MINH | Trường Việt Anh | Blog Trường Việt Anh	https://truongvietanh.com/blog/noi-quy-truong-noi-tru-tp-ho-chi-minh/	2199	1
Blog	PHƯƠNG TIỆN ĐI LẠI KHI DU HỌC MỸ | Trường Việt Anh | Blog Trường Việt Anh	https://truongvietanh.com/blog/phuong-tien-di-lai-khi-du-hoc-my/	2199	1
Blog	Thông Tin - Hình Ảnh Lễ Hội Halloween 30/10/201... | Trường Việt Anh | Blog Trường Việt Anh	https://truongvietanh.com/blog/thong-tin-hinh-anh-le-hoi-halloween-30102011/	2199	1
Blog	CHỌN SAI TRƯỜNG CHO CON LÀ ĐÁNH RƠI TUỔI TRẺ | Trường Việt Anh | Blog Trường Việt Anh	https://truongvietanh.com/blog/chon-sai-truong-cho-con-la-danh-roi-tuoi-tre/	2198	1
Blog	Học sinh Nhật Bản đội mưa tuyết đi thi đại học | Trường Việt Anh | Blog Trường Việt Anh	https://truongvietanh.com/blog/hoc-sinh-nhat-ban-doi-mua-tuyet-di-thi-dai-hoc/	2198	1
Blog	HỌC SINH VIỆT ANH XUẤT SẮC ĐẠT 10 GIẢI TẠI KỲ T... | Trường Việt Anh | Blog Trường Việt Anh	https://truongvietanh.com/blog/hoc-sinh-viet-anh-xuat-sac-dat-10-giai-tai-ky-thi-olympic-2021/	2198	1
Blog	Hướng đi mới sau khi tốt nghiệp đại học | Trường Việt Anh | Blog Trường Việt Anh	https://truongvietanh.com/blog/huong-di-moi-sau-khi-tot-nghiep-dai-hoc/	2198	1
Blog	Những cố vấn khoa học nhí tại Nhà Trắng | Trường Việt Anh | Blog Trường Việt Anh	https://truongvietanh.com/blog/nhung-co-van-khoa-hoc-nhi-tai-nha-trang/	2198	1
Blog	Những điểm du lịch hấp dẫn cho kỳ nghỉ 30/4 | Trường Việt Anh | Blog Trường Việt Anh	https://truongvietanh.com/blog/nhung-diem-du-lich-hap-dan-cho-ky-nghi-304/	2198	1
Blog	NHỮNG ĐIỂM NỔI BẬT CỦA DU HỌC CHÂU ÂU | Trường Việt Anh | Blog Trường Việt Anh	https://truongvietanh.com/blog/nhung-diem-noi-bat-cua-du-hoc-chau-au/	2198	1
Blog	Nữ sinh được nhận vào 9 đại học lớn ở Mỹ | Trường Việt Anh | Blog Trường Việt Anh	https://truongvietanh.com/blog/nu-sinh-duoc-nhan-vao-9-dai-hoc-lon-o-my/	2198	1
Blog	3 BẤT NGỜ LỚN CHO NHỮNG BẠN DU HỌC MỸ | Trường Việt Anh | Blog Trường Việt Anh	https://truongvietanh.com/blog/3-bat-ngo-lon-cho-nhung-ban-du-hoc-my/	2197	1
Blog	9 LÝ DO KHIẾN BẠN MUỐN ĐI DU HỌC ÚC | Trường Việt Anh | Blog Trường Việt Anh	https://truongvietanh.com/blog/9-ly-do-khien-ban-muon-di-du-hoc-uc/	2197	1
Blog	CHUẨN BỊ HÀNH TRANG KHI DU HỌC ĐÀI LOAN | Trường Việt Anh | Blog Trường Việt Anh	https://truongvietanh.com/blog/chuan-bi-hanh-trang-khi-du-hoc-dai-loan/	2197	1
Blog	DU HỌC ANH: CUỘC SỐNG MUÔN MÀU VỀ ĐÊM | Trường Việt Anh | Blog Trường Việt Anh	https://truongvietanh.com/blog/du-hoc-anh-cuoc-song-muon-mau-ve-dem/	2197	1
Blog	Học sinh phổ thông có thể tự chọn môn học | Trường Việt Anh | Blog Trường Việt Anh	https://truongvietanh.com/blog/hoc-sinh-pho-thong-co-the-tu-chon-mon-hoc/	2197	1
Blog	Người Hong Kong đổ xô cho con du học | Trường Việt Anh | Blog Trường Việt Anh	https://truongvietanh.com/blog/nguoi-hong-kong-do-xo-cho-con-du-hoc/	2197	1
Blog	Những điều bạn cần biết về sách giáo khoa điện ... | Trường Việt Anh | Blog Trường Việt Anh	https://truongvietanh.com/blog/nhung-dieu-ban-can-biet-ve-sach-giao-khoa-dien-tu-classbook/	2197	1
Blog	SỨC HẤP DẪN CỦA DU HỌC NHẬT BẢN | Trường Việt Anh | Blog Trường Việt Anh	https://truongvietanh.com/blog/suc-hap-dan-cua-du-hoc-nhat-ban/	2196	1
Blog	Tuyển dụng quản trị viên tập sự (Management Tra... | Trường Việt Anh | Blog Trường Việt Anh	https://truongvietanh.com/blog/tuyen-dung-quan-tri-vien-tap-su-management-trainee/	2196	1
Blog	BẠN CHỌN DU HỌC NEW ZEALAND HAY DU HỌC ÚC | Trường Việt Anh | Blog Trường Việt Anh	https://truongvietanh.com/blog/ban-chon-du-hoc-new-zealand-hay-du-hoc-uc/	2195	1
Blog	DU HỌC ĐÀI LOAN VỪA HỌC VỪA LÀM | Trường Việt Anh | Blog Trường Việt Anh	https://truongvietanh.com/blog/du-hoc-dai-loan-vua-hoc-vua-lam/	2195	1
Blog	DU HỌC NHẬT BẢN - CON NGƯỜI NHẬT BẢN | Trường Việt Anh | Blog Trường Việt Anh	https://truongvietanh.com/blog/du-hoc-nhat-ban-con-nguoi/	2195	1
Blog	DU HỌC ÚC CẦN CHUẨN BỊ NHỮNG GÌ | Trường Việt Anh | Blog Trường Việt Anh	https://truongvietanh.com/blog/du-hoc-uc-can-chuan-bi-nhung-gi/	2195	1
Blog	GIÚP TRẺ CÂN BẰNG GIỮA HỌC VÀ CHƠI | Trường Việt Anh | Blog Trường Việt Anh	https://truongvietanh.com/blog/giup-tre-can-bang-giua-hoc-va-choi-trong-mua-he/	2195	1
Blog	Nhiều trường công bố danh sách thí sinh đậu tạm... | Trường Việt Anh | Blog Trường Việt Anh	https://truongvietanh.com/blog/nhieu-truong-cong-bo-danh-sach-thi-sinh-dau-tam-thoi/	2195	1
Blog	Những khóa học online sẽ giúp bạn giàu có | Trường Việt Anh | Blog Trường Việt Anh	https://truongvietanh.com/blog/nhung-khoa-hoc-online-se-giup-ban-giau-co/	2195	1
Blog	QUY TRÌNH XIN VISA DU HỌC ANH | Trường Việt Anh | Blog Trường Việt Anh	https://truongvietanh.com/blog/quy-trinh-xin-visa-du-hoc-anh/	2195	1
Blog	Thầy giáo 8X dạy học sinh nhảy 'Bống bống bang ... | Trường Việt Anh | Blog Trường Việt Anh	https://truongvietanh.com/blog/thay-giao-8x-day-hoc-sinh-nhay-bong-bong-bang-bang/	2195	1
Blog	Thi THPT quốc gia 2017 có thể chỉ trong 2 ngày | Trường Việt Anh | Blog Trường Việt Anh	https://truongvietanh.com/blog/thi-thpt-quoc-gia-2017-co-the-chi-trong-2-ngay/	2195	1
Blog	Thông báo nghỉ lễ 2/9/2015 và ngày khai giảng n... | Trường Việt Anh | Blog Trường Việt Anh	https://truongvietanh.com/blog/thong-bao-nghi-le-292015-va-ngay-khai-giang-nam-hoc-2015-2016/	2195	1
Blog	4 Học Sinh Trường THCS và THPT Việt Anh Xuất Sắ... | Trường Việt Anh | Blog Trường Việt Anh	https://truongvietanh.com/blog/4-hoc-sinh-truong-thcs-va-thpt-viet-anh-xuat-sac-dat-giai-olympic/	2194	1
Blog	DU HỌC NƯỚC NÀO RẺ VÀ CHẤT LƯỢNG | Trường Việt Anh | Blog Trường Việt Anh	https://truongvietanh.com/blog/du-hoc-nuoc-nao-re-va-chat-luong/	2194	1
Blog	DU HỌC ÚC: NGÀNH TRUYỀN THÔNG CÓ GÌ HOT | Trường Việt Anh | Blog Trường Việt Anh	https://truongvietanh.com/blog/du-hoc-uc-nganh-truyen-thong-co-gi-hot/	2194	1
Blog	NIỀM ĐAM MÊ SẼ GIÚP HỌC TỐT MÔN VĂN | Trường Việt Anh | Blog Trường Việt Anh	https://truongvietanh.com/blog/niem-dam-me-se-giup-hoc-tot-mon-van/	2194	1
Blog	ĐỐI MẶT VỚI SỐC VĂN HÓA KHI DU HỌC | Trường Việt Anh | Blog Trường Việt Anh	https://truongvietanh.com/blog/doi-mat-voi-soc-van-hoa-khi-du-hoc/	2193	1
Blog	DU HỌC: 6 LÝ DO HỒ SƠ BỊ TỪ CHỐI | Trường Việt Anh | Blog Trường Việt Anh	https://truongvietanh.com/blog/du-hoc-6-ly-do-ho-so-bi-tu-choi/	2193	1
Blog	DU HỌC NEW ZEALAND | Trường Việt Anh | Blog Trường Việt Anh	https://truongvietanh.com/blog/du-hoc-new-zealand/	2193	1
Blog	DU HỌC PHẦN LAN VÀ 12 ĐIỀU BẠN CẦN BIẾT | Trường Việt Anh | Blog Trường Việt Anh	https://truongvietanh.com/blog/du-hoc-phan-lan-va-12-dieu-ban-can-biet/	2193	1
Blog	[HD] LIÊN KHÚC: TIẾT HỌC CUỐI CÙNG|TẠM BIỆT NHÉ | Trường Việt Anh | Blog Trường Việt Anh	https://truongvietanh.com/blog/hd-lien-khuc-tiet-hoc-cuoi-cungtam-biet-nhe/	2193	1
Blog	LẤY VISA DU HỌC MỸ KHÔNG CẦN BẰNG TIẾNG ANH | Trường Việt Anh | Blog Trường Việt Anh	https://truongvietanh.com/blog/lay-visa-du-hoc-my-khong-can-bang-tieng-anh/	2193	1
Blog	TRẠI HÈ HẤP DẪN 2015 | Trường Việt Anh | Blog Trường Việt Anh	https://truongvietanh.com/blog/trai-he-hap-dan-2015/	2193	1
Blog	Trường [THCS]&[THPT] Việt Anh - Học sinh Việt A... | Trường Việt Anh | Blog Trường Việt Anh	https://truongvietanh.com/blog/truong-thcsthpt-viet-anh-hoc-sinh-viet-anh-tham-gia-van-nghe-25122011/	2193	1
Blog	VÌ SAO GIỚI TRẺ THÍCH DU HỌC HÀN QUỐC | Trường Việt Anh | Blog Trường Việt Anh	https://truongvietanh.com/blog/vi-sao-gioi-tre-thich-du-hoc-han-quoc/	2193	1
Blog	Tự tin thuyết trình - khẳng định chính mình | Trường Việt Anh | Blog Trường Việt Anh	https://truongvietanh.com/blog/cach-ren-luyen-su-tu-tin-trong-giao-tiep/	2192	1
Blog	KINH NGHIỆM DU HỌC CANADA | Trường Việt Anh | Blog Trường Việt Anh	https://truongvietanh.com/blog/kinh-nghiem-du-hoc-canada/	2192	1
Blog	Ngôi trường làm bằng rác tái chế ở Campuchia | Trường Việt Anh | Blog Trường Việt Anh	https://truongvietanh.com/blog/ngoi-truong-lam-bang-rac-tai-che-o-campuchia/	2192	1
Blog	Những lưu ý khi chọn trường cấp 3 cho học sinh | Trường Việt Anh | Blog Trường Việt Anh	https://truongvietanh.com/blog/nhung-luu-y-khi-chon-truong-cap-3-cho-hoc-sinh/	2192	1
Blog	[THCS] & [THPT] Tiết mục giải I văn nghệ của em... | Trường Việt Anh | Blog Trường Việt Anh	https://truongvietanh.com/blog/thcs-thpt-tiet-muc-giai-i-van-nghe-cua-em-nguyen-minh-cuong-lop-12a1-p2/	2192	1
Blog	Thời gian biểu mỗi ngày của học sinh Nhật Bản | Trường Việt Anh | Blog Trường Việt Anh	https://truongvietanh.com/blog/thoi-gian-bieu-moi-ngay-cua-hoc-sinh-nhat-ban/	2192	1
Blog	Thông Báo Học Bổng và Ưu Đãi Dành Cho Học Sinh ... | Trường Việt Anh | Blog Trường Việt Anh	https://truongvietanh.com/blog/thong-bao-hoc-bong-va-uu-dai-danh-cho-hoc-sinh-viet-anh/	2192	1
Blog	Thông báo thành lập Ban Chủ Nhiệm (lâm thời) CL... | Trường Việt Anh | Blog Trường Việt Anh	https://truongvietanh.com/blog/thong-bao-thanh-lap-ban-chu-nhiem-lam-thoi-clb-tu-thien-trai-tim-nhan-ai/	2192	1
Blog	10 ĐIỀU QUAN TRỌNG KHI XIN VISA DU HỌC MỸ | Trường Việt Anh | Blog Trường Việt Anh	https://truongvietanh.com/blog/10-dieu-quan-trong-khi-xin-visa-du-hoc-my/	2191	1
Blog	5 Điều Bạn Cần Lưu Ý Khi Chọn Nghề | Trường Việt Anh | Blog Trường Việt Anh	https://truongvietanh.com/blog/5-dieu-ban-can-luu-y-khi-chon-nghe/	2191	1
Blog	5 LÝ DO BẠN NÊN DU HỌC TRUNG QUỐC | Trường Việt Anh | Blog Trường Việt Anh	https://truongvietanh.com/blog/5-ly-do-ban-nen-du-hoc-trung-quoc/	2191	1
Blog	BÍ QUYẾT KHI PHỎNG VẤN DU HỌC MỸ | Trường Việt Anh | Blog Trường Việt Anh	https://truongvietanh.com/blog/bi-quyet-khi-phong-van-du-hoc-my/	2191	1
Blog	GIẢI QUYẾT VẤN ĐỀ TÀI CHÍNH KHI DU HỌC ÚC | Trường Việt Anh | Blog Trường Việt Anh	https://truongvietanh.com/blog/giai-quyet-van-de-tai-chinh-khi-du-hoc-uc/	2191	1
Blog	[TIỂU HỌC] HALLOWEEN CỦA CÁC BẠN TIỂU HỌC VIỆT ... | Trường Việt Anh | Blog Trường Việt Anh	https://truongvietanh.com/blog/hallowen-tieu-hoc-viet-anh/	2191	1
Blog	Lợi ích của việc đọc sách - chìa khóa cho tri t... | Trường Việt Anh | Blog Trường Việt Anh	https://truongvietanh.com/blog/loi-ich-cua-viec-doc-sach/	2191	1
Blog	TẠI SAO BẠN MUỐN DU HỌC NHẬT BẢN | Trường Việt Anh | Blog Trường Việt Anh	https://truongvietanh.com/blog/tai-sao-ban-muon-du-hoc-nhat-ban/	2191	1
Blog	CẮM TRẠI HÈ CẦN CHUẨN BỊ NHỮNG GÌ ? | Trường Việt Anh | Blog Trường Việt Anh	https://truongvietanh.com/blog/cam-trai-he-can-chuan-bi-nhung-gi/	2190	1
Blog	CHUẨN BỊ GÌ KHI ĐI DU HỌC MỸ | Trường Việt Anh | Blog Trường Việt Anh	https://truongvietanh.com/blog/chuan-bi-gi-khi-di-du-hoc-my/	2190	1
Blog	ĐH Kinh doanh và Công nghệ rút thông báo 18 điể... | Trường Việt Anh | Blog Trường Việt Anh	https://truongvietanh.com/blog/dh-kinh-doanh-va-cong-nghe-rut-thong-bao-18-diem-trung-tuyen-nganh-y-duoc/	2190	1
Blog	DU HỌC BỈ VÀ NHỮNG ĐIỀU CẦN BIẾT | Trường Việt Anh | Blog Trường Việt Anh	https://truongvietanh.com/blog/du-hoc-bi-va-nhung-dieu-can-biet/	2190	1
Blog	DU HỌC ÚC: CHUẨN BỊ TÂM LÝ KHI QUYẾT ĐỊNH DU HỌ... | Trường Việt Anh | Blog Trường Việt Anh	https://truongvietanh.com/blog/du-hoc-uc-chuan-bi-tam-ly-khi-quyet-dinh-du-hoc/	2190	1
Blog	NHỮNG KINH NGHIỆM KHI ĐI DU HỌC HÀN QUỐC | Trường Việt Anh | Blog Trường Việt Anh	https://truongvietanh.com/blog/nhung-kinh-nghiem-khi-di-du-hoc-han-quoc/	2190	1
Blog	Tuần Đơn Tuần 5 Tháng 3 Năm 2017 | Trường Việt Anh | Blog Trường Việt Anh	https://truongvietanh.com/blog/tuan-don-tuan-5-thang-3-nam-2017/	2190	1
Blog	6 thí nghiệm khoa học có thể biểu diễn cho con ... | Trường Việt Anh | Blog Trường Việt Anh	https://truongvietanh.com/blog/6-thi-nghiem-khoa-hoc-co-the-bieu-dien-cho-con-tai-nha/	2189	1
Blog	Chàng trai Hà Tĩnh giành 30 điểm khối A | Trường Việt Anh | Blog Trường Việt Anh	https://truongvietanh.com/blog/chang-trai-ha-tinh-gianh-30-diem-khoi-a/	2189	1
Blog	CUỘC THI KHOẢNH KHẮC THẦY VÀ TRÒ | Trường Việt Anh | Blog Trường Việt Anh	https://truongvietanh.com/blog/cuoc-thi-khoanh-khac-thay-va-tro/	2189	1
Blog	Những đơn vị phối hợp với Việt Anh | Trường Việt Anh | Blog Trường Việt Anh	https://truongvietanh.com/blog/nhung-don-vi-phoi-hop-voi-viet-anh/	2189	1
Blog	Tuyển Dụng: Student's Officer (SO) | Trường Việt Anh | Blog Trường Việt Anh	https://truongvietanh.com/blog/tuyen-dung-students-officer-so-2/	2189	1
Blog	5 BÍ MẬT CỦA CÔ THỦ KHOA NỘI TRÚ | Trường Việt Anh | Blog Trường Việt Anh	https://truongvietanh.com/blog/5-bi-mat-cua-co-thu-khoa-noi-tru/	2188	1
Blog	ĐIỀU KIỆN ĐỂ ĐƯỢC ĐI DU HỌC ÚC | Trường Việt Anh | Blog Trường Việt Anh	https://truongvietanh.com/blog/dieu-kien-de-duoc-di-du-hoc-uc/	2188	1
Blog	DU HỌC BỈ: HỆ THỐNG GIÁO DỤC BỈ | Trường Việt Anh | Blog Trường Việt Anh	https://truongvietanh.com/blog/du-hoc-bi-he-thong-giao-duc-bi/	2188	1
Blog	Phương Hướng Đào Tạo | Trường Việt Anh | Blog Trường Việt Anh	https://truongvietanh.com/blog/phuong-huong-dao-tao/	2188	1
Blog	THÔNG BÁO 5 ĐỔI MỚI TRONG NĂM HỌC 2015-2016 | Trường Việt Anh | Blog Trường Việt Anh	https://truongvietanh.com/blog/thong-bao-5-doi-moi-trong-nam-hoc-2015-2016/	2188	1
Blog	Tuyển Sinh Trường Việt Anh 2026-2027: Mở Cánh Cửa Tương Lai Cho Con | Blog Trường Việt Anh	https://truongvietanh.com/blog/tuyen-sinh/	2188	1
Blog	5 ĐIỀU KHÔNG THỂ BỎ QUA KHI DU HỌC ÚC | Trường Việt Anh | Blog Trường Việt Anh	https://truongvietanh.com/blog/5-dieu-khong-the-bo-qua-khi-du-hoc-uc/	2187	1
Blog	CHƯƠNG TRÌNH TUYỂN DỤNG THỰC TẬP TÀI NĂNG THE B... | Trường Việt Anh | Blog Trường Việt Anh	https://truongvietanh.com/blog/chuong-trinh-tuyen-dung-thuc-tap-tai-nang-the-best-teacher/	2187	1
Blog	Công nghệ cho giấc ngủ ngon | Trường Việt Anh | Blog Trường Việt Anh	https://truongvietanh.com/blog/cong-nghe-cho-giac-ngu-ngon/	2187	1
Blog	Top trường mẫu giáo Gò Vấp đào tạo song ngữ chấ... | Trường Việt Anh | Blog Trường Việt Anh	https://truongvietanh.com/blog/top-truong-mau-giao-go-vap-dao-tao-song-ngu-chat-luong/	2187	1
Blog	Vì sao người trẻ thích đi du học? | Trường Việt Anh | Blog Trường Việt Anh	https://truongvietanh.com/blog/vi-sao-nguoi-tre-thich-di-du-hoc/	2187	1
Blog	5 lợi ích của việc luyện tập lặp lại | Trường Việt Anh | Blog Trường Việt Anh	https://truongvietanh.com/blog/5-loi-ich-cua-viec-luyen-tap-lap-lai/	2186	1
Blog	7 điều ghi nhớ cho các đôi đi du lịch | Trường Việt Anh | Blog Trường Việt Anh	https://truongvietanh.com/blog/7-dieu-ghi-nho-cho-cac-doi-di-du-lich/	2186	1
Blog	DU HỌC HÈ Ở LOS ANGELES | Trường Việt Anh | Blog Trường Việt Anh	https://truongvietanh.com/blog/du-hoc-he-o-los-angeles/	2186	1
Blog	DU HỌC NEW ZEALAND: HỆ THỐNG GIÁO DỤC | Trường Việt Anh | Blog Trường Việt Anh	https://truongvietanh.com/blog/du-hoc-new-zealand-he-thong-giao-duc/	2186	1
Blog	HÀN QUỐC: ĐỊA ĐIỂM DU HỌC HẤP DẪN | Trường Việt Anh | Blog Trường Việt Anh	https://truongvietanh.com/blog/han-quoc-dia-diem-du-hoc-hap-dan/	2186	1
Blog	Project Based Learning - Lớp 11D1 - Party Aroun... | Trường Việt Anh | Blog Trường Việt Anh	https://truongvietanh.com/blog/project-based-learning-lop-11d1-party-around-the-world/	2186	1
Blog	Thi THPT quốc gia từ ngày 22/6 | Trường Việt Anh | Blog Trường Việt Anh	https://truongvietanh.com/blog/thi-thpt-quoc-gia-tu-ngay-226/	2186	1
Blog	Trường tiểu học Mỹ luôn đoán đúng kết quả bầu c... | Trường Việt Anh | Blog Trường Việt Anh	https://truongvietanh.com/blog/truong-tieu-hoc-my-luon-doan-dung-ket-qua-bau-cu-tong-thong/	2186	1
Blog	CẢI THIỆN NGÔN NGỮ KHI DU HỌC CANADA | Trường Việt Anh | Blog Trường Việt Anh	https://truongvietanh.com/blog/cai-thien-ngon-ngu-khi-du-hoc-canada/	2185	1
Blog	Giấy khen chất phát ngất của học sinh Tiểu Học ... | Trường Việt Anh | Blog Trường Việt Anh	https://truongvietanh.com/blog/chat-phat-ngat-giay-khen-doc-la-cua-hoc-sinh-tieu-hoc-viet-anh/	2185	1
Blog	Chia thu nhập vào '6 cái lọ' - công thức giữ ti... | Trường Việt Anh | Blog Trường Việt Anh	https://truongvietanh.com/blog/chia-thu-nhap-vao-6-cai-lo-cong-thuc-giu-tien-hieu-qua-nhat/	2185	1
Blog	Cuộc thi xé giấy dán tranh - Ngày 29 tháng 9 nă... | Trường Việt Anh | Blog Trường Việt Anh	https://truongvietanh.com/blog/cuoc-thi-xe-giay-dan-tranh-ngay-29-thang-9-nam-2017/	2185	1
Blog	DU HỌC HÈ SINGAPORE | Trường Việt Anh | Blog Trường Việt Anh	https://truongvietanh.com/blog/du-hoc-he-singapore/	2185	1
Blog	Giúp trẻ thông minh hơn trong dịp hè | Trường Việt Anh | Blog Trường Việt Anh	https://truongvietanh.com/blog/giup-tre-thong-minh-hon-trong-dip-he/	2185	1
Blog	LỰA CHỌN TRƯỜNG KHI DU HỌC ĐỨC | Trường Việt Anh | Blog Trường Việt Anh	https://truongvietanh.com/blog/lua-chon-truong-khi-du-hoc-duc/	2185	1
Blog	TRUNG THU ĐẾN SỚM Ở LÀNG TRẺ SOS TP.HCM | Trường Việt Anh | Blog Trường Việt Anh	https://truongvietanh.com/blog/trung-thu-den-som-o-lang-tre-sos-tp-hcm/	2185	1
Blog	10 cách xây dựng thương hiệu cá nhân | Trường Việt Anh | Blog Trường Việt Anh	https://truongvietanh.com/blog/10-cach-xay-dung-thuong-hieu-ca-nhan/	2184	1
Blog	9 LỢI ÍCH TRẠI HÈ MANG LẠI CHO TRẺ | Trường Việt Anh | Blog Trường Việt Anh	https://truongvietanh.com/blog/9-loi-ich-trai-he-mang-lai-cho-tre/	2184	1
Blog	CHUẨN BỊ DU HỌC NÊN CHỌN IELTS HAY TOEFL ? | Trường Việt Anh | Blog Trường Việt Anh	https://truongvietanh.com/blog/chuan-bi-du-hoc-nen-chon-ielts-hay-toefl/	2184	1
Blog	ĐIỂM MẠNH KHI BẠN DU HỌC HÀN QUỐC | Trường Việt Anh | Blog Trường Việt Anh	https://truongvietanh.com/blog/diem-manh-khi-ban-du-hoc-han-quoc/	2184	1
Blog	DU HỌC ÚC: MỘT SỐ TRƯỜNG ĐẠI HỌC | Trường Việt Anh | Blog Trường Việt Anh	https://truongvietanh.com/blog/du-hoc-uc-mot-so-truong-dai-hoc/	2184	1
Blog	Get lost and find yourself | Trường Việt Anh | Blog Trường Việt Anh	https://truongvietanh.com/blog/get-lost-and-find-yourself/	2184	1
Blog	NHỮNG ĐIỀU NÊN BIẾT VỀ DU HỌC MỸ | Trường Việt Anh | Blog Trường Việt Anh	https://truongvietanh.com/blog/nhung-dieu-nen-biet-ve-du-hoc-my/	2184	1
Blog	TÌM HIỀU VỀ TRẠI HÈ CANADA | Trường Việt Anh | Blog Trường Việt Anh	https://truongvietanh.com/blog/tim-hieu-ve-trai-he-canada/	2184	1
Blog	Trường [THCS] & [THPT] Việt Anh - Kỉ niệm học s... | Trường Việt Anh | Blog Trường Việt Anh	https://truongvietanh.com/blog/truong-thcs-thpt-viet-anh-ki-niem-hoc-sinh-viet-anh-nien-khoa-2011-2012/	2184	1
Blog	10 điều thú vị về Đại học Harvard | Trường Việt Anh | Blog Trường Việt Anh	https://truongvietanh.com/blog/10-dieu-thu-vi-ve-dai-hoc-harvard/	2183	1
Blog	7 ĐIỀU CẦN BIẾT TRƯỚC KHI DU HỌC | Trường Việt Anh | Blog Trường Việt Anh	https://truongvietanh.com/blog/7-dieu-can-biet-truoc-khi-du-hoc/	2183	1
Blog	Tìm cảm hứng trong việc đọc sách | Trường Việt Anh | Blog Trường Việt Anh	https://truongvietanh.com/blog/cach-doc-sach-hieu-qua/	2183	1
Blog	DU HỌC CANADA: LỜI KHUYÊN CHO BẠN | Trường Việt Anh | Blog Trường Việt Anh	https://truongvietanh.com/blog/du-hoc-canada-loi-khuyen-cho-ban/	2183	1
Blog	DU HỌC CHÂU Á - ĐIỂM ĐẾN MỚI LẠ | Trường Việt Anh | Blog Trường Việt Anh	https://truongvietanh.com/blog/du-hoc-chau-a-diem-den-moi-la/	2183	1
Blog	HỌC TỐT MÔN TOÁN CHO HỌC SINH TRUNG BÌNH | Trường Việt Anh | Blog Trường Việt Anh	https://truongvietanh.com/blog/hoc-tot-mon-toan-cho-hoc-sinh-trung-binh/	2183	1
Blog	LÝ DO BẠN NÊN ĐỌC SÁCH MỖI NGÀY | Trường Việt Anh | Blog Trường Việt Anh	https://truongvietanh.com/blog/ly-do-ban-nen-doc-sach-moi-ngay/	2183	1
Blog	LÝ DO BẠN NÊN DU HỌC MALAYSIA | Trường Việt Anh | Blog Trường Việt Anh	https://truongvietanh.com/blog/ly-do-ban-nen-du-hoc-malaysia/	2183	1
Blog	NGÀNH HỌC ĐƯỢC NHIỀU DU HỌC SINH NHẬT BẢN CHỌN | Trường Việt Anh | Blog Trường Việt Anh	https://truongvietanh.com/blog/nganh-hoc-duoc-nhieu-du-hoc-sinh-nhat-ban-chon/	2183	1
Blog	Tản Mạn Về Trường THPT Chuyên Và Tầm Quan Trọng... | Trường Việt Anh | Blog Trường Việt Anh	https://truongvietanh.com/blog/tan-man-ve-truong-thpt-chuyen-va-tam-quan-trong-cua-anh-ngu-tai-viet-nam/	2183	1
Blog	Thí sinh bắt đầu 'cuộc chơi' nộp - rút hồ sơ đạ... | Trường Việt Anh | Blog Trường Việt Anh	https://truongvietanh.com/blog/thi-sinh-bat-dau-cuoc-choi-nop-rut-ho-so-dai-hoc/	2183	1
Blog	TRẠI HÈ VIỆT NAM NĂM 2015 | Trường Việt Anh | Blog Trường Việt Anh	https://truongvietanh.com/blog/trai-he-viet-nam-nam-2015/	2183	1
Blog	10 LÝ DO TẠI SAO BẠN NÊN HỌC TRƯỜNG NỘI TRÚ | Trường Việt Anh | Blog Trường Việt Anh	https://truongvietanh.com/blog/10-ly-do-tai-sao-ban-nen-hoc-truong-noi-tru/	2182	1
Blog	CUỘC THI LÀM BÁO TƯỜNG | Trường Việt Anh | Blog Trường Việt Anh	https://truongvietanh.com/blog/cuoc-thi-lam-bao-tuong/	2182	1
Blog	DU HỌC BA LAN: GIẤC MƠ CHÂU ÂU TRONG TẦM TAY | Trường Việt Anh | Blog Trường Việt Anh	https://truongvietanh.com/blog/du-hoc-ba-lan-giac-mo-chau-au-trong-tam-tay/	2182	1
Blog	KINH NGHIỆM VÀNG DU HỌC | Trường Việt Anh | Blog Trường Việt Anh	https://truongvietanh.com/blog/kinh-nghiem-vang-du-hoc/	2182	1
Blog	Quán quân Olympia đạt 28 điểm thi khối A | Trường Việt Anh | Blog Trường Việt Anh	https://truongvietanh.com/blog/quan-quan-olympia-dat-28-diem-thi-khoi-a/	2182	1
Blog	SỨC HẤP DẪN CỦA DU HỌC SÍP | Trường Việt Anh | Blog Trường Việt Anh	https://truongvietanh.com/blog/suc-hap-dan-cua-du-hoc-sip/	2182	1
Blog	Thầy giáo bị thôi việc vì tát học sinh | Trường Việt Anh | Blog Trường Việt Anh	https://truongvietanh.com/blog/thay-giao-bi-thoi-viec-vi-tat-hoc-sinh/	2182	1
Blog	[THCS]&[THPT] Nam sinh Việt Anh vô địch giải ké... | Trường Việt Anh | Blog Trường Việt Anh	https://truongvietanh.com/blog/thcsthpt-nam-sinh-viet-anh-vo-dich-giai-keo-co-hs-q-phu-nhuan/	2182	1
Blog	Trường học khai giảng đồng loạt sáng 5/9 | Trường Việt Anh | Blog Trường Việt Anh	https://truongvietanh.com/blog/truong-hoc-khai-giang-dong-loat-sang-59/	2182	1
Blog	8 Cách Học Tốt Hình Học Không Gian Một Cách Vô ... | Trường Việt Anh | Blog Trường Việt Anh	https://truongvietanh.com/blog/5-cach-giai-toan-hinh-hoc-khong-gian-nhanh-nhat/	2181	1
Blog	9 LỢI THẾ KHI DU HỌC NHẬT BẢN | Trường Việt Anh | Blog Trường Việt Anh	https://truongvietanh.com/blog/9-loi-the-khi-du-hoc-nhat-ban/	2181	1
Blog	Ba nữ giảng viên được hỗ trợ 300 triệu đồng ngh... | Trường Việt Anh | Blog Trường Việt Anh	https://truongvietanh.com/blog/ba-nu-giang-vien-duoc-ho-tro-300-trieu-dong-nghien-cuu-khoa-hoc/	2181	1
Blog	Chàng trai tốt nghiệp đại học loại giỏi tình ng... | Trường Việt Anh | Blog Trường Việt Anh	https://truongvietanh.com/blog/chang-trai-tot-nghiep-dai-hoc-loai-gioi-tinh-nguyen-tong-quan/	2181	1
Blog	DU HỌC MỸ TRONG MẮT DU HỌC SINH | Trường Việt Anh | Blog Trường Việt Anh	https://truongvietanh.com/blog/du-hoc-my-trong-mat-du-hoc-sinh/	2181	1
Blog	Hà Nội tổ chức thi thử THPT quốc gia | Trường Việt Anh | Blog Trường Việt Anh	https://truongvietanh.com/blog/ha-noi-to-chuc-thi-thu-thpt-quoc-gia/	2181	1
Blog	KINH NGHIỆM DU HỌC NEWZEALAND | Trường Việt Anh | Blog Trường Việt Anh	https://truongvietanh.com/blog/kinh-nghiem-du-hoc-newzealand/	2181	1
Blog	TRẠI HÈ QUÂN ĐỘI TRÊN THẾ GIỚI | Trường Việt Anh | Blog Trường Việt Anh	https://truongvietanh.com/blog/trai-he-quan-doi-tren-the-gioi/	2181	1
Blog	Tiểu Học Việt Anh - Học Tiếng Anh Như Một Ngôn ... | Trường Việt Anh | Blog Trường Việt Anh	https://truongvietanh.com/blog/truong-tieu-hoc-viet-anh/	2181	1
Blog	[Bài Viết Hay] CEO hay TỬ TÙ? | Trường Việt Anh | Blog Trường Việt Anh	https://truongvietanh.com/blog/bai-viet-hay-ceo-hay-tu-tu/	2180	1
Blog	BÍ QUYẾT HỌC GIỎI NGOẠI NGỮ KHI DU HỌC | Trường Việt Anh | Blog Trường Việt Anh	https://truongvietanh.com/blog/bi-quyet-hoc-gioi-ngoai-ngu-khi-du-hoc/	2180	1
Blog	KẾT QUẢ CUỘC THI HÙNG BIỆN BẰNG TIẾNG ANH | Trường Việt Anh | Blog Trường Việt Anh	https://truongvietanh.com/blog/ket-qua-cuoc-thi-hung-bien-bang-tieng-anh/	2180	1
Blog	Nhiều đại học ở TP HCM tiếp tục 'vét' thí sinh | Trường Việt Anh | Blog Trường Việt Anh	https://truongvietanh.com/blog/nhieu-dai-hoc-o-tp-hcm-tiep-tuc-vet-thi-sinh/	2180	1
Blog	NHỮNG LOẠI TRẠI HÈ TRÊN THẾ GIỚI | Trường Việt Anh | Blog Trường Việt Anh	https://truongvietanh.com/blog/nhung-loai-trai-he-tren-the-gioi/	2180	1
Blog	Top 50 Sản Phẩm Và Dịch Vụ Chất Lượng Tốt Nhất ... | Trường Việt Anh | Blog Trường Việt Anh	https://truongvietanh.com/blog/top-50-san-pham-va-dich-vu-chat-luong-tot-nhat-viet-nam/	2180	1
Blog	3 ĐIỂM MẠNH KHI DU HỌC TÂY BAN NHA | Trường Việt Anh | Blog Trường Việt Anh	https://truongvietanh.com/blog/3-diem-manh-khi-du-hoc-tay-ban-nha/	2179	1
Blog	Cách chọn nghề nghiệp tương lai phù hợp với bản... | Trường Việt Anh | Blog Trường Việt Anh	https://truongvietanh.com/blog/cach-lua-chon-nghe-nghiep-tuong-lai/	2179	1
Blog	Hoàn thành phần dự thi | Trường Việt Anh | Blog Trường Việt Anh	https://truongvietanh.com/blog/cam-on-contest/	2179	1
Blog	Chọn nhầm ngành cũng là cái tội | Trường Việt Anh | Blog Trường Việt Anh	https://truongvietanh.com/blog/chon-nham-nganh-cung-la-cai-toi/	2179	1
Blog	DU HỌC MALAYSIA VỚI CHI PHÍ THẤP | Trường Việt Anh | Blog Trường Việt Anh	https://truongvietanh.com/blog/du-hoc-malaysia-voi-chi-phi-thap/	2179	1
Blog	KINH NGHIỆM DU HỌC TRUNG QUỐC | Trường Việt Anh | Blog Trường Việt Anh	https://truongvietanh.com/blog/kinh-nghiem-du-hoc-trung-quoc/	2179	1
Blog	KINH NGHIỆM VÀNG DU HỌC HÀN QUỐC | Trường Việt Anh | Blog Trường Việt Anh	https://truongvietanh.com/blog/kinh-nghiem-vang-du-hoc-han-quoc/	2179	1
Blog	MÓN QUÀ TỪ TRẠI HÈ CHO TRẺ | Trường Việt Anh | Blog Trường Việt Anh	https://truongvietanh.com/blog/mon-qua-tu-trai-he-cho-tre/	2179	1
Blog	Thông báo họp phụ huynh Học kỳ 2 năm học 2014-2... | Trường Việt Anh | Blog Trường Việt Anh	https://truongvietanh.com/blog/thong-bao-hop-phu-huynh-hoc-ky-2-nam-hoc-2014-2015/	2179	1
Blog	Tuyển dụng nhân sự 2016 (đợt 2) tại trường Việt... | Trường Việt Anh | Blog Trường Việt Anh	https://truongvietanh.com/blog/tuyen-dung-nhan-su-2016-dot-2-tai-truong-viet-anh-2/	2179	1
Blog	3 NGÀNH HOT NHẤT KHI DU HỌC SINGAPORE | Trường Việt Anh | Blog Trường Việt Anh	https://truongvietanh.com/blog/3-nganh-hot-nhat-khi-du-hoc-singapore/	2178	1
Blog	Bài Tập Thực Hành Nấu Ăn - Lớp 6A | Trường Việt Anh | Blog Trường Việt Anh	https://truongvietanh.com/blog/bai-tap-thuc-hanh-nau-an-lop-6a/	2178	1
Blog	Chuẩn bị gì cho năm học mới? | Trường Việt Anh | Blog Trường Việt Anh	https://truongvietanh.com/blog/chuan-bi-gi-cho-nam-hoc-moi/	2178	1
Blog	CÓ NÊN CHO TRẺ HỌC HÈ BÁN TRÚ | Trường Việt Anh | Blog Trường Việt Anh	https://truongvietanh.com/blog/co-nen-cho-tre-hoc-he-ban-tru/	2178	1
Blog	DU HỌC CÁC NƯỚC CỘNG ĐỒNG EU | Trường Việt Anh | Blog Trường Việt Anh	https://truongvietanh.com/blog/du-hoc-cac-nuoc-cong-dong-eu/	2178	1
Blog	[FULL] PHÁT BIỂU XÚC ĐỘNG CỦA HỌC SINH LỚP 12 T... | Trường Việt Anh | Blog Trường Việt Anh	https://truongvietanh.com/blog/full-phat-bieu-xuc-dong-cua-hoc-sinh-lop-12-truong-thcs-thpt-viet-anh/	2178	1
Blog	NHỮNG CÔNG VIỆC LÀM THÊM KHI BẠN DU HỌC | Trường Việt Anh | Blog Trường Việt Anh	https://truongvietanh.com/blog/nhung-cong-viec-lam-them-khi-ban-du-hoc/	2178	1
Blog	NHỮNG LỢI THẾ KHI DU HỌC BỈ | Trường Việt Anh | Blog Trường Việt Anh	https://truongvietanh.com/blog/nhung-loi-the-khi-du-hoc-bi/	2178	1
Blog	Quốc gia kỳ lạ cho trẻ 6 tháng chọn nghề nghiệp... | Trường Việt Anh | Blog Trường Việt Anh	https://truongvietanh.com/blog/quoc-gia-ky-la-cho-tre-6-thang-chon-nghe-nghiep-tuong-lai/	2178	1
Blog	Trái Tim Nhân Ái 1 - XUÂN YÊU THƯƠNG | Trường Việt Anh | Blog Trường Việt Anh	https://truongvietanh.com/blog/trai-tim-nhan-ai-1-xuan-yeu-thuong/	2178	1
Blog	Dạy trẻ sử dụng tiền thông minh | Trường Việt Anh | Blog Trường Việt Anh	https://truongvietanh.com/blog/day-tre-su-dung-tien-thong-minh/	2177	1
Blog	DU HỌC SINGAPORE: NÉT VĂN HÓA SINGAPORE | Trường Việt Anh | Blog Trường Việt Anh	https://truongvietanh.com/blog/du-hoc-singapore-net-van-hoa-singapore/	2177	1
Blog	GIÂY PHÚT TRI ÂN NGÀY NHÀ GIÁO TRƯỜNG VIỆT ANH | Trường Việt Anh | Blog Trường Việt Anh	https://truongvietanh.com/blog/giay-phut-tri-an-ngay-nha-giao-truong-viet-anh/	2177	1
Blog	Một số từ vựng về Tết cổ truyền | Trường Việt Anh | Blog Trường Việt Anh	https://truongvietanh.com/blog/mot-so-tu-vung-ve-tet-co-truyen/	2177	1
Blog	NHỮNG TRẠI HÈ TRÊN THẾ GIỚI | Trường Việt Anh | Blog Trường Việt Anh	https://truongvietanh.com/blog/nhung-trai-he-tren-the-gioi/	2177	1
Blog	SUMMER GOT TALENT 2017 | Khóa Học Hè Học Mọi Nơ... | Trường Việt Anh | Blog Trường Việt Anh	https://truongvietanh.com/blog/summer-got-talents-2016-khoa-hoc-he-co-1-khong-2/	2177	1
Blog	TẠI SAO BẠN LẠI MUỐN ĐI DU HỌC | Trường Việt Anh | Blog Trường Việt Anh	https://truongvietanh.com/blog/tai-sao-ban-lai-muon-di-du-hoc/	2177	1
Blog	TEST COUNTDOWN | Trường Việt Anh | Blog Trường Việt Anh	https://truongvietanh.com/blog/test-countdown/	2177	1
Blog	[THCS] & [THPT] Viet Anh Fashion Show 2012 | Trường Việt Anh | Blog Trường Việt Anh	https://truongvietanh.com/blog/thcs-thpt-viet-anh-fashion-show-2012/	2177	1
Blog	Tuyển dụng nhân sự 2015 tại trường Việt Anh | Trường Việt Anh | Blog Trường Việt Anh	https://truongvietanh.com/blog/tuyen-dung-nhan-su-2015-tai-truong-viet-anh/	2177	1
Blog	ĐI LẠI KHI DU HỌC MALAYSIA | Trường Việt Anh | Blog Trường Việt Anh	https://truongvietanh.com/blog/di-lai-khi-du-hoc-malaysia/	2176	1
Blog	DU HỌC CHÂU ÂU CÓ GÌ MỚI | Trường Việt Anh | Blog Trường Việt Anh	https://truongvietanh.com/blog/du-hoc-chau-au-co-gi-moi/	2176	1
Blog	Du học tại chỗ ở Việt Nam | Trường Việt Anh | Blog Trường Việt Anh	https://truongvietanh.com/blog/du-hoc-tai-cho-o-viet-nam/	2176	1
Blog	Ưu điểm của trường nội trú | Trường Việt Anh | Blog Trường Việt Anh	https://truongvietanh.com/blog/uu-diem-cua-truong-noi-tru/	2176	1
Blog	CẦN BIẾT GÌ KHI DU HỌC ÚC | Trường Việt Anh | Blog Trường Việt Anh	https://truongvietanh.com/blog/can-biet-gi-khi-du-hoc-uc/	2175	1
Blog	LỊCH KIỂM TRA HỌC KỲ II NĂM HỌC 2013 – 2014 | Trường Việt Anh | Blog Trường Việt Anh	https://truongvietanh.com/blog/lich-kiem-tra-hoc-ky-ii-nam-hoc-2013-2014/	2175	1
Blog	NHỮNG ĐIỂM MẠNH KHI DU HỌC NEW ZEALAND | Trường Việt Anh | Blog Trường Việt Anh	https://truongvietanh.com/blog/nhung-diem-manh-khi-du-hoc-new-zealand/	2175	1
Blog	TẠI SAO NÊN DU HỌC ÚC ? | Trường Việt Anh | Blog Trường Việt Anh	https://truongvietanh.com/blog/tai-sao-nen-du-hoc-uc/	2175	1
Blog	Thông Báo Nghỉ Tết Nguyên Đán Kỷ Hợi 2019 | Trường Việt Anh | Blog Trường Việt Anh	https://truongvietanh.com/blog/thong-bao-nghi-tet-nguyen-dan-ky-hoi-2019/	2175	1
Blog	TP HCM: Trường THPT Nguyễn Thị Minh Khai khai g... | Trường Việt Anh | Blog Trường Việt Anh	https://truongvietanh.com/blog/tp-hcm-truong-thpt-nguyen-thi-minh-khai-khai-giang-nam-hoc-moi/	2175	1
Blog	Thực Đơn Tuần 1 Tháng 6 ( 29.05 - 02.06 ) | Trường Việt Anh | Blog Trường Việt Anh	https://truongvietanh.com/blog/12866-2/	2174	1
Blog	5 ĐỊA ĐIỂM DU HỌC GIÁ CẢ PHẢI CHĂNG | Trường Việt Anh | Blog Trường Việt Anh	https://truongvietanh.com/blog/5-dia-diem-du-hoc-gia-ca-phai-chang/	2174	1
Blog	6 LÝ DO KHIẾN BẠN MUỐN DU HỌC HÀ LAN | Trường Việt Anh | Blog Trường Việt Anh	https://truongvietanh.com/blog/6-ly-do-khien-ban-muon-du-hoc-ha-lan/	2174	1
Blog	Bức thư của tổng thống Mỹ gửi thầy hiệu trưởng | Trường Việt Anh | Blog Trường Việt Anh	https://truongvietanh.com/blog/buc-thu-cua-tong-thong/	2174	1
Blog	Công nhận Thương hiệu mạnh phát triển bền vững ... | Trường Việt Anh | Blog Trường Việt Anh	https://truongvietanh.com/blog/cong-nhan/	2174	1
Blog	DU HỌC MỸ: NÊN CHỌN CHUYÊN NGÀNH NHƯ THẾ NÀO | Trường Việt Anh | Blog Trường Việt Anh	https://truongvietanh.com/blog/du-hoc-my-nen-chon-chuyen-nganh-nhu-the-nao/	2174	1
Blog	Thông Báo Lịch Học Của Học Sinh | Trường Việt Anh | Blog Trường Việt Anh	https://truongvietanh.com/blog/thong-bao-lich-hoc-cua-hoc-sinh/	2174	1
Blog	5 QUY TẮC NÓI BẠN CẦN BIẾT | Trường Việt Anh | Blog Trường Việt Anh	https://truongvietanh.com/blog/5-quy-tac-noi-ban-can-biet/	2173	1
Blog	6 cách tiết kiệm tiền cho du học sinh Thụy Điển | Trường Việt Anh | Blog Trường Việt Anh	https://truongvietanh.com/blog/6-cach-tiet-kiem-tien-cho-du-hoc-sinh-thuy-dien/	2173	1
Blog	Cuộc thi ảnh  Khoảnh khắc Thầy - Trò- Lớp 11A2 | Trường Việt Anh | Blog Trường Việt Anh	https://truongvietanh.com/blog/cuoc-thi-anh-khoanh-khac-thay-tro-lop-11a2-2/	2173	1
Blog	ĐỂ CÓ VIỆC LÀM THÊM KHI DU HỌC MỸ | Trường Việt Anh | Blog Trường Việt Anh	https://truongvietanh.com/blog/de-co-viec-lam-them-khi-du-hoc-my/	2173	1
Blog	DU HỌC HÀ LAN: MỖI MÔN HỌC MỘT QUYỂN SÁCH | Trường Việt Anh | Blog Trường Việt Anh	https://truongvietanh.com/blog/du-hoc-ha-lan-moi-mon-hoc-mot-quyen-sach/	2173	1
Blog	GS Ngô Bảo Châu giao lưu với sinh viên về tình ... | Trường Việt Anh | Blog Trường Việt Anh	https://truongvietanh.com/blog/gs-ngo-bao-chau-giao-luu-voi-sinh-vien-ve-tinh-yeu-bien-dao/	2173	1
Blog	Thần đồng người Bỉ học trung học khi mới 6 tuổi | Trường Việt Anh | Blog Trường Việt Anh	https://truongvietanh.com/blog/than-dong-nguoi-bi-hoc-trung-hoc-khi-moi-6-tuoi/	2173	1
Blog	TP HCM cho phép dạy thêm nếu học sinh tự nguyện | Trường Việt Anh | Blog Trường Việt Anh	https://truongvietanh.com/blog/tp-hcm-cho-phep-day-them-neu-hoc-sinh-tu-nguyen/	2173	1
Blog	Trường Nội Trú Cho Các Con | Trường Việt Anh | Blog Trường Việt Anh	https://truongvietanh.com/blog/truong-noi-tru-cho-cac-con/	2173	1
Blog	Ước mơ thành dược sĩ của cậu học trò nghèo | Trường Việt Anh | Blog Trường Việt Anh	https://truongvietanh.com/blog/uoc-mo-thanh-duoc-si-cua-cau-hoc-tro-ngheo/	2173	1
Blog	Bill Gates cấm con dùng điện thoại di động trướ... | Trường Việt Anh | Blog Trường Việt Anh	https://truongvietanh.com/blog/bill-gates-cam-con-dung-dien-thoai-di-dong-truoc-14-tuoi/	2172	1
Blog	Chuyên mục tin tức trường Việt Anh | Trường Việt Anh | Blog Trường Việt Anh	https://truongvietanh.com/blog/chuyen-muc-tin-tuc-truong-viet-anh/	2172	1
Blog	GIAO LƯU VỚI HỌC SINH THÁI LAN | Trường Việt Anh | Blog Trường Việt Anh	https://truongvietanh.com/blog/giao-luu-voi-hoc-sinh-thai-lan/	2172	1
Blog	KHÁM PHÁ DU HỌC Ý | Trường Việt Anh | Blog Trường Việt Anh	https://truongvietanh.com/blog/kham-pha-du-hoc-y/	2172	1
Blog	NGÀY QUỐC TẾ PHỤ NỮ 8 - 3 - 2015 | Trường Việt Anh | Blog Trường Việt Anh	https://truongvietanh.com/blog/ngay-quoc-te-phu-nu-8-3-2015/	2172	1
Blog	NHỮNG ĐIỀU CẦN LƯU Ý KHI DU HỌC CANADA | Trường Việt Anh | Blog Trường Việt Anh	https://truongvietanh.com/blog/nhung-dieu-can-luu-y-khi-du-hoc-canada-2/	2172	1
Blog	NHỮNG HÌNH THỨC GIẢM GIÁ CHO DU HỌC SINH | Trường Việt Anh | Blog Trường Việt Anh	https://truongvietanh.com/blog/nhung-hinh-thuc-giam-gia-cho-du-hoc-sinh/	2172	1
Blog	Ông Đinh La Thăng: 'Lương 3 triệu sao giữ được ... | Trường Việt Anh | Blog Trường Việt Anh	https://truongvietanh.com/blog/ong-dinh-la-thang-luong-3-trieu-sao-giu-duoc-giang-vien-gioi/	2172	1
Blog	TRẠI HÈ MỸ - LÀM QUEN VỚI MÔI TRƯỜNG NƯỚC NGOÀI | Trường Việt Anh | Blog Trường Việt Anh	https://truongvietanh.com/blog/trai-he-my-lam-quen-dan-voi-moi-truong-nuoc-ngoai/	2172	1
Blog	Tuyển dụng nhân sự 2016 tại trường Việt Anh | Trường Việt Anh | Blog Trường Việt Anh	https://truongvietanh.com/blog/tuyen-dung-nhan-su-2016-tai-truong-viet-anh/	2172	1
Blog	CHUẨN BỊ HÀNH TRANG DU HỌC MỸ NHƯ THẾ NÀO | Trường Việt Anh | Blog Trường Việt Anh	https://truongvietanh.com/blog/chuan-bi-hanh-trang-du-hoc-my-nhu-the-nao/	2171	1
Blog	Cô bé Canada hát quốc ca Việt Nam gây quỹ từ th... | Trường Việt Anh | Blog Trường Việt Anh	https://truongvietanh.com/blog/co-be-canada-hat-quoc-ca-viet-nam-gay-quy-tu-thien-trieu-usd/	2171	1
Blog	TRƯỜNG NỘI TRÚ VÀ NHỮNG ĐIỀU CẦN LƯU Ý | Trường Việt Anh | Blog Trường Việt Anh	https://truongvietanh.com/blog/nhung-dieu-can-luu-y-khi-cho-tre-hoc-truong-noi-tru/	2171	1
Blog	TRẠI HÈ QUỐC TẾ SINGAPORE | Trường Việt Anh | Blog Trường Việt Anh	https://truongvietanh.com/blog/trai-he-quoc-te-singapore/	2171	1
Blog	TRƯỜNG CHUYÊN NGOẠI NGỮ VIỆT ANH | Trường Việt Anh | Blog Trường Việt Anh	https://truongvietanh.com/blog/truong-chuyen-ngoai-ngu-viet-anh/	2171	1
Blog	VISA CHO SINH VIÊN LÀM VIỆC SAU KHI TỐT NGHIỆP ... | Trường Việt Anh | Blog Trường Việt Anh	https://truongvietanh.com/blog/visa-cho-sinh-vien-lam-viec-sau-khi-tot-nghiep-tai-canada/	2171	1
Blog	BÍ QUYẾT HỘI NHẬP VỚI MÔI TRƯỜNG DU HỌC | Trường Việt Anh | Blog Trường Việt Anh	https://truongvietanh.com/blog/bi-quyet-hoi-nhap-voi-moi-truong-du-hoc/	2170	1
Blog	CUỘC THI KỂ CHUYỆN | Trường Việt Anh | Blog Trường Việt Anh	https://truongvietanh.com/blog/cuoc-thi-ke-chuyen-2/	2170	1
Blog	Điểm chung của những người giàu | Trường Việt Anh | Blog Trường Việt Anh	https://truongvietanh.com/blog/diem-chung-cua-nhung-nguoi-giau/	2170	1
Blog	PHƯƠNG TIỆN ĐI LẠI KHI BẠN DU HỌC ANH | Trường Việt Anh | Blog Trường Việt Anh	https://truongvietanh.com/blog/phuong-tien-di-lai-khi-ban-du-hoc-anh/	2170	1
Blog	DU HỌC: LÀM THẾ NÀO KHI BỊ MẤT HỘ CHIẾU | Trường Việt Anh | Blog Trường Việt Anh	https://truongvietanh.com/blog/du-hoc-lam-the-nao-khi-bi-mat-ho-chieu/	2169	1
Blog	Tuyển dụng nhân sự 2016 tại trường Việt Anh | Trường Việt Anh | Blog Trường Việt Anh	https://truongvietanh.com/blog/tuyen-dung-nhan-su-2016-tai-truong-viet-anh-2/	2169	1
Blog	Giao lưu với học sinh Thái Lan | Trường Việt Anh | Blog Trường Việt Anh	https://truongvietanh.com/blog/giao-luu-voi-hoc-sinh-thai-lan-2/	2168	1
Blog	HỘI THẢO APU - “Designing your ideal future: Ho... | Trường Việt Anh | Blog Trường Việt Anh	https://truongvietanh.com/blog/hoi-thao-apu-designing-your-ideal-future-how-to-make-the-best-use-of-your-university-life/	2168	1
Blog	TRẠI HÈ ANH NGỮ TẠI CANADA | Trường Việt Anh | Blog Trường Việt Anh	https://truongvietanh.com/blog/trai-he-anh-ngu-tai-canada/	2168	1
Blog	Hoạt động từ thiện của trường Việt Anh tại Chùa... | Trường Việt Anh | Blog Trường Việt Anh	https://truongvietanh.com/blog/hoat-dong-tu-thien-cua-truong-viet-anh-tai-chua-ky-quang-ii/	2167	1
Blog	[iphone 5] hiểu được tiếng Việt? | Trường Việt Anh | Blog Trường Việt Anh	https://truongvietanh.com/blog/iphone-5-hieu-duoc-tieng-viet/	2167	1
Blog	Những điều cần biết về Google Classroom | Trường Việt Anh | Blog Trường Việt Anh	https://truongvietanh.com/blog/nhung-dieu-can-biet-ve-google-classroom/	2167	1
Blog	NHỮNG KHUẤT MẮT KHI BẠN CHUẨN BỊ DU HỌC | Trường Việt Anh | Blog Trường Việt Anh	https://truongvietanh.com/blog/nhung-khuat-mat-khi-ban-chuan-bi-du-hoc/	2167	1
Blog	[THÔNG BÁO] LỊCH HỌC HỌC KỲ 2 NĂM HỌC 2019-2020 | Trường Việt Anh | Blog Trường Việt Anh	https://truongvietanh.com/blog/thong-bao-lich-hoc-hoc-ky-2-nam-hoc-2019-2020/	2167	1
Blog	4 Học Sinh Đoạt Giải IOE Cấp Thành Phố Năm 2017 | Trường Việt Anh | Blog Trường Việt Anh	https://truongvietanh.com/blog/4-hoc-sinh-doat-giai-ioe-cap-thanh-pho-nam-2017/	2166	1
Blog	6 THÀNH PHỐ HẤP DẪN KHI DU HỌC ÚC | Trường Việt Anh | Blog Trường Việt Anh	https://truongvietanh.com/blog/6-thanh-pho-hap-dan-khi-du-hoc-uc/	2166	1
Blog	CHÍ PHÈO 2014 - Trường Việt Anh - 9B1 | Trường Việt Anh | Blog Trường Việt Anh	https://truongvietanh.com/blog/chi-pheo-2014-truong-viet-anh-9b1/	2166	1
Blog	Lịch thi THPT quốc gia năm 2016 | Trường Việt Anh | Blog Trường Việt Anh	https://truongvietanh.com/blog/lich-thi-thpt-quoc-gia-nam-2016/	2166	1
Blog	VÌ SAO NÊN DU HỌC PHẦN LAN | Trường Việt Anh | Blog Trường Việt Anh	https://truongvietanh.com/blog/vi-sao-nen-du-hoc-phan-lan/	2166	1
Blog	5 ĐIỀU KHÔNG THỂ BỎ QUA KHI DU HỌC MỸ | Trường Việt Anh | Blog Trường Việt Anh	https://truongvietanh.com/blog/5-dieu-khong-the-bo-qua-khi-du-hoc-my/	2164	1
Blog	BÍ QUYẾT GIẢM CHI PHÍ KHI DU HỌC ÚC | Trường Việt Anh | Blog Trường Việt Anh	https://truongvietanh.com/blog/bi-quyet-giam-chi-phi-khi-du-hoc-uc/	2164	1
Blog	CÁC MẸO HỌC TẬP KHI DU HỌC | Trường Việt Anh | Blog Trường Việt Anh	https://truongvietanh.com/blog/cac-meo-hoc-tap-khi-du-hoc/	2164	1
Blog	Cuộc thi kể chuyện | Trường Việt Anh | Blog Trường Việt Anh	https://truongvietanh.com/blog/cuoc-thi-ke-chuyen-3/	2164	1
Blog	Cuộc thi tiếng Anh British Scholarship 2014 | Trường Việt Anh | Blog Trường Việt Anh	https://truongvietanh.com/blog/cuoc-thi-tieng-anh-british-scholarship-2014/	2164	1
Blog	DU HỌC SINH CHỌN NƠI NÀO ĐỂ DU HỌC | Trường Việt Anh | Blog Trường Việt Anh	https://truongvietanh.com/blog/du-hoc-sinh-chon-noi-nao-de-du-hoc/	2164	1
Blog	Không khí Noel sớm rộn ràng tràn ngập trường Vi... | Trường Việt Anh | Blog Trường Việt Anh	https://truongvietanh.com/blog/khong-khi-noel-som-ron-rang-tran-ngap-truong-viet-anh/	2164	1
Blog	KINH NGHIỆM QUẢN LÝ TÀI CHÍNH KHI DU HỌC | Trường Việt Anh | Blog Trường Việt Anh	https://truongvietanh.com/blog/kinh-nghiem-quan-ly-tai-chinh-khi-du-hoc/	2164	1
Blog	Nhiều học sinh chọn nghề theo cảm tính | Trường Việt Anh | Blog Trường Việt Anh	https://truongvietanh.com/blog/nhieu-hoc-sinh-chon-nghe-theo-cam-tinh/	2164	1
Blog	SƠN TINH THỦY TINH nhí - Trường Việt Anh | Trường Việt Anh | Blog Trường Việt Anh	https://truongvietanh.com/blog/son-tinh-thuy-tinh-nhi-truong-viet-anh/	2164	1
Blog	CÁCH GHI CHÉP HIỆU QUẢ | Trường Việt Anh | Blog Trường Việt Anh	https://truongvietanh.com/blog/cach-ghi-chep-hieu-qua/	2163	1
Blog	Danh Mục Sách Lớp 12 | Trường Việt Anh | Blog Trường Việt Anh	https://truongvietanh.com/blog/danh-muc-sach-lop-12/	2163	1
Blog	HOẠT ĐỘNG BÓNG ĐÁ CỦA HỌC SINH | Trường Việt Anh | Blog Trường Việt Anh	https://truongvietanh.com/blog/hoat-dong-bong-da-cua-hoc-sinh-2/	2163	1
Blog	Nam sinh Sài Gòn đạt 30 điểm khối B | Trường Việt Anh | Blog Trường Việt Anh	https://truongvietanh.com/blog/nam-sinh-sai-gon-dat-30-diem-khoi-b/	2163	1
Blog	Những ngành học chuyên biệt giúp tăng cơ hội vi... | Trường Việt Anh | Blog Trường Việt Anh	https://truongvietanh.com/blog/nhung-nganh-hoc-chuyen-biet-giup-tang-co-hoi-viec-lam/	2163	1
Blog	VÌ SAO BẠN NÊN BẠN DU HỌC PHẦN LAN | Trường Việt Anh | Blog Trường Việt Anh	https://truongvietanh.com/blog/vi-sao-ban-nen-ban-du-hoc-phan-lan/	2163	1
Blog	10 cách rèn luyện trí não thông minh hơn | Trường Việt Anh | Blog Trường Việt Anh	https://truongvietanh.com/blog/10-cach-ren-luyen-tri-nao-thong-minh-hon/	2162	1
Blog	NHỮNG BÀI HỌC HÈ TUYỆT VỜI CHO TRẺ | Trường Việt Anh | Blog Trường Việt Anh	https://truongvietanh.com/blog/nhung-bai-hoc-he-tuyet-voi-cho-tre/	2162	1
Blog	�  Hội thảo First Step To The Future | Trường Việt Anh | Blog Trường Việt Anh	https://truongvietanh.com/blog/--hoi-thao-first-step-to-the-future/	2161	1
Blog	CHUYỆN MƯA COVER QUÁ ĐỈNH - HS Việt Anh | Trường Việt Anh | Blog Trường Việt Anh	https://truongvietanh.com/blog/chuyen-mua-cover-qua-dinh-hs-viet-anh/	2161	1
Blog	Lớp 12A trường Việt Anh 2012 - 2013 | Trường Việt Anh | Blog Trường Việt Anh	https://truongvietanh.com/blog/lop-12a-truong-viet-anh-2012-2013/	2161	1
Blog	NHỮNG LỢI ÍCH CỦA VIỆC DU HỌC TẠI PHẦN LAN | Trường Việt Anh | Blog Trường Việt Anh	https://truongvietanh.com/blog/nhung-loi-ich-cua-viec-du-hoc-tai-phan-lan/	2161	1
Blog	TẠI SAO LẠI CHỌN DU HỌC ĐỨC ? | Trường Việt Anh | Blog Trường Việt Anh	https://truongvietanh.com/blog/tai-sao-lai-chon-du-hoc-duc/	2161	1
Blog	Tuyển Dụng Huấn Luyện Viên Bơi Lội | Trường Việt Anh | Blog Trường Việt Anh	https://truongvietanh.com/blog/tuyen-dung-huan-luyen-vien-boi-loi/	2161	1
Blog	VIỆT ANH HKQĐ P4 | Trường Việt Anh | Blog Trường Việt Anh	https://truongvietanh.com/blog/viet-anh-hkqd-p4/	2161	1
Blog	CÁCH CHỌN CHỔ Ở KHI DU HỌC CANADA | Trường Việt Anh | Blog Trường Việt Anh	https://truongvietanh.com/blog/cach-chon-cho-o-khi-du-hoc-canada/	2160	1
Blog	Cuộc thi khoảnh khắc thầy trò | Trường Việt Anh | Blog Trường Việt Anh	https://truongvietanh.com/blog/cuoc-thi-khoanh-khac-thay-tro/	2160	1
Blog	VAI TRÒ GIA ĐÌNH TRONG HƯỚNG NGHIỆP CHO HỌC SIN... | Trường Việt Anh | Blog Trường Việt Anh	https://truongvietanh.com/blog/lich-thi-hoc-ki-ii-nam-hoc-2014-2015/	2160	1
Blog	Lịch thi Học kỳ 2 năm học 2014 - 2015 | Trường Việt Anh | Blog Trường Việt Anh	https://truongvietanh.com/blog/lich-thi-hoc-ky-2-nam-hoc-2014-2015/	2160	1
Blog	NHỮNG ĐIỀU CẦN BIẾT VỀ DU HỌC ANH | Trường Việt Anh | Blog Trường Việt Anh	https://truongvietanh.com/blog/nhung-dieu-can-biet-ve-du-hoc-anh/	2160	1
Blog	Project Based Learning - Lớp 11A1 - PARTY AROUN... | Trường Việt Anh | Blog Trường Việt Anh	https://truongvietanh.com/blog/project-based-learning-lop-11a1-party-around-the-world/	2160	1
Blog	DU HỌC ĐỨC: CHI PHÍ CHO MỖI THÁNG | Trường Việt Anh | Blog Trường Việt Anh	https://truongvietanh.com/blog/du-hoc-duc-chi-phi-cho-moi-thang/	2159	1
Blog	[HD] TẠM BIỆT NHÉ - 12A2 | Trường Việt Anh | Blog Trường Việt Anh	https://truongvietanh.com/blog/hd-tam-biet-nhe-12a2/	2159	1
Blog	NHỮNG KINH NGHIỆM DU HỌC PHÁP | Trường Việt Anh | Blog Trường Việt Anh	https://truongvietanh.com/blog/nhung-kinh-nghiem-du-hoc-phap/	2159	1
Blog	Trường [THCS]&[THPT] Việt Anh-Học sinh chơi bắn... | Trường Việt Anh | Blog Trường Việt Anh	https://truongvietanh.com/blog/truong-thcsthpt-viet-anh-hoc-sinh-choi-ban-sung-paint-ball-25122011-phan-3-2/	2159	1
Blog	10 LÝ DO BẠN NÊN DU HỌC Ở CHÂU ÂU | Trường Việt Anh | Blog Trường Việt Anh	https://truongvietanh.com/blog/10-ly-do-ban-nen-du-hoc-o-chau-au/	2158	1
Blog	Công nhận NHÀ CUNG CẤP CHẤT LƯỢNG VÀNG 2015 | Trường Việt Anh | Blog Trường Việt Anh	https://truongvietanh.com/blog/cong-nhan-nha-cung-cap-chat-luong-vang-2015/	2158	1
Blog	Cuộc thi dành cho học sinh | Trường Việt Anh | Blog Trường Việt Anh	https://truongvietanh.com/blog/cuoc-thi-danh-cho-hoc-sinh/	2158	1
Blog	Tìm ý tưởng công nghệ theo cách của Google | Trường Việt Anh | Blog Trường Việt Anh	https://truongvietanh.com/blog/tim-y-tuong-cong-nghe-theo-cach-cua-google/	2158	1
Blog	Tuyển Dụng Vị Trí Giám Thị | Trường Việt Anh | Blog Trường Việt Anh	https://truongvietanh.com/blog/tuyen-dung-vi-tri-giam-thi/	2158	1
Blog	Cuộc thi 1 tiết làm thầy | Trường Việt Anh | Blog Trường Việt Anh	https://truongvietanh.com/blog/cuoc-thi-1-tiet-lam-thay/	2157	1
Blog	Thông báo lịch nghĩ LỄ GIỖ TỔ HÙNG VƯƠNG | Trường Việt Anh | Blog Trường Việt Anh	https://truongvietanh.com/blog/thong-bao-lich-nghi-le-gio-to-hung-vuong/	2157	1
Blog	Top 10 đại học tốt nhất Nhật Bản | Trường Việt Anh | Blog Trường Việt Anh	https://truongvietanh.com/blog/top-10-dai-hoc-tot-nhat-nhat-ban/	2157	1
Blog	4 vị tướng được công nhận giáo sư | Trường Việt Anh | Blog Trường Việt Anh	https://truongvietanh.com/blog/4-vi-tuong-duoc-cong-nhan-giao-su/	2156	1
Blog	Học sinh được nghỉ học để tránh bão | Trường Việt Anh | Blog Trường Việt Anh	https://truongvietanh.com/blog/hoc-sinh-duoc-nghi-hoc-de-tranh-bao/	2156	1
Blog	KẾ HOẠCH NĂM HỌC 2014 - 2015 | Trường Việt Anh | Blog Trường Việt Anh	https://truongvietanh.com/blog/ke-hoach-nam-hoc-2014-2015-2/	2156	1
Blog	DU HỌC CANADA: THỦ TỤC XIN VISA | Trường Việt Anh | Blog Trường Việt Anh	https://truongvietanh.com/blog/du-hoc-canada-thu-tuc-xin-visa/	2155	1
Blog	TRẠI HÈ NĂNG LƯỢNG BỔ ÍCH CHO TRẺ | Trường Việt Anh | Blog Trường Việt Anh	https://truongvietanh.com/blog/trai-he-nang-luong-bo-ich-cho-tre/	2155	1
Blog	Trường [THCS]&[THPT] Việt Anh-Học sinh tham gia... | Trường Việt Anh | Blog Trường Việt Anh	https://truongvietanh.com/blog/truong-thcsthpt-viet-anh-hoc-sinh-tham-gia-cuoc-thi-mot-ngay-lam-thay/	2155	1
Blog	Tuyển Dụng: Academic Coordinator | Trường Việt Anh | Blog Trường Việt Anh	https://truongvietanh.com/blog/tuyen-dung-academic-coordinator/	2155	1
Blog	Tuyển dụng Student's Officer (SO) | Trường Việt Anh | Blog Trường Việt Anh	https://truongvietanh.com/blog/tuyen-dung-students-officer-so/	2155	1
Blog	DU HỌC NEW ZEALAND CÓ GÌ MỚI | Trường Việt Anh | Blog Trường Việt Anh	https://truongvietanh.com/blog/du-hoc-new-zealand-co-gi-moi/	2154	1
Blog	Latest seasonal scarf trends | Trường Việt Anh | Blog Trường Việt Anh	https://truongvietanh.com/blog/latest-seasonal-scarf-trends/	2154	1
Blog	Các Trường Đại Học Lớn Nhất Thế Giới | Trường Việt Anh | Blog Trường Việt Anh	https://truongvietanh.com/blog/cac-truong-dai-hoc-lon-nhat-the-gioi/	2153	1
Blog	Cuộc thi ảnh Khoảnh Khắc Thầy Trò 20.11.2016 | Trường Việt Anh | Blog Trường Việt Anh	https://truongvietanh.com/blog/cuoc-thi-anh-khoanh-khac-thay-tro-20-11-2016/	2153	1
Blog	BÍ QUYẾT THUÊ NHÀ KHI DU HỌC | Trường Việt Anh | Blog Trường Việt Anh	https://truongvietanh.com/blog/bi-quyet-thue-nha-khi-du-hoc/	2152	1
Blog	[HD] CẢM ƠN - LỚP 12A1 | Trường Việt Anh | Blog Trường Việt Anh	https://truongvietanh.com/blog/hd-cam-on-lop-12a1/	2151	1
Blog	Cuộc Thi Hùng Biện Tiếng Anh | Trường Việt Anh | Blog Trường Việt Anh	https://truongvietanh.com/blog/cuoc-thi-hung-bien-tieng-anh/	2150	1
Blog	Lịch Nghỉ Tết Dương Lịch 2021 | Trường Việt Anh | Blog Trường Việt Anh	https://truongvietanh.com/blog/lich-nghi-tet-duong-lich-2021/	2149	1
Blog	Lịch thi Học kỳ | Trường Việt Anh | Blog Trường Việt Anh	https://truongvietanh.com/blog/lich-thi-hoc-ky/	2149	1
Blog	Trắc Nghiệm VAK | Trường Việt Anh | Blog Trường Việt Anh	https://truongvietanh.com/blog/trac-nghiem-vak/	2149	1
Blog	TRẠI HÈ 2015 | Trường Việt Anh | Blog Trường Việt Anh	https://truongvietanh.com/blog/trai-he-2015/	2149	1
Blog	Tin tức | Trường Việt Anh | Blog Trường Việt Anh	https://truongvietanh.com/blog/trang-tin-tuc/	2149	1
Blog	Tuyển dụng: Cộng Tác Viên gọi điện thoại | Trường Việt Anh | Blog Trường Việt Anh	https://truongvietanh.com/blog/tuyen-dung-cong-tac-vien-goi-dien-thoai/	2149	1
Blog	Giải Đồng Olympic Môn Anh Văn năm học 2014 - 20... | Trường Việt Anh | Blog Trường Việt Anh	https://truongvietanh.com/blog/giai-dong-olympic-mon-anh-van-nam-hoc-2014-2015/	2148	1
Blog	HỌC 2 NGÀNH SONG SONG KHI DU HỌC MALAYSIA | Trường Việt Anh | Blog Trường Việt Anh	https://truongvietanh.com/blog/hoc-2-nganh-song-song-khi-du-hoc-malaysia/	2148	1
Blog	KẾ HOẠCH NĂM HỌC 2014 - 2015 | Trường Việt Anh | Blog Trường Việt Anh	https://truongvietanh.com/blog/ke-hoach-nam-hoc-2014-2015/	2146	1
Blog	Mùa thu ở Đại học Oxford | Trường Việt Anh | Blog Trường Việt Anh	https://truongvietanh.com/blog/mua-thu-o-dai-hoc-oxford/	2146	1
Blog	Tuyển dụng nhân viên thiết kế (Designer) | Trường Việt Anh | Blog Trường Việt Anh	https://truongvietanh.com/blog/tuyen-dung-nhan-vien-thiet-ke-designer/	2145	1
Blog	KINH NGHIỆM DU HỌC NEW ZEALAND | Trường Việt Anh | Blog Trường Việt Anh	https://truongvietanh.com/blog/kinh-nghiem-du-hoc-new-zealand/	2144	1
Blog	scsgvd | Trường Việt Anh | Blog Trường Việt Anh	https://truongvietanh.com/blog/15451-2/	2143	1
Blog	Cuộc thi ảnh Khoảnh Khắc Thầy Trò | Trường Việt Anh | Blog Trường Việt Anh	https://truongvietanh.com/blog/cuoc-thi-anh-khoanh-khac-thay-tro-2/	2142	1
Blog	Dã ngoại Bửu Long | Trường Việt Anh | Blog Trường Việt Anh	https://truongvietanh.com/blog/da-ngoai-buu-long-2/	2142	1
Blog	Lịch thi HKII 2013-2014 | Trường Việt Anh | Blog Trường Việt Anh	https://truongvietanh.com/blog/lich-thi-hkii-2013-2014/	2142	1
Blog	Upfile | Trường Việt Anh | Blog Trường Việt Anh	https://truongvietanh.com/blog/upfile/	2142	1
Blog	DU HỌC SINGAPORE: VĂN HÓA SINGAPORE | Trường Việt Anh | Blog Trường Việt Anh	https://truongvietanh.com/blog/du-hoc-singapore-van-hoa-singapore/	2139	1
Blog	SỔ BÁO BÀI NĂM HỌC 2014-2015 | Trường Việt Anh | Blog Trường Việt Anh	https://truongvietanh.com/blog/so-bao-bai-nam-hoc-2014-2015/	2135	1
Blog	Thông Báo Lịch Nghỉ Lễ - Tết (2016 - 2017) | Trường Việt Anh | Blog Trường Việt Anh	https://truongvietanh.com/blog/thong-bao-lich-nghi-le-tet-2016-2017/	2135	1
Blog	CUỘC THI KỂ CHUYỆN BẰNG TIẾNG ANH 2015 | Trường Việt Anh | Blog Trường Việt Anh	https://truongvietanh.com/blog/cuoc-thi-ke-chuyen-bang-tieng-anh/	2134	1
Blog	Giải Đồng Olympic Môn Văn năm 2014 - 2015 | Trường Việt Anh | Blog Trường Việt Anh	https://truongvietanh.com/blog/giai-dong-olympic-mon-van-nam-2014-2/	2134	1
Blog	LẦN ĐẦU DU HỌC SINGAPORE | Trường Việt Anh | Blog Trường Việt Anh	https://truongvietanh.com/blog/lan-dau-du-hoc-singapore/	2133	1
Blog	Tuyển dụng Nhân Viên Internet Marketing | Trường Việt Anh | Blog Trường Việt Anh	https://truongvietanh.com/blog/tuyen-dung-nhan-vien-internet-marketing/	2130	1
Blog	VIỆT ANH HKQĐ 2014 - P2 | Trường Việt Anh | Blog Trường Việt Anh	https://truongvietanh.com/blog/viet-anh-hkqd-2014-p2/	2127	1
Blog	DU HỌC HÀN QUỐC | Trường Việt Anh | Blog Trường Việt Anh	https://truongvietanh.com/blog/du-hoc-han-quoc/	2126	1
Blog	Tuyển dụng 2016 đợt 2 - trường Việt Anh | Trường Việt Anh | Blog Trường Việt Anh	https://truongvietanh.com/blog/tuyen-dung-2016-dot-2-truong-viet-anh-tphcm/	2125	1
Blog	Lấy hình | Trường Việt Anh | Blog Trường Việt Anh	https://truongvietanh.com/blog/lay-hinh/	2123	1
Blog	Kết quả Visa | Trường Việt Anh | Blog Trường Việt Anh	https://truongvietanh.com/blog/ket-qua-visa/	2120	1
Blog	Danh Mục Sách Lớp 7 | Trường Việt Anh | Blog Trường Việt Anh	https://truongvietanh.com/blog/danh-muc-sach-lop-7/	2116	1
Blog	Học sinh trường THCS – THPT Việt Anh đã xuất sắ... | Trường Việt Anh | Blog Trường Việt Anh	https://truongvietanh.com/blog/hoc-sinh-truong-thcs-thpt-viet-anh-da-xuat-sac-dat-giai-cap-thanh-pho-trong-ki-thi-ioe-nam-2017-cuoc-thi-olympic-tieng-anh-tren-internet-danh-cho-hoc-sinh-pho-thong-do-bo-giao-duc-va-dao-t/	2101	1
Blog	"DU HỌC ĐỨC MIỄN PHÍ | Việt Anh | Blog Trường Việt Anh	https://truongvietanh.com/blog/du-hoc-duc-mien-phi-tai-sao-khong/	2100	1
Blog	"DU HỌC ANH: VĂN | Việt Anh | Blog Trường Việt Anh	https://truongvietanh.com/blog/du-hoc-anh-van-lich-su-am-nhac-nen-hoc-o-ireland/	2091	1
Blog	"TRƯỜNG QUỐC TẾ: THỂ THAO KHÔNG CHỈ LÀ SỞ THÍCH | Việt Anh | Blog Trường Việt Anh	https://truongvietanh.com/blog/truong-quoc-te-the-thao-khong-chi-la-so-thich-ma-con-la-ngay-28-thang-06-nam-2018/	2045	1
Blog	"GIỚI THIỆU DU HỌC ÚC | Việt Anh | Blog Trường Việt Anh	https://truongvietanh.com/blog/gioi-thieu-du-hoc-uc-my-canada/	2040	1
Blog	"DU HỌC CHÂU ÂU | Việt Anh | Blog Trường Việt Anh	https://truongvietanh.com/blog/du-hoc-chau-au-nuoc-nao-re-nhat/	2027	1
Blog	�✈ “Chần chờ gì khi thanh xuân sắp qua” - Lập T... | Trường Việt Anh | Blog Trường Việt Anh	https://truongvietanh.com/blog/-chan-cho-gi-khi-thanh-xuan-sap-qua-lap-team-di-ngay-tour-sapa-lao-cai-ha-noi-3-ngay-3-dem/	2024	1
Blog	"DU HỌC TRUNG QUỐC | Việt Anh | Blog Trường Việt Anh	https://truongvietanh.com/blog/du-hoc-trung-quoc-hongkong-indonesia-malaysia/	2019	1
Blog	"Ông Đinh La Thăng lo ngại về quá tải học sinh | Việt Anh | Blog Trường Việt Anh	https://truongvietanh.com/blog/ong-dinh-la-thang-lo-ngai-ve-qua-tai-hoc-sinh-bao-luc-trong-truong/	2014	1
Blog	"MIỄN TỐT NGHIỆP và ĐƯỢC TUYỂN THẲNG TRƯỜNG ... | Việt Anh | Blog Trường Việt Anh	https://truongvietanh.com/blog/mien-tot-nghiep-va-duoc-tuyen-thang-truong-dai-hoc-co-tieng-tai-sao-khong-ngay-23-thang-06-nam-2018/	2011	1
Blog	"Bộ Văn hóa tổ chức thi tranh ảnh cho học sinh | Việt Anh | Blog Trường Việt Anh	https://truongvietanh.com/blog/bo-van-hoa-to-chuc-thi-tranh-anh-cho-hoc-sinh-sinh-vien/	2008	1
Blog	"HỌC TIẾNG ANH QUA PHIM ẢNH | Việt Anh | Blog Trường Việt Anh	https://truongvietanh.com/blog/hoc-tieng-anh-qua-phim-anh-sao-lai-khong/	2003	1
Blog	"BẠN MUỐN DU HỌC MỸ | Việt Anh | Blog Trường Việt Anh	https://truongvietanh.com/blog/ban-muon-du-hoc-my-that-de-dang/	2002	1
Blog	"Đà Nẵng cấm học sinh | Việt Anh | Blog Trường Việt Anh	https://truongvietanh.com/blog/da-nang-cam-hoc-sinh-sinh-vien-choi-pokemon-go/	1996	1
Blog	"�  HỌP PHỤ HUYNH 1-1 ĐỘC ĐÁO | Việt Anh | Blog Trường Việt Anh	https://truongvietanh.com/blog/hop-phu-huynh-1-1-doc-dao-chi-co-o-truong-viet-anh/	1995	1
Blog	"Nhiều đại học công lập ở TP HCM lấy điểm xé... | Việt Anh | Blog Trường Việt Anh	https://truongvietanh.com/blog/nhieu-dai-hoc-cong-lap-o-tp-hcm-lay-diem-xet-tuyen-la-155/	1990	1
Blog	"Bộ GD-ĐT sẽ điều chỉnh lịch thi | Việt Anh | Blog Trường Việt Anh	https://truongvietanh.com/blog/bo-gd-dt-se-dieu-chinh-lich-thi-de-thi-thpt-quoc-gia/	1988	1
Blog	"Điểm chuẩn vào lớp 10 chuyên Hà Nội cao nhấ... | Việt Anh | Blog Trường Việt Anh	https://truongvietanh.com/blog/diem-chuan-vao-lop-10-chuyen-ha-noi-cao-nhat-4175-diem/	1986	1
Blog	"Cắt tóc giống bạn da màu | Việt Anh | Blog Trường Việt Anh	https://truongvietanh.com/blog/cat-toc-giong-ban-da-mau-cau-be-my-day-the-gioi-khong-phan-biet-chung-toc/	1983	1
Blog	"Những Lưu Ý Để Đạt Điểm Cao Trong Kỳ Thi TH... | Việt Anh | Blog Trường Việt Anh	https://truongvietanh.com/blog/nhung-luu-y-de-dat-diem-cao-trong-ky-thi-thpt-quoc-gia-dai-hoc/	1983	1
Blog	"CHỌN TRƯỜNG | Việt Anh | Blog Trường Việt Anh	https://truongvietanh.com/blog/chon-truong-va-nganh-nhu-the-nao-khi-du-hoc-uc/	1980	1
Blog	"Trường [THCS]&[THPT] Việt Anh Học sinh tham... | Việt Anh | Blog Trường Việt Anh	https://truongvietanh.com/blog/truong-thcsthpt-viet-anh-hoc-sinh-tham-gia-cheo-thuyen-di-cho-noi-25122011/	1977	1
Blog	"Miễn thi ngoại ngữ khi có chứng chỉ TOEIC | Việt Anh | Blog Trường Việt Anh	https://truongvietanh.com/blog/mien-thi-ngoai-ngu-khi-co-chung-chi-toeic-ielts-dat-chuan/	1976	1
Blog	"Bộ Giáo dục khuyến cáo thí sinh khi đăng ký... | Việt Anh | Blog Trường Việt Anh	https://truongvietanh.com/blog/bo-giao-duc-khuyen-cao-thi-sinh-khi-dang-ky-truong-lon-diem-xet-tuyen-thap/	1975	1
Blog	"Những hình ảnh học tập | Việt Anh | Blog Trường Việt Anh	https://truongvietanh.com/blog/nhung-hinh-anh-hoc-tap-sinh-hoat-vui-choi-cua-hoc-sinh-truong-viet-anh/	1974	1
Blog	"MIỄN TỐT NGHIỆP và ĐƯỢC TUYỂN THẲNG TRƯỜNG ... | Việt Anh | Blog Trường Việt Anh	https://truongvietanh.com/blog/mien-tot-nghiep-va-duoc-tuyen-thang-truong-dai-hoc-co-tieng-tai-sao-khong-ngay-25-thang-06-nam-2018/	1973	1
Blog	"Ngày 23/6 | Việt Anh | Blog Trường Việt Anh	https://truongvietanh.com/blog/ngay-236-hoc-sinh-ha-noi-thi-vao-lop-10/	1972	1
Blog	"Cách học từ vựng tiếng Anh - Nhớ nhanh | Việt Anh | Blog Trường Việt Anh	https://truongvietanh.com/blog/cach-hoc-tu-vung-tieng-anh-bi-quyet-hoc-nhanh-thuoc/	1970	1
Blog	"Con đang sống cuộc đời con | Việt Anh | Blog Trường Việt Anh	https://truongvietanh.com/blog/con-dang-song-cuoc-doi-con-hay-song-voi-uoc-mo-dang-do-cua-ba-me/	1968	1
Blog	"Trại Hè: Làm cổng trại đẹp | Việt Anh | Blog Trường Việt Anh	https://truongvietanh.com/blog/trai-he-lam-cong-trai-dep-dep-nhat-mo-hinh-cong-trai-don-gian-doc-dao/	1968	1
Blog	"Giáo viên Trường Việt Anh chung tay tẩy sạc... | Việt Anh | Blog Trường Việt Anh	https://truongvietanh.com/blog/giao-vien-truong-viet-anh-chung-tay-tay-sach-truong-hoc-sinh-an-tam-khi-nhap-hoc-tro-la/	1964	1
Blog	"KẾT QUẢ THI LỚP 10 TẠI TP.HCM CÓ ĐẾN 300 BÀ... | Việt Anh | Blog Trường Việt Anh	https://truongvietanh.com/blog/ket-qua-thi-lop-10-tai-tp-hcm-co-den-300-bai-thi-0-diem-co-hoi-vao-truong-cong-lap-bang-0/	1964	1
Blog	"Rớt lớp 10 công lập | Việt Anh | Blog Trường Việt Anh	https://truongvietanh.com/blog/rot-lop-10-cong-lap-hoc-sinh-di-dau/	1964	1
Blog	"Cạo đầu làm từ thiện | Việt Anh | Blog Trường Việt Anh	https://truongvietanh.com/blog/cao-dau-lam-tu-thien-nam-sinh-nuoc-anh-bi-truong-phat/	1963	1
Blog	"PHƯƠNG PHÁP PHÁT HUY KHẢ NĂNG TÌM KIẾM - CH... | Việt Anh | Blog Trường Việt Anh	https://truongvietanh.com/blog/phuong-phap-phat-huy-kha-nang-tim-kiem-chon-loc-va-ung-dung-kien-thuc/	1962	1
Blog	"Lựa chọn sai cánh cửa vào đời | Việt Anh | Blog Trường Việt Anh	https://truongvietanh.com/blog/lua-chon-sai-canh-cua-vao-doi-thi-sinh-co-the-phai-tra-gia/	1961	1
Blog	"Hà Nội: Đề Ngoại ngữ vừa sức | Việt Anh | Blog Trường Việt Anh	https://truongvietanh.com/blog/ha-noi-de-ngoai-ngu-vua-suc-tphcm-de-toan-kho-hon-nam-ngoai/	1958	1
Blog	"Làm việc với nước ngoài | Việt Anh | Blog Trường Việt Anh	https://truongvietanh.com/blog/lam-viec-voi-nuoc-ngoai-toi-nhan-ra-cach-minh-hoc-qua-lac-hau/	1954	1
Blog	"TRẠI HÈ 2015 CHO TRẺ EM TÔI CƯỜI | Việt Anh | Blog Trường Việt Anh	https://truongvietanh.com/blog/trai-he-2015-cho-tre-em-toi-cuoi-toi-tu-tin/	1953	1
Blog	"Giáo viên: Học sinh trung bình chỉ đạt 4- 4 | Việt Anh | Blog Trường Việt Anh	https://truongvietanh.com/blog/giao-vien-hoc-sinh-trung-binh-chi-dat-4-45-diem-mon-toan-thpt-quoc-gia/	1949	1
Blog	"Trường THCS-THPT Việt Anh phổ biến quy chế | Việt Anh | Blog Trường Việt Anh	https://truongvietanh.com/blog/truong-thcs-thpt-viet-anh-pho-bien-quy-che-lich-thi-tuyen-sinh-thpt-quoc-gia-2017-cho-cac-si-tu-ngay-20-thang-06-nam-2017/	1946	1
Blog	"Viết thư xin lỗi giáo sư | Việt Anh | Blog Trường Việt Anh	https://truongvietanh.com/blog/viet-thu-xin-loi-giao-su-sinh-vien-my-nhan-duoc-phan-hoi-bat-ngo/	1946	1
Blog	"Bộ Giáo dục: 'Trắc nghiệm Toán ở ta mới | Việt Anh | Blog Trường Việt Anh	https://truongvietanh.com/blog/bo-giao-duc-trac-nghiem-toan-o-ta-moi-the-gioi-co-tu-lau/	1945	1
Blog	"Phụ huynh | Việt Anh | Blog Trường Việt Anh	https://truongvietanh.com/blog/phu-huynh-hoc-sinh-ky-vong-vao-chuong-trinh-pho-thong-moi/	1945	1
Blog	"[TRUNG HỌC] Chơi trung thu ở Trường Việt Anh | Việt Anh | Blog Trường Việt Anh	https://truongvietanh.com/blog/trung-hoc-choi-trung-thu-o-truong-viet-anh-luc-di-het-minh-luc-ve-het-buon/	1945	1
Blog	"TUYỂN THỰC TẬP SINH | Việt Anh | Blog Trường Việt Anh	https://truongvietanh.com/blog/tuyen-thuc-tap-sinh-cong-tac-vien-marketing-linh-vuc-giao-duc-khu-vuc-go-vap-phu-nhuan-quan-12-digital-marketing-internship-pr-internship/	1937	1
Blog	"Bộ Giáo dục sắp công bố quy chế thi | Việt Anh | Blog Trường Việt Anh	https://truongvietanh.com/blog/bo-giao-duc-sap-cong-bo-quy-che-thi-tuyen-sinh-nam-2015/	1935	1
Blog	"NÊN CHỌN TRƯỜNG ĐH | Việt Anh | Blog Trường Việt Anh	https://truongvietanh.com/blog/nen-chon-truong-dh-cao-dang-cong-lap-hay-dan-lap/	1933	1
Blog	"Liên tục những thay đổi đề thi tốt nghiệp THPT | Việt Anh | Blog Trường Việt Anh	https://truongvietanh.com/blog/lien-tuc-nhung-thay-doi-de-thi-tot-nghiep-thpt-ca-thay-va-tro-deu-roi/	1931	1
Blog	"Đạt 26 | Việt Anh | Blog Trường Việt Anh	https://truongvietanh.com/blog/dat-2675-diem-ky-thi-thpt-quoc-gia-nam-sinh-tu-choi-hoc-dai-hoc/	1928	1
Blog	"Chuyến du lịch | Việt Anh | Blog Trường Việt Anh	https://truongvietanh.com/blog/chuyen-du-lich-da-ngoai-teambulding-tai-the-boat-club-residences-cua-hoc-sinh-viet-anh-25122011-2/	1926	1
Blog	"Giảm hồ sơ dự thi ĐH | Việt Anh | Blog Trường Việt Anh	https://truongvietanh.com/blog/giam-ho-so-du-thi-dh-cd-mung-hay-lo/	1924	1
Blog	| Việt Anh | Blog Trường Việt Anh	https://truongvietanh.com/blog/lanh-dao/	1922	1
Blog	"Ôn thi | Việt Anh | Blog Trường Việt Anh	https://truongvietanh.com/blog/on-thi-neu-hoc-nhom-thi-rat-hieu-qua/	1922	1
Blog	"Thủ khoa 28 | Việt Anh | Blog Trường Việt Anh	https://truongvietanh.com/blog/thu-khoa-285-diem-khoi-c-dam-me-sach-su/	1922	1
Blog	"Trường THCS-THPT Việt Anh:  Thầy giáo Tây đ... | Việt Anh | Blog Trường Việt Anh	https://truongvietanh.com/blog/truong-thcs-thpt-viet-anh-thay-giao-tay-doi-toc-gia-mac-ao-dai-hoa-trang-lam-co-giao-cuc-dang-yeu-ngay-06-thang-11-nam-2017/	1920	1
Blog	"MÙA HÈ | Việt Anh | Blog Trường Việt Anh	https://truongvietanh.com/blog/mua-he-mua-thi-mua-chia-ly/	1915	1
Blog	"Cấm con yêu sớm | Việt Anh | Blog Trường Việt Anh	https://truongvietanh.com/blog/cam-con-yeu-som-phu-huynh-co-the-gat-trai-dang/	1914	1
Blog	"Chỉ tiêu tăng | Việt Anh | Blog Trường Việt Anh	https://truongvietanh.com/blog/chi-tieu-tang-20-000-hoc-sinh-van-rot-lop-10-truong-cong-lap/	1906	1
Blog	"Khu vui chơi | Việt Anh | Blog Trường Việt Anh	https://truongvietanh.com/blog/khu-vui-choi-trai-nghiem-sinh-ton-cho-hoc-sinh-thu-do/	1904	1
Blog	"Chuyến du lịch | Việt Anh | Blog Trường Việt Anh	https://truongvietanh.com/blog/chuyen-du-lich-da-ngoai-teambulding-tai-the-boat-club-residences-cua-hoc-sinh-viet-anh-25122011/	1903	1
Blog	"6 phương thức tuyển sinh vào đại học | Việt Anh | Blog Trường Việt Anh	https://truongvietanh.com/blog/6-phuong-thuc-tuyen-sinh-vao-dai-hoc-cao-dang-nam-2015/	1902	1
Blog	"Xét tuyển ĐH | Việt Anh | Blog Trường Việt Anh	https://truongvietanh.com/blog/xet-tuyen-dh-cd-2015-bat-dau-hieu-ung-do-mi-no/	1901	1
Blog	"Đến chậm quá 15 phút | Việt Anh | Blog Trường Việt Anh	https://truongvietanh.com/blog/den-cham-qua-15-phut-thi-sinh-khong-duoc-du-thi-thpt-quoc-gia/	1893	1
Blog	"Hôm nay | Việt Anh | Blog Trường Việt Anh	https://truongvietanh.com/blog/hom-nay-bo-gd-dt-se-chinh-thuc-ban-hanh-quy-che-thi-thpt-quoc-gia/	1876	1
Blog	Trường THCS Gần Phú Nhuận — Chỉ 10 Phút Đến Việt Anh Gò Vấp | Blog Trường Việt Anh	https://truongvietanh.com/blog/thcs-phu-nhuan-binh-thanh/	1780	1
Blog	Trường THCS và THPT Việt Anh thực hiện chương trình kỹ năng sống với chủ đề “Các giải pháp về bảo đảm nguồn nước sạch và vệ sinh môi trường” trong khóa hè Summer Got Talent 2017. ( Ngày 27 tháng 07 năm 2017). | Blog Trường Việt Anh	https://truongvietanh.com/blog/truong-thcs-va-thpt-viet-anh-thuc-hien-chuong-trinh-ky-nang-song-voi-chu-de-cac-giai-phap-ve-bao-dam-nguon-nuoc-sach-va-ve-sinh-moi-truong-trong-khoa-he-summer-got-talent-2017-ng/	1768	1
Blog	TRƯỜNG TH - THCS - THPT VIỆT ANH ĐÓN ĐOÀN ĐÁNH GIÁ NGOÀI KHẢO SÁT SƠ BỘ ĐÁNH GIÁ NGOÀI VỀ CÔNG TÁC KIỂM ĐỊNH CHẤT LƯỢNG GIÁO DỤC VÀ CÔNG NHẬN ĐẠT CHUẨN QUỐC GIA CỦA SỞ GD&ĐT | Blog Trường Việt Anh	https://truongvietanh.com/blog/truong-th-thcs-thpt-viet-anh-don-doan-danh-gia-ngoai-khao-sat-so-bo-danh-gia-ngoai-ve-cong-tac-kiem-dinh-chat-luong-giao-duc-va-cong-nhan-dat-chuan-quoc-gia-cua-so-gddt/	1767	1
Blog	Trường Việt Anh vs Trường Quốc Tế — Chất Lượng Quốc Tế, Giá Việt Nam | Blog Trường Việt Anh	https://truongvietanh.com/blog/so-sanh-viet-anh-vs-truong-quoc-te/	1757	1
Blog	Trường Việt Anh Bình Tân — Campus Mới Cho Gia Đình Phía Tây TPHCM | Blog Trường Việt Anh	https://truongvietanh.com/blog/co-so-binh-tan/	1743	1
Blog	Trường THCS Thủ Đức — Xe Đưa Rước Tuyến Xa Đến Việt Anh | Blog Trường Việt Anh	https://truongvietanh.com/blog/thcs-thu-duc/	1743	1
Blog	3 Tiêu Chí Phụ Huynh Phải Cân Nhắc Khi Chọn Khóa Học Hè 2017 Cho Con | Blog Trường Việt Anh	https://truongvietanh.com/blog/3-tieu-chi-phu-huynh-phai-can-nhac-khi-chon-khoa-hoc-he-2017-cho-con/	1739	1
Blog	Bí quyết học tập khi theo học tại trường quốc tế | Trường Việt Anh TPHCM | Blog Trường Việt Anh	https://truongvietanh.com/blog/bi-quyet-hoc-tap-khi-theo-hoc-tai-truong-quoc-te/	1736	1
Blog	Giáo Dục Giới Tính Cho Trẻ Mầm Non & Lưu Ý Bố Mẹ Cần Nắm | Blog Trường Việt Anh	https://truongvietanh.com/blog/anh-bat-buoc-giao-duc-gioi-tinh-tu-4-tuoi/	1731	1
Blog	GIÚP CON PHÁT TRIỂN TOÀN DIỆN VỀ THỂ CHẤT VÀ TINH THẦN CHA MẸ SẼ LÀM GÌ ?? | Blog Trường Việt Anh	https://truongvietanh.com/blog/giup-con-phat-trien-toan-dien-ve-the-chat-va-tinh-than-cha-me-se-lam-gi/	1729	1
Blog	[THCS] & [THPT] Trường Việt Anh - Song ca của lớp 6A - ca khúc Nhớ ơn thầy cô | Blog Trường Việt Anh	https://truongvietanh.com/blog/thcs-thpt-truong-viet-anh-song-ca-cua-lop-6a-ca-khuc-nho-on-thay-co/	1729	1
Blog	TRƯỜNG VIỆT ANH - HỌC SINH ĐẠT THÀNH TÍCH HỌC SINH GIỎI CẤP THÀNH PHỐ | Blog Trường Việt Anh	https://truongvietanh.com/blog/truong-viet-anh-hoc-sinh-dat-thanh-tich-hoc/	1728	1
Blog	Cẩm nang kinh nghiệm cho bé đi nhà trẻ lần đầu dành cho phụ huynh | Blog Trường Việt Anh	https://truongvietanh.com/blog/cam-nang-kinh-nghiem-cho-be-di-nha-tre-lan-dau-danh-cho-phu-huynh/	1724	1
Blog	Chương Trình Học Trường Việt Anh Được Thiết Kế Như Thế Nào? | Blog Trường Việt Anh	https://truongvietanh.com/blog/chuong-trinh-hoc-truong-viet-anh-duoc-thiet-ke-nhu-the-nao/	1724	1
Blog	Trường Việt Anh Cơ Sở Gò Vấp — Trung Tâm Hệ Thống Giáo Dục Liên Cấp | Blog Trường Việt Anh	https://truongvietanh.com/blog/co-so-go-vap/	1720	1
Blog	Phát động trí thức trẻ đóng góp sáng kiến 'vì giáo dục' | Blog Trường Việt Anh	https://truongvietanh.com/blog/phat-dong-tri-thuc-tre-dong-gop-sang-kien-vi-giao-duc/	1719	1
Blog	Trường Mầm Non Bình Thạnh — Chỉ 10 Phút Đến Việt Anh Gò Vấp | Blog Trường Việt Anh	https://truongvietanh.com/blog/mam-non-binh-thanh/	1717	1
Blog	CHÚNG TA HỌC ĐƯỢC TỪ NHỮNG CÂU HỎI NHIỀU HƠN TỪ NHỮNG CÂU TRẢ LỜI - Finding better solutions | Blog Trường Việt Anh	https://truongvietanh.com/blog/chung-ta-hoc-duoc-tu-nhung-c-u-hoi-nhieu-hon-tu-nhung-c-u-tra-loi/	1716	1
Blog	TPHCM: Dự kiến ngày 22.6 sẽ công bố điểm các môn thi vào lớp 10 | Blog Trường Việt Anh	https://truongvietanh.com/blog/tphcm-du-kien-ngay-22-6-se-cong-bo-diem-cac-mon-thi-vao-lop-10/	1715	1
Blog	Phải làm gì khi thi rớt lớp 10 kỳ thi tuyển sinh THPT? | Tư vấn tuyển sinh | Blog Trường Việt Anh	https://truongvietanh.com/blog/rot-lop-10-cong-lap-truong-dan-lap-hay-nghe-la-lua-chon-tot-nhat/	1714	1
Blog	TP HCM muốn Đại học Quốc gia là động lực phát triển | Blog Trường Việt Anh	https://truongvietanh.com/blog/tp-hcm-muon-dai-hoc-quoc-gia-la-dong-luc-phat-trien/	1714	1
Blog	Trường THCS Bình Tân 2026 — IELTS Foundation Ngay Từ Lớp 6 | Blog Trường Việt Anh	https://truongvietanh.com/blog/thcs-binh-tan/	1712	1
Blog	Trường Việt Anh xử lí nỗi lo học phí trường quốc tế ra sao? | Blog Trường Việt Anh	https://truongvietanh.com/blog/truong-quoc-te-viet-anh-giai-quyet-noi-lo-phat-sinh-hoc-phi/	1712	1
Blog	Phương pháp mỗi học sinh học 1 tốc độ (của bản thân) - Each student at their own pace | Blog Trường Việt Anh	https://truongvietanh.com/blog/phuong-phap-moi-hoc-sinh-hoc-1-toc-do-cua-ban-than-each-student-at-their-own-pace/	1711	1
Blog	[THÔNG BÁO] KẾ HOẠCH HỌC TẬP VÀ LÀM VIỆC CỦA HỌC SINH VÀ GIÁO VIÊN TRƯỜNG THCS VÀ THPT VIỆT ANH | Blog Trường Việt Anh	https://truongvietanh.com/blog/thong-baoke-hoach-hoc-tap-va-lam-viec-cua-hoc-sinh-va-giao-vien-truong-thcs-va-thpt-viet-anh/	1711	1
Blog	5 Bí quyết giúp con giảm áp lực thi cử trong mùa thi tuyển sinh lớp 10 | Blog Trường Việt Anh	https://truongvietanh.com/blog/bi-quyet-giup-con-giam-ap-luc-thi-cu-trong-mua-tuyen-sinh-lop-10-20210520/	1710	1
Blog	Học sinh Cà Mau: Em đã thay đổi khi học nội trú tại Trường Việt Anh | Blog Trường Việt Anh	https://truongvietanh.com/blog/hoc-sinh-den-tu-ca-mau-da-thay-doi-nhu-the-nao-khi-hoc-tap-tai-viet-anh/	1710	1
Blog	Mẫu câu tiếng anh thông dụng khi thuyết trình | Blog Trường Việt Anh	https://truongvietanh.com/blog/mau-cau-tieng-anh-thong-dung-khi-thuyet-trinh/	1710	1
Blog	10 Bài Học Về Tiền Bạc Cần Dạy Trẻ Từ Sớm | Blog Trường Việt Anh	https://truongvietanh.com/blog/10-bai-hoc-ve-tien-bac-can-day-tre/	1709	1
Blog	BÍ QUYẾT THI IELTS | KINH NGHIỆM HỌC TIẾNG ANH | Blog Trường Việt Anh	https://truongvietanh.com/blog/bi-quyet-thi-ielts/	1709	1
Blog	Bộ Giáo Dục chính thức công bố quy chế thi THPT quốc gia | Blog Trường Việt Anh	https://truongvietanh.com/blog/bo-giao-duc-chinh-thuc-cong-bo-quy-che-thi-thpt-quoc-gia/	1709	1
Blog	Hoạt động ngoại khóa trường quốc tế hỗ trợ gì cho trẻ 2018? | Blog Trường Việt Anh	https://truongvietanh.com/blog/hoat-dong-ngoai-khoa-tai-truong-quoc-te-ho-tro-gi-cho-tre/	1709	1
Blog	Học Phí Tiểu Học Gò Vấp 2026 — Tính Đúng, Chọn Đúng | Blog Trường Việt Anh	https://truongvietanh.com/blog/hoc-phi-tieu-hoc-go-vap/	1709	1
Blog	Trường Nội Trú Tốt Nhất TPHCM 2026 — An Toàn, Kỷ Luật, Phát Triển | Blog Trường Việt Anh	https://truongvietanh.com/blog/so-sanh-noi-tru-tphcm/	1708	1
Blog	Trường Tiểu Học Phú Nhuận 2026 — Sĩ Số Nhỏ, Chất Lượng Lớn | Blog Trường Việt Anh	https://truongvietanh.com/blog/tieu-hoc-phu-nhuan/	1708	1
Blog	Trường Mầm Non Tân Bình — Kết Nối Việt Anh Bằng Xe Đưa Rước | Blog Trường Việt Anh	https://truongvietanh.com/blog/mam-non-tan-binh/	1705	1
Blog	Bộ trưởng Giáo dục đề nghị trường top trên xét tuyển cao hơn mức sàn | Blog Trường Việt Anh	https://truongvietanh.com/blog/bo-truong-giao-duc-de-nghi-truong-top-tren-xet-tuyen-cao-hon-muc-san/	1703	1
Blog	Dạy học theo chủ đề: phương pháp kết hợp truyền thống và hiện đại | Blog Trường Việt Anh	https://truongvietanh.com/blog/phuong-phap-day-hoc-theo-chu-de/	1703	1
Blog	Đề thi và đáp án thi đại học môn toán 2014 | Blog Trường Việt Anh	https://truongvietanh.com/blog/de-thi-va-dap-an-thi-dai-hoc-mon-toan-2014/	1702	1
Blog	Học Phí Trường Mầm Non Quốc Tế Ở Gò Vấp Bao Nhiêu? | Blog Trường Việt Anh	https://truongvietanh.com/blog/hoc-phi-truong-mam-non-quoc-te-o-go-vap-bao-nhieu/	1702	1
Blog	Học tiếng Anh hiệu quả cùng Trường Việt Anh | Blog Trường Việt Anh	https://truongvietanh.com/blog/hoc-sinh-truong-quoc-te-viet-anh-hoc-tieng-anh-nhu-the-nao/	1702	1
Blog	Trường Tiểu Học Song Ngữ Gần Q12 — Xe Đưa Rước Đến Việt Anh | Blog Trường Việt Anh	https://truongvietanh.com/blog/tieu-hoc-quan-12/	1702	1
Blog	Lớp học trong giới hạn của bộ não và internet -The classroom is limited to the mind and the internet | Blog Trường Việt Anh	https://truongvietanh.com/blog/lop-hoc-trong-gioi-han-cua-bo-nao-va-internet-the-classroom-is-limited-to-the-mind-and-the-internet/	1701	1
Blog	Trường Mầm Non Song Ngữ Gần Quận 12 — Xe Đưa Rước Tận Nơi | Blog Trường Việt Anh	https://truongvietanh.com/blog/mam-non-quan-12/	1701	1
Blog	Đại học Quốc gia Hà Nội dừng tổ chức kỳ thi đánh giá năng lực | Blog Trường Việt Anh	https://truongvietanh.com/blog/dai-hoc-quoc-gia-ha-noi-dung-to-chuc-ky-thi-danh-gia-nang-luc/	1700	1
Blog	Trường đại học tung học bổng hút thí sinh nữ vào ngành kỹ thuật | Blog Trường Việt Anh	https://truongvietanh.com/blog/truong-dai-hoc-tung-hoc-bong-hut-thi-sinh-nu-vao-nganh-ky-thuat/	1700	1
Blog	10 BÍ MẬT CỦA NGƯỜI NÓI TIẾNG ANH THÀNH CÔNG | Blog Trường Việt Anh	https://truongvietanh.com/blog/10-bi-mat-cua-nguoi-noi-tieng-anh-thanh-cong/	1699	1
Blog	3 Lưu Ý Quan Trọng Khi Tìm Trường Mầm Non Quốc Tế Tại Gò Vấp | Blog Trường Việt Anh	https://truongvietanh.com/blog/3-luu-y-danh-cho-phu-huynh-khi-tim-truong-mam-non-quoc-te-o-go-vap/	1699	1
Blog	ĐỂ TRẺ PHÁT TRIỂN BẰNG CÁCH TỰ CHĂM SÓC BẢN THÂN (Ngày 2 tháng 7 năm 2018) | Blog Trường Việt Anh	https://truongvietanh.com/blog/de-tre-phat-trien-bang-cach-tu-cham-soc-ban-than-ngay-2-thang-7-nam-2018/	1699	1
Blog	Học phí trường dân lập Việt Anh Gò Vấp bao nhiêu? - | Blog Trường Việt Anh	https://truongvietanh.com/blog/hoc-phi-truong-dan-lap-viet-anh-go-vap-bao-nhieu/	1699	1
Blog	Sân Thể Thao phát triển thể chất tại trường Việt Anh | Blog Trường Việt Anh	https://truongvietanh.com/blog/san-the-thao-phat-trien-the-chat-tai-truong-viet-anh/	1699	1
Blog	Kỹ năng cảm xúc xã hội - Kỹ năng sống cần thiết cho học sinh tiểu học | Blog Trường Việt Anh	https://truongvietanh.com/blog/ky-nang-cam-xuc-xa-hoi-hanh-trang-cho-tre-phat-trien-toan-dien/	1698	1
Blog	Tìm hiểu xu hướng đi du học tại các Trường quốc tế | Cẩm nang du học | Blog Trường Việt Anh	https://truongvietanh.com/blog/tim-hieu-xu-huong-di-du-hoc-tai-truong-quoc-te/	1698	1
Blog	Brochure Tuyển Sinh Khối Trung Học Cơ Sở Năm Học 2019 - 2020 | Blog Trường Việt Anh	https://truongvietanh.com/blog/brochure-tuyen-sinh-khoi-trung-hoc-co-so-nam-hoc-2019-2020/	1697	1
Blog	Cô giáo Mỹ gây quỹ mua kính quan sát nhật thực cho học sinh | Blog Trường Việt Anh	https://truongvietanh.com/blog/co-giao-my-gay-quy-mua-kinh-quan-sat-nhat-thuc-cho-hoc-sinh/	1697	1
Blog	GIAO TIẾP ỨNG XỬ KHI BẠN DU HỌC THỤY SĨ | Blog Trường Việt Anh	https://truongvietanh.com/blog/giao-tiep-ung-xu-khi-ban-du-hoc-thuy-si/	1697	1
Blog	Rớt cả ba nguyện vọng lớp 10 ở TP.HCM: Không còn cửa công lập! | Blog Trường Việt Anh	https://truongvietanh.com/blog/rot-ca-ba-nguyen-vong-lop-10-o-tp-hcm-khong-con-cua-cong-lap/	1697	1
Blog	Trường Tiểu Học Tân Bình — Kết Nối Việt Anh Bằng Xe Đưa Rước | Blog Trường Việt Anh	https://truongvietanh.com/blog/tieu-hoc-tan-binh/	1697	1
Blog	KHÓA HỌC STEM/ CODING - NỀN TẢNG VỮNG CHẮC CHO HỌC SINH TRONG THỜI ĐẠI CÔNG NGHỆ 4.0 | Blog Trường Việt Anh	https://truongvietanh.com/blog/khoa-hoc-stem-coding-nen-tang-vung-chac-cho-hoc-sinh-trong-thoi-dai-cong-nghe-4-0/	1696	1
Blog	TP HCM: Đã có điểm chuẩn vào lớp 10 THPT | Blog Trường Việt Anh	https://truongvietanh.com/blog/tp-hcm-da-co-diem-chuan-vao-lop-10-thpt/	1696	1
Blog	Trường [THCS] & [THPT] Việt Anh-Nhận xét của phụ huynh về Trường Việt Anh | Blog Trường Việt Anh	https://truongvietanh.com/blog/truong-thcs-thpt-viet-anh-nhan-xet-cua-phu-huynh-ve-truong-viet-anh/	1696	1
Blog	Thời khóa biểu Trường Việt Anh học kì 1 năm học 2020 – 2021 | Khối tiểu học cơ sở 2 | Blog Trường Việt Anh	https://truongvietanh.com/blog/thoi-khoa-bieu-truong-viet-anh-hoc-ki-1-nam-hoc-2020-2021-khoi-tieu-hoc-co-so-2/	1695	1
Blog	Feedback - Ý kiến của bạn về Trường Việt Anh | Blog Trường Việt Anh	https://truongvietanh.com/blog/y-kien/	1695	1
Blog	CHẾ ĐỘ HỌC NỘI TRÚ TẠI CÁC TRƯỜNG CÔNG LẬP Ở TPHCM | Blog Trường Việt Anh	https://truongvietanh.com/blog/che-do-hoc-noi-tru-tai-cac-truong-cong-lap/	1694	1
Blog	Thư Mời Tham Dự Lễ Khai Giảng Năm Học 2016 - 2017 | Blog Trường Việt Anh	https://truongvietanh.com/blog/thu-moi-tham-du-le-khai-giang-nam-hoc-2016-2017/	1693	1
Blog	Hàng chục ngàn thí sinh rớt lớp 10 sẽ học và làm gì? | Tuyển sinh THPT | Blog Trường Việt Anh	https://truongvietanh.com/blog/hang-chuc-ngan-thi-sinh-se-rot-lop-10/	1691	1
Blog	Trường Tiểu Học Bình Thạnh — Chỉ 10 Phút Đến Việt Anh | Blog Trường Việt Anh	https://truongvietanh.com/blog/tieu-hoc-binh-thanh/	1691	1
Blog	Tuyển sinh lớp 10 TPHCM: Xét tuyển không cần thi tuyển|Trường Việt Anh | Blog Trường Việt Anh	https://truongvietanh.com/blog/tuyen-sinh-lop-10-tai-tp-hcm-xet-tuyen-khong-can-thi-tuyen/	1691	1
Blog	Bí quyết săn học bổng du học - tích lũy kinh nghiệm từ các du học sinh | Blog Trường Việt Anh	https://truongvietanh.com/blog/bi-quyet-san-hoc-bong-thanh-cong/	1690	1
Blog	Bộ Giáo dục tuyên dương hai học sinh dũng cảm bắt cướp | Blog Trường Việt Anh	https://truongvietanh.com/blog/bo-giao-duc-tuyen-duong-hai-hoc-sinh-dung-cam-bat-cuop/	1690	1
Blog	Thí sinh được thay đổi nguyện vọng đăng ký xét tuyển như thế nào | Blog Trường Việt Anh	https://truongvietanh.com/blog/thi-sinh-duoc-thay-doi-nguyen-vong-dang-ky-xet-tuyen-nhu-the-nao/	1690	1
Blog	TP HCM công bố chỉ tiêu tuyển sinh vào lớp 10 năm 2014 | Blog Trường Việt Anh	https://truongvietanh.com/blog/tp-hcm-cong-bo-chi-cc-89-tieu-tuyen-sinh-vao-lop-10-nam-2014/	1690	1
Blog	Bài Tập Về Nhà Tiểu Học — Bao Nhiêu Là Đủ? Cha Mẹ Cần Biết | Blog Trường Việt Anh	https://truongvietanh.com/blog/blog-bai-tap-ve-nha-tieu-hoc/	1689	1
Blog	TRƯỜNG QUỐC TẾ VIỆT ANH - MỤC TIÊU ĐÀO TẠO THẾ HỆ DẪN ĐẦU ( Ngày 2 tháng 7 năm 2018) | Blog Trường Việt Anh	https://truongvietanh.com/blog/truong-quoc-te-viet-anh-muc-tieu-dao-tao-the-he-dan-dau-ngay-2-thang-7-nam-2018/	1689	1
Blog	Hình ảnh cuộc thi An toàn giao thông 2018 - Cơ sở 2 Gò Vấp | Blog Trường Việt Anh	https://truongvietanh.com/blog/hinh-anh-cuoc-thi-an-toan-giao-thong-2018-co-so-2-go-vap/	1688	1
Blog	Nhiều thí sinh thi lớp 10 không làm hết đề môn toán | Blog Trường Việt Anh	https://truongvietanh.com/blog/nhieu-thi-sinh-thi-lop-10-khong-lam-het-de-mon-toan/	1688	1
Blog	Vì sao 16.000 học sinh lớp 9 không chọn thi vào trường lớp 10 công lập tại TP.HCM? | Blog Trường Việt Anh	https://truongvietanh.com/blog/vi-sao-16-000-hoc-sinh-lop-9-khong-chon-thi-vao-truong-lop-10-cong-lap-tai-tp-hcm/	1688	1
Blog	Trường Mầm Non Thủ Đức — Xe Đưa Rước Đến Việt Anh Gò Vấp | Blog Trường Việt Anh	https://truongvietanh.com/blog/mam-non-thu-duc/	1687	1
Blog	Nên cho con học Trường quốc tế hay đi du học? | Trường Việt Anh | Blog Trường Việt Anh	https://truongvietanh.com/blog/nen-cho-con-hoc-truong-quoc-te-hay-di-du-hoc/	1687	1
Blog	Phương Pháp Giảng Dạy Đổi Mới tại Trường Quốc Tế Việt Anh | Blog Trường Việt Anh	https://truongvietanh.com/blog/phuong-phap-giang-day-doi-moi-tai-truong-quoc-te-viet-anh/	1687	1
Blog	Thư viện học tập hiện đại tại trường Việt Anh | Blog Trường Việt Anh	https://truongvietanh.com/blog/thu-vien-hoc-tap-hien-dai-tai-truong-viet-anh/	1687	1
Blog	KINH NGHIỆM LẤY HỌC BỔNG DU HỌC MỸ | Blog Trường Việt Anh	https://truongvietanh.com/blog/kinh-nghiem-lay-hoc-bong-du-hoc-my/	1686	1
Blog	Phụ huynh quan tâm đến kết quả học tập hơn niềm vui của trẻ | Blog Trường Việt Anh	https://truongvietanh.com/blog/phu-huynh-quan-tam-den-ket-qua-hoc-tap-hon-niem-vui-cua-tre/	1686	1
Blog	BÍ QUYẾT TỰ ÔN THI TOEFT IBT | Blog Trường Việt Anh	https://truongvietanh.com/blog/bi-quyet-tu-on-thi-toeft-ibt/	1685	1
Blog	Chia sẻ cách học giỏi hiệu quả nhẹ nhàng | Blog Trường Việt Anh	https://truongvietanh.com/blog/chia-se-cach-hoc-gioi-hieu-qua-nhe-nhang/	1685	1
Blog	Top kỹ năng giúp bạn làm việc nhóm hiệu quả | Blog Trường Việt Anh	https://truongvietanh.com/blog/ky-nang-co-ban-de-lam-viec-nhom-hieu-qua/	1685	1
Blog	ÔN THI CHUYỂN CẤP - NÊN THỨC KHUYA HAY DẬY SỚM HỌC BÀI? | Blog Trường Việt Anh	https://truongvietanh.com/blog/on-thi-chuyen-cap-nen-thuc-khuya-hay-day-som-hoc-bai/	1684	1
Blog	Sống chủ động trong thời gian ở nhà phòng dịch COVID 19: chương trình kỹ năng sống Major | Blog Trường Việt Anh	https://truongvietanh.com/blog/song-chu-dong-trong-thoi-gian-o-nha-phong-dich-covid-19-chuong-trinh-ky-nang-song-major/	1684	1
Blog	Trường [THCS]&[THPT] Việt Anh-Học sinh nấu ăn tại The Boat Club Residences 25/12/2011 | Blog Trường Việt Anh	https://truongvietanh.com/blog/truong-thcsthpt-viet-anh-hoc-sinh-nau-an-tai-the-boat-club-residences-25122011-2/	1684	1
Blog	Trường Việt Anh xử lí nỗi lo học phí trường quốc tế ra sao? | Blog Trường Việt Anh	https://truongvietanh.com/blog/xoa-tan-noi-lo-hoc-phi-truong-quoc-te/	1684	1
Blog	15 Cách Ôn Thi Vào 10 Hiệu Quả Và Đạt Điểm Cao Cho Sĩ Tử | Blog Trường Việt Anh	https://truongvietanh.com/blog/bi-quyet-on-thi-lop-10-hieu-qua/	1683	1
Blog	Các nước thi tốt nghiệp và tuyển sinh đại học thế nào | Blog Trường Việt Anh	https://truongvietanh.com/blog/cac-nuoc-thi-tot-nghiep-va-tuyen-sinh-dai-hoc-the-nao/	1683	1
Blog	ĐH Y khoa Phạm Ngọc Thạch lấy điểm xét tuyển cao nhất là 21 | Blog Trường Việt Anh	https://truongvietanh.com/blog/dh-y-khoa-pham-ngoc-thach-lay-diem-xet-tuyen-cao-nhat-la-21/	1683	1
Blog	Lưu Ý: Ngày mai 27/07 TPHCM Chính Thức Công Bố Điểm Chuẩn Lớp 10 | Blog Trường Việt Anh	https://truongvietanh.com/blog/luu-y-ngay-mai-2707-tphcm-chinh-thuc-cong-bo-diem-chuan-lop-10/	1683	1
Blog	Trái cây tươi giúp tăng cường trí nhớ và phát triển chiều cao cho học sinh | Blog Trường Việt Anh	https://truongvietanh.com/blog/trai-cay-tuoi-giup-tang-cuong-tri-nho-va-phat-trien-chieu-cao-cho-hoc-sinh/	1683	1
Blog	Trường dân lập nào tốt ở Tân Bình? Tư vấn tuyển sinh THCS-THPT | Blog Trường Việt Anh	https://truongvietanh.com/blog/truong-dan-lap-nao-tot-o-tan-binh-tu-van-tuyen-sinh/	1683	1
Blog	TRƯỜNG QUỐC TẾ - “CAM KẾT IELTS 6.0+ TẠI SAO KHÔNG?” (Ngày 06 tháng 07 năm 2018) | Blog Trường Việt Anh	https://truongvietanh.com/blog/truong-quoc-te-cam-ket-ielts-6-0/	1682	1
Blog	Học Phí THCS Gò Vấp 2026 — IELTS Tích Hợp, Không Phí Ẩn | Blog Trường Việt Anh	https://truongvietanh.com/blog/hoc-phi-thcs-go-vap/	1681	1
Blog	4 cách dạy con đáng học tập từ mẹ Do Thái | Blog Trường Việt Anh	https://truongvietanh.com/blog/4-cach-day-con-dang-hoc-tap-tu-me-do-thai/	1680	1
Blog	Tuyển Sinh Trường Dân Lập Chuyên Anh Quốc Tế tại TP.HCM | Blog Trường Việt Anh	https://truongvietanh.com/blog/tuyen-sinh-truong-dan-lap-chuyen-anh-quoc-te-tai-tp-hcm/	1680	1
Blog	{URGENT} ENGLISH TEACHERS NEEDED IN VIETANH SCHOOL | Blog Trường Việt Anh	https://truongvietanh.com/blog/urgent-english-teachers-needed-in-ho-chi-minh-city/	1680	1
Blog	BÍ QUYẾT XIN VISA DU HỌC NHẬT BẢN THÀNH CÔNG | Blog Trường Việt Anh	https://truongvietanh.com/blog/bi-quyet-xin-visa-du-hoc-nhat-ban-thanh-cong/	1679	1
Blog	Học sinh thi lớp 10 được cộng tối đa 5 điểm ưu tiên | Blog Trường Việt Anh	https://truongvietanh.com/blog/hoc-sinh-thi-lop-10-duoc-cong-toi-da-5-diem-uu-tien/	1679	1
Blog	Trường Việt Anh - Tự hào có nhiều học sinh giỏi cấp thành phố năm học 2019 - 2020 | Blog Trường Việt Anh	https://truongvietanh.com/blog/truong-viet-anh-tu-hao-co-nhieu-hoc-sinh-gioi-cap-thanh-pho-nam-hoc-2019-2020/	1679	1
Blog	Học tiếng Anh hiệu quả cùng Trường Việt Anh | Blog Trường Việt Anh	https://truongvietanh.com/blog/7-cach-hoc-tieng-anh-voi-facebook-truong-quoc-te-viet-anh/	1678	1
Blog	Đại học Y Hà Nội tuyển thẳng học sinh giỏi quốc gia | Blog Trường Việt Anh	https://truongvietanh.com/blog/dai-hoc-y-ha-noi-tuyen-thang-hoc-sinh-gioi-quoc-gia/	1678	1
Blog	Học tiếng Anh hiệu quả cùng Trường Việt Anh | Blog Trường Việt Anh	https://truongvietanh.com/blog/dot-pha-trong-tieng-anh-phan-1-truong-quoc-te-viet-anh/	1678	1
Blog	Giáo sư Toán cũng “bó tay” với đề Toán: Bộ Giáo dục nói gì? | Blog Trường Việt Anh	https://truongvietanh.com/blog/giao-su-toan-cung-bo-tay-voi-de-toan-bo-giao-duc-noi-gi/	1678	1
Blog	Hiệu trưởng ở TP HCM: 'Vụ Nam Trung Yên là bài học cho thầy cô' | Blog Trường Việt Anh	https://truongvietanh.com/blog/hieu-truong-o-tp-hcm-vu-nam-trung-yen-la-bai-hoc-cho-thay-co/	1678	1
Blog	2019 - ĐÁNH DẤU NĂM ĐẦY ẮP “THÀNH CÔNG” HỌC SINH VIỆT ANH | Blog Trường Việt Anh	https://truongvietanh.com/blog/-f0-9f-8f-86-f0-9f-8f-86-f0-9f-8f-862019-danh-dau-nam-day-ap-thanh-cong-hoc-sinh-viet-anh/	1677	1
Blog	Cấu trúc đề thi đánh giá năng lực năm 2016 | Blog Trường Việt Anh	https://truongvietanh.com/blog/cau-truc-de-thi-danh-gia-nang-luc-nam-2016/	1677	1
Blog	Đề thi và đáp án thi tuyển sinh lớp 10 môn tiếng anh | Blog Trường Việt Anh	https://truongvietanh.com/blog/de-thi-va-dap-an-thi-tuyen-sinh-lop-10-mon-tieng-anh/	1677	1
Blog	NHỮNG LÝ DO BẠN NÊN DU HỌC THỤY SỸ | Blog Trường Việt Anh	https://truongvietanh.com/blog/nhung-ly-do-ban-nen-du-hoc-thuy-sy/	1677	1
Blog	Tuyển sinh lớp 10 tại TP HCM: Đừng để điểm cao vẫn rớt | Blog Trường Việt Anh	https://truongvietanh.com/blog/tuyen-sinh-lop-10-tai-tp-hcm-dung-de-diem-cao-van-rot/	1677	1
Blog	Mẫu từ rút gọn trong giao tiếp tiếng anh | Blog Trường Việt Anh	https://truongvietanh.com/blog/mau-tu-rut-gon-trong-giao-tiep-tieng-anh/	1676	1
Blog	Nhiều đại học ở Sài Gòn lo lắng vì ít thí sinh nhập học | Blog Trường Việt Anh	https://truongvietanh.com/blog/nhieu-dai-hoc-o-sai-gon-lo-lang-vi-it-thi-sinh-nhap-hoc/	1676	1
Blog	Phụ huynh Sài Gòn băn khoăn chọn trường tư cho con | Blog Trường Việt Anh	https://truongvietanh.com/blog/phu-huynh-sai-gon-ban-khoan-chon-truong-tu-cho-con/	1676	1
Blog	Trường [THCS]&[THPT] Việt Anh-Học sinh dùng tiệc tại The Boat Club Residences 25/12/2011 | Blog Trường Việt Anh	https://truongvietanh.com/blog/truong-thcsthpt-viet-anh-hoc-sinh-dung-tiec-tai-the-boat-club-residences-25122011-2/	1676	1
Blog	Các đại học không được hạ chỉ tiêu tuyển thẳng | Blog Trường Việt Anh	https://truongvietanh.com/blog/cac-dai-hoc-khong-duoc-ha-chi-tieu-tuyen-thang/	1675	1
Blog	Đề thi và đáp án thi đại học môn toán khối B năm 2014 | Blog Trường Việt Anh	https://truongvietanh.com/blog/de-thi-va-dap-an-thi-dai-hoc-mon-toan-khoi-b-nam-2014/	1675	1
Blog	Thí sinh lúng túng khi xét tuyển | Blog Trường Việt Anh	https://truongvietanh.com/blog/thi-sinh-lung-tung-khi-xet-tuyen/	1675	1
Blog	Thi tuyển sinh vào lớp 10 tỷ lệ chọi tăng cao | Blog Trường Việt Anh	https://truongvietanh.com/blog/thi-tuyen-sinh-vao-lop-10-ty-le-choi-tang-cao/	1675	1
Blog	Bí quyết ôn thi Anh Văn hiệu quả | Blog Trường Việt Anh	https://truongvietanh.com/blog/bi-quyet-on-thi-anh-van-hieu-qua/	1674	1
Blog	Câu chuyện ẩn sau thành công của người đàn ông cổ tích Walt Disney | Blog Trường Việt Anh	https://truongvietanh.com/blog/cau-chuyen-an-sau-thanh-cong-cua-nguoi-dan-ong-co-tich-walt-disney/	1674	1
Blog	Gợi ý nhà trẻ tốt ở Gò Vấp phụ huynh có thể tham khảo |Trường Mầm Non | Blog Trường Việt Anh	https://truongvietanh.com/blog/goi-y-nha-tre-tot-o-go-vap-phu-huynh-co-the-tham-khao/	1674	1
Blog	Thời khóa biểu Trường Việt Anh học kì 1 năm học 2020 - 2021 | Khối THCS & THPT cơ sở 2 | Blog Trường Việt Anh	https://truongvietanh.com/blog/thoi-khoa-bieu-hoc-ki-1-nam-hoc-2020-2021-co-so-2/	1674	1
Blog	Học Phí Tiểu Học Phú Nhuận 2026 — Montessori + Song Ngữ | Blog Trường Việt Anh	https://truongvietanh.com/blog/hoc-phi-tieu-hoc-phu-nhuan/	1673	1
Blog	LÀM THẾ NÀO ĐỂ HỌC TỐT TIẾNG ANH | Blog Trường Việt Anh	https://truongvietanh.com/blog/lam-the-nao-de-hoc-tot-tieng-anh/	1673	1
Blog	Mô hình giáo dục 'Lấy sinh viên làm trọng tâm' | Blog Trường Việt Anh	https://truongvietanh.com/blog/mo-hinh-giao-duc-lay-sinh-vien-lam-trong-tam/	1673	1
Blog	Những điểm nóng xoay quanh kỳ thi quốc gia 2015 | Blog Trường Việt Anh	https://truongvietanh.com/blog/nhung-diem-nong-xoay-quanh-ky-thi-quoc-gia-2015/	1673	1
Blog	Trường THCS Tân Phú — 5 Phút Đến Việt Anh Bình Tân | Blog Trường Việt Anh	https://truongvietanh.com/blog/thcs-tan-phu/	1673	1
Blog	Thời khóa biểu Trường Việt Anh học kì 1 năm học 2020 – 2021 | Khối THCS & THPT cơ sở 1 | Blog Trường Việt Anh	https://truongvietanh.com/blog/thoi-khoa-bieu-hoc-ki-1-nam-hoc-2020-2021-co-so-1/	1673	1
Blog	Bộ GD-ĐT chỉ xác nhận đề án tuyển sinh riêng phù hợp với quy định | Blog Trường Việt Anh	https://truongvietanh.com/blog/bo-gd-dt-chi-xac-nhan-de-an-tuyen-sinh-rieng-phu-hop-voi-quy-dinh/	1672	1
Blog	NĂM LỜI KHUYÊN CHO VIỆC NÓI TIẾNG ANH NHƯ NGƯỜI MỸ | Blog Trường Việt Anh	https://truongvietanh.com/blog/nam-loi-khuyen-cho-viec-noi-tieng-anh-nhu-nguoi-my/	1672	1
Blog	TRƯỜNG TH - THCS - THPT VIỆT ANH ĐÓN ĐOÀN ĐÁNH GIÁ NGOÀI KIỂM ĐỊNH CHẤT LƯỢNG GIÁO DỤC | Blog Trường Việt Anh	https://truongvietanh.com/blog/truong-th-thcs-thpt-viet-anh-don-doan-danh-gia-ngoai-kiem-dinh-chat-luong-giao-duc/	1672	1
Blog	Lớp học hiện đại tại trường quốc tế Việt Anh | Blog Trường Việt Anh	https://truongvietanh.com/blog/lop-hoc-hien-dai-tai-truong-quoc-te-viet-anh/	1671	1
Blog	Nên cho con học trường tư thục ở Phú Nhuận nào thì tốt? Tư vấn | Blog Trường Việt Anh	https://truongvietanh.com/blog/nen-cho-con-hoc-truong-tu-thuc-o-phu-nhuan-nao-thi-tot/	1671	1
Blog	Phụ huynh nói gì về trường quốc tế Việt Anh? | Blog Trường Việt Anh	https://truongvietanh.com/blog/phu-huynh-noi-gi-ve-truong-quoc-te-viet-anh/	1671	1
Blog	So sánh hệ thống giáo dục Australia với thế giới | Blog Trường Việt Anh	https://truongvietanh.com/blog/so-sanh-he-thong-giao-duc-australia-voi-the-gioi/	1671	1
Blog	TP HCM yêu cầu trường công lập nhận các trẻ bị bạo hành | Blog Trường Việt Anh	https://truongvietanh.com/blog/tp-hcm-yeu-cau-truong-cong-lap-nhan-cac-tre-bi-bao-hanh/	1671	1
Blog	Ưu thế của giáo viên nước ngoài tại các trường quốc tế 2018 | Blog Trường Việt Anh	https://truongvietanh.com/blog/uu-the-cua-giao-vien-nuoc-ngoai-tai-cac-truong-quoc-te/	1671	1
Blog	DANH MỤC HỒ SƠ XIN VISA DU HỌC THỤY SỸ | Blog Trường Việt Anh	https://truongvietanh.com/blog/danh-muc-ho-so-xin-visa-du-hoc-thuy-sy/	1670	1
Blog	HỌC TIẾNG ANH ĐỂ LÀM GÌ ? | Blog Trường Việt Anh	https://truongvietanh.com/blog/hoc-tieng-anh-de-lam-gi/	1670	1
Blog	Trường Mầm Non Tân Phú — Gần Việt Anh Bình Tân 5 Phút | Blog Trường Việt Anh	https://truongvietanh.com/blog/mam-non-tan-phu/	1670	1
Blog	Năm 2017 trường công an không xét tuyển khối C | Blog Trường Việt Anh	https://truongvietanh.com/blog/nam-2017-truong-cong-an-khong-xet-tuyen-khoi-c/	1670	1
Blog	CÁC CHƯƠNG TRÌNH TRONG TRẠI HÈ ANH NGỮ CANADA | Blog Trường Việt Anh	https://truongvietanh.com/blog/cac-chuong-trinh-trong-trai-he-anh-ngu-canada/	1669	1
Blog	Làm Gì Khi Hoãn Thi Tuyển Sinh Lớp 10 TPHCM? | Tuyển sinh THPT | Blog Trường Việt Anh	https://truongvietanh.com/blog/hoc-sinh-va-phu-huynh-lam-gi-khi-hoan-thi-tuyen-sinh-lop-10-tp-hcm/	1669	1
Blog	Bí quyết làm bài tập môn sinh cho học sinh trung học | Blog Trường Việt Anh	https://truongvietanh.com/blog/kinh-nghiem-va-bi-quyet-lam-bai-tap-mon-sinh/	1669	1
Blog	MẤT GỐC TIẾNG ANH NÊN BẮT ĐẦU TỪ ĐÂU | Blog Trường Việt Anh	https://truongvietanh.com/blog/mat-goc-tieng-anh-nen-bat-dau-tu-dau/	1669	1
Blog	TRƯỜNG QUỐC TẾ VIỆT ANH - GIẢI QUYẾT NỖI LO HỌC PHÍ (Ngày 29 tháng 06 năm | Blog Trường Việt Anh	https://truongvietanh.com/blog/truong-quoc-te-viet-anh-giai-quyet-noi-lo-hoc-phi-ngay-29-thang-06-nam/	1669	1
Blog	Trường [THCS]&[THPT] Việt Anh - Lễ Bế Giảng Việt Anh niên khóa 2011-2012 | Blog Trường Việt Anh	https://truongvietanh.com/blog/truong-thcsthpt-viet-anh-le-be-giang-viet-anh-nien-khoa-2011-2012-4/	1669	1
Blog	Hà Nội: Quyết Chi 8 Tỷ Cho Kỳ Thi Tuyển Sinh Lớp 10 | Blog Trường Việt Anh	https://truongvietanh.com/blog/ha-noi-quyet-chi-8-ty-cho-ky-thi-tuyen-sinh-lop-10/	1668	1
Blog	Ngày hội Tư vấn tuyển sinh – Hướng nghiệp năm 2015 | Blog Trường Việt Anh	https://truongvietanh.com/blog/ngay-hoi-tu-van-tuyen-sinh-huong-nghiep-nam-2015/	1668	1
Blog	SO SÁNH CÁC TRƯỜNG THPT CHUYÊN ANH QUỐC TẾ CHẤT LƯỢNG TẠI TP HCM | Blog Trường Việt Anh	https://truongvietanh.com/blog/so-sanh-cac-truong-thpt-chuyen-anh-quoc-te-chat-luong-tai-tp-hcm/	1668	1
Blog	Thời gian học bài tốt nhất và phương pháp học tập nhớ bài lâu | Blog Trường Việt Anh	https://truongvietanh.com/blog/thoi-gian-hoc-bai-tot-nhat-va-phuong-phap-hoc-tap-nho-bai-lau/	1668	1
Blog	Trường Việt Anh xử lí nỗi lo học phí trường quốc tế ra sao? | Blog Trường Việt Anh	https://truongvietanh.com/blog/truong-viet-anh-xu-li-noi-lo-hoc-phi-truong-quoc-te-ra-sao/	1668	1
Blog	CÁCH LÀM BÀI THI LỚP 10 MÔN VĂN | Blog Trường Việt Anh	https://truongvietanh.com/blog/cach-lam-bai-thi-lop-10-mon-van/	1667	1
Blog	So sánh các trường THCS tại TP.HCM | Blog Trường Việt Anh	https://truongvietanh.com/blog/so-sanh-cac-truong-thcs-tai-tp-hcm/	1667	1
Blog	Top Các Trường Mầm Non Uy Tín Tại Gò Vấp | Blog Trường Việt Anh	https://truongvietanh.com/blog/top-5-truong-mam-non-o-go-vap-uy-tin-tim-truong-mau-giao/	1667	1
Blog	TƯ VẤN TUYỂN SINH: NGÀNH NGHỀ HOT NHẤT HIỆN NAY | Blog Trường Việt Anh	https://truongvietanh.com/blog/tu-van-tuyen-sinh-cac-nganh-nghe-hot-nhat-hien-nay/	1667	1
Blog	DU HỌC MỸ: TOP CÁC KÝ TÚC XÁ TẠI MỸ | Blog Trường Việt Anh	https://truongvietanh.com/blog/du-hoc-my-top-cac-ky-tuc-xa-tai-my/	1666	1
Blog	Trường Tiểu Học Tân Phú — Campus Bình Tân Gần Nhất 5 Phút | Blog Trường Việt Anh	https://truongvietanh.com/blog/tieu-hoc-tan-phu/	1666	1
Blog	Bản tin tháng 6: Lễ Bế giảng truờng THCS-THPT Việt Anh khóa 2011-2012 | Blog Trường Việt Anh	https://truongvietanh.com/blog/ban-tin-thang-6-le-be-giang-truong-thcs-thpt-viet-anh-khoa-2011-2012/	1665	1
Blog	BÍ QUYẾT NHẬN HỌC BỔNG DU HỌC TRUNG QUỐC | Blog Trường Việt Anh	https://truongvietanh.com/blog/bi-quyet-nhan-hoc-bong-du-hoc-trung-quoc/	1665	1
Blog	CHƯƠNG TRÌNH HÈ CHO TRẺ: NHIỀU NHƯNG VẪN THIẾU | Blog Trường Việt Anh	https://truongvietanh.com/blog/chuong-trinh-he-cho-tre-nhieu-nhung-van-thieu/	1665	1
Blog	DU HỌC THỤY ĐIỂN VỚI CHI PHÍ THẤP NHẤT | Blog Trường Việt Anh	https://truongvietanh.com/blog/du-hoc-thuy-dien-voi-chi-phi-thap-nhat/	1665	1
Blog	Hàng nghìn thí sinh hối hả nộp hồ sơ xét tuyển bổ sung | Blog Trường Việt Anh	https://truongvietanh.com/blog/hang-nghin-thi-sinh-hoi-ha-nop-ho-so-xet-tuyen-bo-sung/	1665	1
Blog	Học Phí Mầm Non Bình Tân 2026 — Campus Mới, Giá Chuẩn Hệ Thống | Blog Trường Việt Anh	https://truongvietanh.com/blog/hoc-phi-mam-non-binh-tan/	1665	1
Blog	Hơn 1 triệu thí sinh dự kỳ thi THPT Quốc gia 2015 | Blog Trường Việt Anh	https://truongvietanh.com/blog/hon-1-trieu-thi-sinh-du-ky-thi-thpt-quoc-gia-2015/	1665	1
Blog	Lý do phòng khách sạn thường không có số 420 | Blog Trường Việt Anh	https://truongvietanh.com/blog/ly-do-phong-khach-san-thuong-khong-co-so-420/	1665	1
Blog	NHỮNG CÁI “NHẤT” KHI CON HỌC VỚI GIÁO VIÊN BẢN XỨ TẠI TRƯỜNG QUỐC TẾ (Ngày 2 tháng 7 năm 2018) | Blog Trường Việt Anh	https://truongvietanh.com/blog/nhung-cai-nhat-khi-con-hoc-voi-giao-vien-ban-xu-tai-truong-quoc-te-ngay-2-thang-7-nam-2018/	1665	1
Blog	Nữ sinh Quảng Ngãi giành 12 học bổng đại học nổi tiếng thế giới | Blog Trường Việt Anh	https://truongvietanh.com/blog/nu-sinh-quang-ngai-gianh-12-hoc-bong-dai-hoc-noi-tieng-the-gioi/	1665	1
Blog	10 LÝ DO: TẠI SAO BẠN HỌC TIẾNG ANH | Blog Trường Việt Anh	https://truongvietanh.com/blog/10-ly-do-tai-sao-ban-hoc-tieng-anh/	1664	1
Blog	15 Cách Ôn Thi Vào 10 Hiệu Quả Và Đạt Điểm Cao Cho Sĩ Tử | Blog Trường Việt Anh	https://truongvietanh.com/blog/bi-quyet-thi-do-tuyen-sinh-lop-10/	1664	1
Blog	Camera Ký Túc Xá Nam Cơ Sở 2 | Blog Trường Việt Anh	https://truongvietanh.com/blog/camera-ktx-nam-cs2/	1664	1
Blog	Giải Ba môn Anh Văn cấp Thành Phố năm học 2014 - 2015 | Blog Trường Việt Anh	https://truongvietanh.com/blog/giai-ba-mon-anh-van-cap-thanh-pho-nam-hoc-2014-2015/	1664	1
Blog	NHỮNG CÂU HỎI THƯỜNG GẶP KHI DU HỌC ANH | Blog Trường Việt Anh	https://truongvietanh.com/blog/nhung-cau-hoi-thuong-gap-khi-du-hoc-anh/	1664	1
Blog	Review Trường Việt Anh TPHCM - Cơ sở Gò Vấp và Phú Nhuận | Blog Trường Việt Anh	https://truongvietanh.com/blog/review-truong-viet-anh-tphcm-co-so-go-vap-va-phu-nhuan/	1664	1
Blog	15 Cách Ôn Thi Vào 10 Hiệu Quả Và Đạt Điểm Cao Cho Sĩ Tử | Blog Trường Việt Anh	https://truongvietanh.com/blog/thi-tuyen-sinh-lop-10-bi-kip-rinh-diem-cao-toan-van-anh/	1664	1
Blog	75% thí sinh đăng ký thi THPT quốc gia để xét tuyển đại học | Blog Trường Việt Anh	https://truongvietanh.com/blog/75-thi-sinh-dang-ky-thi-thpt-quoc-gia-de-xet-tuyen-dai-hoc/	1663	1
Blog	Điểm chuẩn vào lớp 10 TPHCM năm 2015 | Blog Trường Việt Anh	https://truongvietanh.com/blog/diem-chuan-vao-lop-10-tphcm-nam-2015/	1663	1
Blog	Hồ Bơi Thi Đấu Việt Anh | Blog Trường Việt Anh	https://truongvietanh.com/blog/ho-boi-thi-dau-viet-anh/	1663	1
Blog	Nhiều đại học giảm bớt chỉ tiêu tuyển sinh | Blog Trường Việt Anh	https://truongvietanh.com/blog/nhieu-dai-hoc-giam-bot-chi-tieu-tuyen-sinh/	1663	1
Blog	Học tiếng Anh hiệu quả cùng Trường Việt Anh | Blog Trường Việt Anh	https://truongvietanh.com/blog/phuong-phap-hoc-tieng-anh-giao-tiep-truong-quoc-te-viet-anh/	1663	1
Blog	TP.HCM: Đề thi và đáp án thi môn toán lớp 10 năm 2014 | Blog Trường Việt Anh	https://truongvietanh.com/blog/tp-hcm-de-thi-va-dap-an-thi-mon-toan-lop-10-nam-2014-2/	1663	1
Blog	11+ Cách Học Tiếng Anh Cho Người Mất Gốc Và Mới Bắt Đầu | Blog Trường Việt Anh	https://truongvietanh.com/blog/truong-quoc-te-viet-anh-6-buoc-giup-hoc-tieng-anh-hieu-qua/	1663	1
Blog	10 điều thú vị về giáo dục đại học ở Trung Quốc | Blog Trường Việt Anh	https://truongvietanh.com/blog/10-dieu-thu-vi-ve-giao-duc-dai-hoc-o-trung-quoc/	1662	1
Blog	Kết Quả IELTS Trường Việt Anh | Thành Tích Nổi Bật Qua Các Năm | Blog Trường Việt Anh	https://truongvietanh.com/blog/blog-ket-qua-ielts-viet-anh/	1662	1
Blog	Con Có Hạnh Phúc Ở Trường? 8 Dấu Hiệu Phụ Huynh Cần Quan Sát | Blog Trường Việt Anh	https://truongvietanh.com/blog/blog-lam-sao-biet-con-hanh-phuc-o-truong/	1662	1
Blog	Trường Mầm Non Song Ngữ Là Gì? Có Nên Cho Con Học Từ Bé? | Blog Trường Việt Anh	https://truongvietanh.com/blog/blog-truong-mam-non-song-ngu-la-gi/	1662	1
Blog	Phương pháp học tập hiệu quả nâng cao kết quả bài thi | Blog Trường Việt Anh	https://truongvietanh.com/blog/cach-hoc-de-nang-cao-hieu-qua-hoc-tap/	1662	1
Blog	Chương trình Ngoại khóa tại trường quốc tế Việt Anh | Blog Trường Việt Anh	https://truongvietanh.com/blog/chuong-trinh-ngoai-khoa-tai-truong-quoc-te-viet-anh/	1662	1
Blog	HƯỚNG DẪN CÁCH SỬ DỤNG CAMERA TRỰC TUYẾN TRƯỜNG VIỆT AN | Blog Trường Việt Anh	https://truongvietanh.com/blog/huong-dan-cach-su-dung-camera-truc-tuyen-truong-viet-an/	1662	1
Blog	Miễn thi đại học môn tiếng anh nhờ có chứng chỉ IELTS 6.0? | Blog Trường Việt Anh	https://truongvietanh.com/blog/mien-thi-dai-hoc-mon-tieng-anh-nho-co-chung-chi-ielts-6-0/	1662	1
Blog	Lễ truyền thống 1 - 9 - Chicken dance Viet Anh | Blog Trường Việt Anh	https://truongvietanh.com/blog/le-truyen-thong-1-9-chicken-dance-viet-anh/	1661	1
Blog	Quảng Bình miễn 5 năm học phí cho học sinh vùng lũ | Blog Trường Việt Anh	https://truongvietanh.com/blog/quang-binh-mien-5-nam-hoc-phi-cho-hoc-sinh-vung-lu/	1661	1
Blog	TP.HCM công bố điểm thi lớp 10 | Blog Trường Việt Anh	https://truongvietanh.com/blog/tp-hcm-cong-bo-diem-thi-lop-10/	1661	1
Blog	Ứng dụng Google Drive vào công tác giáo dục | Blog Trường Việt Anh	https://truongvietanh.com/blog/ung-dung-google-drive-vao-cong-tac-giao-duc/	1661	1
Blog	Bí quyết luyện phát âm tiếng anh chuẩn và hay | Blog Trường Việt Anh	https://truongvietanh.com/blog/bi-quyet-luyen-phat-am-tieng-anh-chuen-va-hay/	1660	1
Blog	Top 10 Cách Học Giỏi Toán Hiệu Quả Học Sinh Nên Áp Dụng | Blog Trường Việt Anh	https://truongvietanh.com/blog/cach-hoc-gioi-toan/	1660	1
Blog	HỌC TIẾNG ANH GIAO TIẾP | Blog Trường Việt Anh	https://truongvietanh.com/blog/hoc-tieng-anh-giao-tiep/	1660	1
Blog	TPHCM công bố kết quả tuyển sinh lớp 10 | Blog Trường Việt Anh	https://truongvietanh.com/blog/tphcm-cong-bo-ket-qua-tuyen-sinh-lop-10/	1660	1
Blog	5 Kỹ Năng Sống Còn Thế Hệ Z Cần Trang Bị | Blog Trường Việt Anh	https://truongvietanh.com/blog/5-ky-nang-song-con-the-he-z-can-trang-bi/	1659	1
Blog	ĐỂ THÀNH CÔNG KHI ĐI DU HỌC ÚC | Blog Trường Việt Anh	https://truongvietanh.com/blog/de-thanh-cong-khi-di-du-hoc-uc/	1659	1
Blog	Trường Tiểu Học Thủ Đức Song Ngữ — Xe Đưa Rước Tận TP Thủ Đức | Blog Trường Việt Anh	https://truongvietanh.com/blog/tieu-hoc-thu-duc/	1659	1
Blog	Có Nên Cho Con Học Tiếng Anh Từ Lớp 1? Trả Lời Từ Chuyên Gia | Blog Trường Việt Anh	https://truongvietanh.com/blog/blog-co-nen-cho-con-hoc-tieng-anh-tu-lop-1/	1658	1
Blog	ĐỘI TUYỂN HỌC SINH GIỎI MÔN TIẾNG ANH CỦA QUẬN PHÚ NHUẬN THẮNG LỚN | Blog Trường Việt Anh	https://truongvietanh.com/blog/doi-tuyen-hoc-sinh-gioi-mon-tieng-anh-cua-quan-phu-nhuan-thang-lon/	1658	1
Blog	Trường Việt Anh xử lí nỗi lo học phí trường quốc tế ra sao? | Blog Trường Việt Anh	https://truongvietanh.com/blog/hoc-phi-truong-quoc-te-khong-con-la-noi-lo-cua-phu-huynh/	1658	1
Blog	Lễ ký kết hợp tác giữa Trường Việt Anh và SYC | Blog Trường Việt Anh	https://truongvietanh.com/blog/le-ky-ket-hop-tac-giua-truong-viet-anh-va-syc/	1658	1
Blog	Trường THCS Q12 — Xe Đưa Rước Đến Việt Anh Hàng Ngày | Blog Trường Việt Anh	https://truongvietanh.com/blog/thcs-quan-12/	1658	1
Blog	Thời gian công bố điểm thi tuyển sinh lớp 10 TP.HCM (Năm 2021) | Blog Trường Việt Anh	https://truongvietanh.com/blog/thoi-gian-cong-bo-diem-thi-tuyen-sinh-lop-10-tphcm-20210726/	1658	1
Blog	Văn hóa tự lập qua lớp học trường nội trú | Blog Trường Việt Anh	https://truongvietanh.com/blog/van-hoa-tu-lap-qua-lop-hoc-truong-noi-tru/	1658	1
Blog	Bí quyết học tốt môn toán THCS & THPT | Blog Trường Việt Anh	https://truongvietanh.com/blog/bi-quyet-hoc-tot-mon-toan-thcs-thpt/	1657	1
Blog	Câu lạc bộ từ thiện Trường Việt Anh | Blog Trường Việt Anh	https://truongvietanh.com/blog/cau-lac-bo-tu-thien-truong-viet-anh/	1657	1
Blog	CHI PHÍ HỌC TẬP TẠI CANADA | Blog Trường Việt Anh	https://truongvietanh.com/blog/chi-phi-hoc-tap-tai-canada/	1657	1
Blog	Điều chỉnh quy định tuyển sinh đại học năm 2016 | Blog Trường Việt Anh	https://truongvietanh.com/blog/dieu-chinh-quy-dinh-tuyen-sinh-dai-hoc-nam-2016/	1657	1
Blog	Những lợi ích khi chọn trường quốc tế Việt Anh 2018 | Blog Trường Việt Anh	https://truongvietanh.com/blog/nhung-loi-ich-khi-chon-truong-quoc-te-viet-anh/	1657	1
Blog	BÍ QUYẾT ÔN THI MÔN TOÁN TỐT NHẤT | Blog Trường Việt Anh	https://truongvietanh.com/blog/bi-quyet-on-thi-mon-toan-tot-nhat/	1656	1
Blog	CÁCH ĐỂ HỌC GIỎI - 10 BƯỚC TẠO HỨNG THÚ TRONG HỌC TẬP | Blog Trường Việt Anh	https://truongvietanh.com/blog/cach-de-hoc-gioi-10-buoc-tao-hung-thu-trong-hoc-tap/	1656	1
Blog	ƯU ĐÃI TUYỂN SINH TRƯỜNG VIỆT ANH TPHCM | Blog Trường Việt Anh	https://truongvietanh.com/blog/chuong-trinh-uu-dai-truong-th-thcs-thpt-viet-anh/	1656	1
Blog	Đề thi Ngoại ngữ vào lớp 10 ở TP HCM vừa sức với thí sinh | Blog Trường Việt Anh	https://truongvietanh.com/blog/de-thi-ngoa-cc-a3i-ngu-cc-83-vao-lop-10-o-tp-hcm-vua-suc-voi-thi-sinh/	1656	1
Blog	Trường Mầm Non Gò Vấp Tốt Nhất 2026 — Con Yêu Đi Học, Mẹ Yên Tâm Đi Làm | Blog Trường Việt Anh	https://truongvietanh.com/blog/mam-non-go-vap/	1656	1
Blog	Phương Pháp Hiệu Quả Giúp Cải Thiện Trí Nhớ Trong Mùa Thi | Blog Trường Việt Anh	https://truongvietanh.com/blog/phuong-phap-hieu-qua-giup-cai-thien-tri-nho-trong-mua-thi/	1656	1
Blog	TIẾNG ANH CHO NGƯỜI ĐI DU LỊCH | Blog Trường Việt Anh	https://truongvietanh.com/blog/tieng-anh-cho-nguoi-di-du-lich/	1656	1
Blog	Top 6 Trường Quốc Tế Tốt Nhất Tại TP.HCM Mới Nhất 2026 | Blog Trường Việt Anh	https://truongvietanh.com/blog/truong-quoc-te-o-tp-hcm-lua-chon-ngay-cang-tang-2018/	1656	1
Blog	Đại học Harvard phát triển giáo dục từ cộng đồng | Blog Trường Việt Anh	https://truongvietanh.com/blog/dai-hoc-harvard-phat-trien-giao-duc-tu-cong-dong/	1655	1
Blog	KÝ TÚC XÁ TRƯỜNG THCS VÀ THPT VIỆT ANH | Blog Trường Việt Anh	https://truongvietanh.com/blog/ky-tuc-xa-truong-thcs-va-thpt-viet-anh/	1655	1
Blog	4 yếu tố quan trọng giúp giới trẻ thành công | Blog Trường Việt Anh	https://truongvietanh.com/blog/4-yeu-to-quan-trong-giup-gioi-tre-thanh-cong/	1654	1
Blog	Dinh Dưỡng Học Đường 2026 | Thực Đơn & Tiêu Chuẩn An Toàn | Blog Trường Việt Anh	https://truongvietanh.com/blog/blog-dinh-duong-hoc-duong/	1654	1
Blog	Top 5 Trường THPT Tư Thục TPHCM 2026 | So Sánh & Review | Blog Trường Việt Anh	https://truongvietanh.com/blog/blog-truong-thpt-tu-thuc-tphcm/	1654	1
Blog	CHI PHÍ CHO QUÁ TRÌNH DU HỌC THỤY ĐIỂN | Blog Trường Việt Anh	https://truongvietanh.com/blog/chi-phi-cho-qua-trinh-du-hoc-thuy-dien/	1654	1
Blog	Đề thi Ngoại ngữ vừa sức nhưng khó lấy điểm cao | Blog Trường Việt Anh	https://truongvietanh.com/blog/de-thi-ngoai-ngu-vua-suc-nhung-kho-lay-diem-cao/	1654	1
Blog	HỌC PHÍ TRƯỜNG VIỆT ANH NĂM 2014 - 2015 | Blog Trường Việt Anh	https://truongvietanh.com/blog/hoc-phi-truong-viet-anh-nam-2014-2015/	1654	1
Blog	Trường [THCS]&[THPT] Việt Anh-Học sinh bơi lội tại The Boat Club Residences 25/12/2011 | Blog Trường Việt Anh	https://truongvietanh.com/blog/truong-thcsthpt-viet-anh-hoc-sinh-boi-loi-tai-the-boat-club-residences-25122011-2/	1654	1
Blog	Trường Liên Cấp Là Gì? Ưu Nhược Điểm & Ai Nên Chọn? | Blog Trường Việt Anh	https://truongvietanh.com/blog/blog-co-nen-cho-con-hoc-truong-lien-cap/	1653	1
Blog	Giải Ba môn Anh văn cấp thành phố năm học 2013-2014 | Blog Trường Việt Anh	https://truongvietanh.com/blog/giai-ba-mon-anh-van-cap-thanh-pho-nam-hoc-2013-2014/	1653	1
Blog	TRẠI HÈ PHÁT TRIỂN TOÀN DIỆN | Blog Trường Việt Anh	https://truongvietanh.com/blog/trai-he-phat-trien-toan-dien/	1653	1
Blog	Kỹ Năng Quản Lý Thời Gian Cho Học Sinh | 5 Phương Pháp | Blog Trường Việt Anh	https://truongvietanh.com/blog/blog-ky-nang-quan-ly-thoi-gian/	1652	1
Blog	Đại học FPT cấp học bổng toàn phần cho toàn bộ sinh viên khoa Toán | Blog Trường Việt Anh	https://truongvietanh.com/blog/dai-hoc-fpt-cap-hoc-bong-toan-phan-cho-toan-bo-sinh-vien-khoa-toan/	1652	1
Blog	Giáo sư Australia giận dữ khi lớp học không bóng người | Blog Trường Việt Anh	https://truongvietanh.com/blog/giao-su-australia-gian-du-khi-lop-hoc-khong-bong-nguoi/	1652	1
Blog	Lợi ích của chương trình song ngữ trường quốc tế 2018 | Blog Trường Việt Anh	https://truongvietanh.com/blog/loi-ich-cua-chuong-trinh-song-ngu-truong-quoc-te-2018/	1652	1
Blog	Đại học Y dược TP HCM tuyển bổ sung hơn 400 chỉ tiêu | Blog Trường Việt Anh	https://truongvietanh.com/blog/dai-hoc-y-duoc-tp-hcm-tuyen-bo-sung-hon-400-chi-tieu/	1651	1
Blog	HOẠT ĐỘNG NGOẠI KHÓA TRONG TRẠI HÈ 2015 | Blog Trường Việt Anh	https://truongvietanh.com/blog/hoat-dong-ngoai-khoa/	1651	1
Blog	Sẽ có hơn 15.000 thí sinh bị loại khỏi cuộc đua vào lớp 10 công lập | Blog Trường Việt Anh	https://truongvietanh.com/blog/se-co-hon-15-000-thi-sinh-bi-loai-khoi-cuoc-dua-vao-lop-10-cong-lap/	1651	1
Blog	Trường TH THCS THPT Việt Anh - Đào Tạo Học Sinh Chuyên Anh | Blog Trường Việt Anh	https://truongvietanh.com/blog/hoc-phi-khung-cua-truong-quoc-te-ai-quan-ly/	1650	1
Blog	Phương pháp học tốt tiếng anh giao tiếp | Blog Trường Việt Anh	https://truongvietanh.com/blog/phuong-phap-hoc-tot-tieng-anh-giao-tiep/	1650	1
Blog	Tuyển sinh lớp 10: Đề thi và đáp án môn toán | Blog Trường Việt Anh	https://truongvietanh.com/blog/tuyen-sinh-lop-10-de-thi-dap-an-mon-toan/	1650	1
Blog	CHÚC MỪNG “CAO THỦ” IELTS TRƯỜNG VIỆT ANH | Blog Trường Việt Anh	https://truongvietanh.com/blog/-f0-9f-8f-86-chuc-mung-cao-thu-ielts-truong-viet-anh--f0-9f-8f-86/	1649	1
Blog	Bí quyết luyện phát âm tiếng Anh chuẩn và hay | Blog Trường Việt Anh	https://truongvietanh.com/blog/bi-quyet-luyen-phat-am-tieng-anh-chuan-va-hay/	1649	1
Blog	Mấy Tuổi Cho Con Đi Học Mầm Non? Chuyên Gia Giải Đáp 2026 | Blog Trường Việt Anh	https://truongvietanh.com/blog/blog-may-tuoi-di-hoc-mam-non/	1648	1
Blog	Đề Thi Và Đáp Án Thi Tuyển Sinh Lớp 10 Môn Toán | Blog Trường Việt Anh	https://truongvietanh.com/blog/de-thi-va-dap-an-thi-tuyen-sinh-lop-10-mon-toan/	1648	1
Blog	LỄ KHAI GIẢNG NĂM HỌC MỚI 2014 - 2015 | Blog Trường Việt Anh	https://truongvietanh.com/blog/le-khai-giang-nam-hoc-moi/	1648	1
Blog	Cho Con Ở Nội Trú? Ưu Nhược Điểm & Ai Nên Chọn 2026 | Blog Trường Việt Anh	https://truongvietanh.com/blog/blog-che-do-noi-tru/	1647	1
Blog	Du Học Sau THPT 2026 | Chuẩn Bị Từ Lớp Mấy? Hồ Sơ Cần Gì? | Blog Trường Việt Anh	https://truongvietanh.com/blog/blog-du-hoc-sau-thpt/	1646	1
Blog	Chuyện khó nói' của học sinh Sài Gòn với cha mẹ | Blog Trường Việt Anh	https://truongvietanh.com/blog/chuyen-kho-noi-cua-hoc-sinh-sai-gon-voi-cha-me/	1646	1
Blog	Thông báo về chương trình ngoại khóa ngày 08/01/2015 | Blog Trường Việt Anh	https://truongvietanh.com/blog/thong-bao-ve-chuong-trinh-ngoai-khoa-ngay-08012015/	1646	1
Blog	Bí Quyết Ôn Thi Hiệu Quả Môn Tiếng Anh | Blog Trường Việt Anh	https://truongvietanh.com/blog/bi-quyet-on-thi-hieu-qua-mon-tieng-anh/	1645	1
Blog	CẢI THIỆN TIẾNG ANH CỦA BẠN QUA READING | Blog Trường Việt Anh	https://truongvietanh.com/blog/cai-thien-tieng-anh-cua-ban-qua-reading/	1645	1
Blog	Hàng trăm ngành học bị đình chỉ tuyển sinh từ 2014 | Blog Trường Việt Anh	https://truongvietanh.com/blog/hang-tram-nganh-hoc-bi-dinh-chi-tuyen-sinh-tu-2014/	1645	1
Blog	Kinh nghiệm tìm trường mầm non tốt phụ huynh cần biết |Trường Việt Anh | Blog Trường Việt Anh	https://truongvietanh.com/blog/kinh-nghiem-tim-truong-mam-non-tot-phu-huynh-can-biet/	1645	1
Blog	Trường học Scotland cấm phụ huynh nói chuyện với giáo viên | Blog Trường Việt Anh	https://truongvietanh.com/blog/truong-hoc-scotland-cam-phu-huynh-noi-chuyen-voi-giao-vien/	1645	1
Blog	LÀM THẾ NÀO ĐỂ PHÁT ÂM TỐT TIẾNG ANH | Blog Trường Việt Anh	https://truongvietanh.com/blog/lam-the-nao-de-phat-am-tot-tieng-anh/	1644	1
Blog	Mẹo Khoanh Trắc Nghiệm Tiếng Anh Với Tỷ Lệ Cực Chính Xác | Blog Trường Việt Anh	https://truongvietanh.com/blog/meo-lam-bai-thi-trac-nghiem-mon-tieng-anh/	1644	1
Blog	Thấp thỏm vì điểm xét tuyển tăng từng ngày | Blog Trường Việt Anh	https://truongvietanh.com/blog/thap-thom-vi-diem-xet-tuyen-tang-tung-ngay/	1644	1
Blog	[THÔNG BÁO] Kế Hoạch Giảng Dạy Các Môn Sau Khi Tinh Giản Chương Trình | Blog Trường Việt Anh	https://truongvietanh.com/blog/thong-bao-ke-hoach-giang-day-cac-mon-sau-khi-tinh-gian-chuong-trinh/	1644	1
Blog	Bảng nội quy hài hước của giáo viên thể dục | Blog Trường Việt Anh	https://truongvietanh.com/blog/bang-noi-quy-hai-huoc-cua-giao-vien-the-duc/	1643	1
Blog	Con Không Thích Học Tiếng Anh? 5 Nguyên Nhân Phổ Biến & Giải Pháp | Blog Trường Việt Anh	https://truongvietanh.com/blog/blog-con-khong-thich-hoc-tieng-anh/	1643	1
Blog	Học tiếng Anh hiệu quả cùng Trường Việt Anh | Blog Trường Việt Anh	https://truongvietanh.com/blog/dot-pha-trong-tieng-anh-phan-2-truong-quoc-te-viet-anh/	1643	1
Blog	Ưu điểm của hoạt động ngoại khóa tại trường quốc tế | Blog Trường Việt Anh	https://truongvietanh.com/blog/uu-diem-cua-hoat-dong-ngoai-khoa-tai-truong-quoc-te/	1643	1
Blog	KINH NGHIỆM LÀM BÀI THI MÔN TOÁN | BÍ QUYẾT HỌC TẬP | Blog Trường Việt Anh	https://truongvietanh.com/blog/kinh-nghiem-lam-bai-thi-mon-toan/	1642	1
Blog	Kỳ thi tốt nghiệp THPT quốc gia năm 2016 được tổ chức thế nào? | Blog Trường Việt Anh	https://truongvietanh.com/blog/ky-thi-tot-nghiep-thpt-quoc-gia-nam-2016-duoc-to-chuc-the-nao/	1642	1
Blog	TP HCM công bố điểm thi vào lớp 10 | Blog Trường Việt Anh	https://truongvietanh.com/blog/tp-hcm-cong-bo-die-cc-89m-thi-vao-lop-10/	1642	1
Blog	Top bí quyết giúp bạn tập trung trong học tập | Blog Trường Việt Anh	https://truongvietanh.com/blog/4-bi-kip-de-tap-trung-tot-hon/	1641	1
Blog	ĐỂ TRẺ ĐAM MÊ TIẾNG ANH | Blog Trường Việt Anh	https://truongvietanh.com/blog/de-tre-dam-me-tieng-anh/	1641	1
Blog	Điểm chuẩn lớp 10 năm 2014 tăng cao | Blog Trường Việt Anh	https://truongvietanh.com/blog/diem-chuan-lop-10-nam-2014-tang-cao/	1641	1
Blog	Học tiếng Anh thông qua bài hát tại Trường quốc tế Việt Anh | Blog Trường Việt Anh	https://truongvietanh.com/blog/hoc-tieng-anh-thong-qua-bai-hat-tai-truong-quoc-te-viet-anh/	1641	1
Blog	Trẻ thông minh hơn qua các hoạt động ngoại khóa hè | Blog Trường Việt Anh	https://truongvietanh.com/blog/tre-thong-minh-hon-qua-cac-hoat-dong-ngoai-khoa-he/	1641	1
Blog	Vinh Dự Đạt Chuẩn Tổ Chức Thi IELTS | Blog Trường Việt Anh	https://truongvietanh.com/blog/vinh-du-dat-chuan-to-chuc-thi-ielts/	1641	1
Blog	10 HỌC BỔNG HÀNG ĐẦU THẾ GIỚI CHO DU HỌC SINH | Blog Trường Việt Anh	https://truongvietanh.com/blog/10-hoc-bong-hang-dau-the-gioi-cho-du-hoc-sinh/	1640	1
Blog	Active Learning Là Gì? Phương Pháp Giúp Trẻ Học Giỏi Thực Sự | Blog Trường Việt Anh	https://truongvietanh.com/blog/blog-active-learning-la-gi/	1640	1
Blog	Cựu Học Sinh Trường Việt Anh | Du Học, ĐH Top, Lập Nghiệp | Blog Trường Việt Anh	https://truongvietanh.com/blog/blog-cuu-hoc-sinh-viet-anh/	1640	1
Blog	CÁC BƯỚC ĐỂ ĐĂNG KÝ DU HỌC THỤY ĐIỂN | Blog Trường Việt Anh	https://truongvietanh.com/blog/cac-buoc-de-dang-ky-du-hoc-thuy-dien/	1640	1
Blog	CĂNG NHƯ DÂY ĐÀN VỚI ĐIỂM CHUẨN LỚP 10 NĂM 2018 | Blog Trường Việt Anh	https://truongvietanh.com/blog/cang-nhu-day-dan-voi-diem-chuan-lop-10-nam-2018/	1639	1
Blog	CHƯƠNG TRÌNH HÈ: SUMMER GOT TALENTS 2014 | Blog Trường Việt Anh	https://truongvietanh.com/blog/chuong-trinh-he-summer-got-talents-2014/	1639	1
Blog	Điểm chuẩn lớp 10 năm 2014 - Học đâu nếu rớt lớp 10? | Blog Trường Việt Anh	https://truongvietanh.com/blog/diem-chuan-lop-10-nam-2014-ho-cc-a3c-dau-neu-rot-lop-10/	1639	1
Blog	DU HỌC THỤY ĐIỂN VÀ NHỮNG ĐIỀU BẠN NÊN BIẾT | Blog Trường Việt Anh	https://truongvietanh.com/blog/du-hoc-thuy-dien-va-nhung-dieu-ban-nen-biet/	1639	1
Blog	KỸ NĂNG PHÒNG CHỐNG XÂM HẠI TÌNH DỤC TRẺ EM ( Ngày 15 tháng 03 năm 2017). | Blog Trường Việt Anh	https://truongvietanh.com/blog/ky-nang-phong-chong-xam-hai-tinh-duc-tre-em/	1639	1
Blog	Phương pháp giảng dạy học sinh tự thu thập kiến thức - Students attain knowledge | Blog Trường Việt Anh	https://truongvietanh.com/blog/phuong-phap-giang-day-hoc-sinh-tu-thu-thap-kien-thuc/	1639	1
Blog	10 LÝ DO TẠI SAO BẠN NÊN HỌC TIẾNG ANH | Blog Trường Việt Anh	https://truongvietanh.com/blog/10-ly-do-tai-sao-ban-nen-hoc-tieng-anh/	1638	1
Blog	99% Học Sinh Việt Anh Đỗ Đại Học | Bí Quyết Thực Sự | Blog Trường Việt Anh	https://truongvietanh.com/blog/blog-99-hoc-sinh-do-dai-hoc/	1638	1
Blog	Bộ Giáo dục sẽ công bố đề mẫu kỳ thi THPT quốc gia | Blog Trường Việt Anh	https://truongvietanh.com/blog/bo-giao-duc-se-cong-bo-de-mau-ky-thi-thpt-quoc-gia/	1638	1
Blog	Giải Nhì môn Toán cấp Thành Phố năm học 2014 - 2015 | Blog Trường Việt Anh	https://truongvietanh.com/blog/giai-nhi-mon-toan-cap-thanh-pho-nam-hoc-2014-2015/	1638	1
Blog	TRẠI HÈ: RÈN LUYỆN CÁC KỸ NĂNG SỐNG | Blog Trường Việt Anh	https://truongvietanh.com/blog/trai-he-ren-luyen-cac-ky-nang-song/	1638	1
Blog	15 Cách Ôn Thi Vào 10 Hiệu Quả Và Đạt Điểm Cao Cho Sĩ Tử | Blog Trường Việt Anh	https://truongvietanh.com/blog/bi-quyet-lam-bai-thi-tuyen-sinh-lop-10-dat-ket-qua-cao/	1637	1
Blog	Top 10 Trường Mầm Non TPHCM 2026 | Review & So Sánh Thực Tế | Blog Trường Việt Anh	https://truongvietanh.com/blog/blog-top-truong-mam-non-tphcm-2026/	1637	1
Blog	Câu lạc bộ Toán | Blog Trường Việt Anh	https://truongvietanh.com/blog/cau-lac-bo-toan/	1637	1
Blog	Chương trình dạy kiểm soát điện thoại cho học sinh | Blog Trường Việt Anh	https://truongvietanh.com/blog/chuong-trinh-day-kiem-soat-dien-thoai-cho-hoc-sinh/	1637	1
Blog	ĐIỂM CHUẨN VÀO LỚP 10 TP HỒ CHÍ MINH 2015 | Blog Trường Việt Anh	https://truongvietanh.com/blog/diem-chuan-vao-lop-10-tp-ho-chi-minh-2015/	1637	1
Blog	TPHCM: Dự kiến ngày 16/7 công bố điểm chuẩn vào lớp 10 | Blog Trường Việt Anh	https://truongvietanh.com/blog/tphcm-du-kien-ngay-167-cong-bo-diem-chuan-vao-lop-10/	1637	1
Blog	Cách giúp học sinh nỗ lực học tập | Blog Trường Việt Anh	https://truongvietanh.com/blog/cach-giup-hoc-sinh-no-luc-hoc-tap/	1636	1
Blog	ĐIỂM MỚI TRONG KÌ TUYỂN SINH VÀO LỚP 10 NĂM 2014 | Blog Trường Việt Anh	https://truongvietanh.com/blog/diem-moi-trong-ki-tuyen-sinh-vao-lop-10-nam-2014/	1636	1
Blog	LÀM GÌ TRƯỚC KHI HỌC TIẾNG ANH | Blog Trường Việt Anh	https://truongvietanh.com/blog/lam-gi-truoc-khi-hoc-tieng-anh/	1636	1
Blog	Lớp học di động cho trẻ tị nạn | Blog Trường Việt Anh	https://truongvietanh.com/blog/lop-hoc-di-dong-cho-tre-ti-nan/	1636	1
Blog	Phương pháp ôn thi hiệu quả - Kinh nghiệm làm bài thi tốt nhất | Blog Trường Việt Anh	https://truongvietanh.com/blog/phuong-phap-on-thi-hieu-qua-kinh-nghiem-lam-bai-thi/	1636	1
Blog	SỨC HẤP DẪN CỦA DU HỌC THỤY ĐIỂN | Blog Trường Việt Anh	https://truongvietanh.com/blog/suc-hap-dan-cua-du-hoc-thuy-dien/	1636	1
Blog	[THCS]&[THPT] Nữ sinh Việt Anh đạt giải Ba văn nghệ cấp Q.Phú Nhuận | Blog Trường Việt Anh	https://truongvietanh.com/blog/thcsthpt-nu-sinh-viet-anh-dat-giai-ba-van-nghe-cap-q-phu-nhuan/	1636	1
Blog	Cách Phát Âm Tiếng Anh Chuẩn Cho Trẻ 2026 | Từ Mầm Non | Blog Trường Việt Anh	https://truongvietanh.com/blog/blog-phat-am-tieng-anh-chuan/	1635	1
Blog	CÁC TRƯỜNG HỌC CÓ HỌC PHÍ TỪ 400 - 500 TRIỆU ĐỒNG | Blog Trường Việt Anh	https://truongvietanh.com/blog/cac-truong-hoc-co-hoc-phi-tu-400-500-trieu-dong/	1635	1
Blog	Câu lạc bộ Bơi Lội | Blog Trường Việt Anh	https://truongvietanh.com/blog/cau-lac-bo-boi-loi/	1635	1
Blog	Giới Thiệu Các Trường Nội Trú Nước Ngoài | Blog Trường Việt Anh	https://truongvietanh.com/blog/gioi-thieu-cac-truong-noi-tru-nuoc-ngoai/	1635	1
Blog	NHỮNG ƯU ĐIỂM CỦA GIÁO DỤC TRƯỜNG NỘI TRÚ | Blog Trường Việt Anh	https://truongvietanh.com/blog/nhung-uu-diem-cua-giao-duc-truong-noi-tru/	1635	1
Blog	Tầm Nhìn Và Sức Mệnh Của Trường Việt Anh | Blog Trường Việt Anh	https://truongvietanh.com/blog/su-menh-va-muc-tieu/	1635	1
Blog	Cách Học Toán Lớp 10 Hiệu Quả | Chinh Phục Toán 10 Cấp Tốc | Blog Trường Việt Anh	https://truongvietanh.com/blog/cach-hoc-gioi-mon-toan-lop-10-hieu-qua/	1634	1
Blog	CHƯƠNG TRÌNH VỀ TRƯỜNG DO HTV TỔ CHỨC | Blog Trường Việt Anh	https://truongvietanh.com/blog/chuong-trinh-ve-truong-do-htv-to-chuc/	1634	1
Blog	Học Phí THPT Việt Anh 2026 — Đầu Tư 3 Năm, IELTS 6.0+ Chắc Chắn | Blog Trường Việt Anh	https://truongvietanh.com/blog/hoc-phi-thpt/	1634	1
Blog	Mẹo giúp trẻ hòa nhập nhanh khi vào lớp một | Blog Trường Việt Anh	https://truongvietanh.com/blog/meo-giup-tre-hoa-nhap-nhanh-khi-vao-lop-mot/	1634	1
Blog	VƯỢT QUA NGẠI NGÙNG KHI HỌC TIẾNG ANH | Blog Trường Việt Anh	https://truongvietanh.com/blog/vuot-qua-ngai-ngung-khi-hoc-tieng-anh/	1634	1
Blog	Trẻ Chậm Nói Có Nên Đi Mầm Non? Lời Khuyên Chuyên Gia | Blog Trường Việt Anh	https://truongvietanh.com/blog/blog-tre-cham-noi-co-nen-di-mam-non/	1633	1
Blog	Chương trình giảng dạy tại trường quốc tế Việt Anh | Blog Trường Việt Anh	https://truongvietanh.com/blog/chuong-trinh-giang-day-tai-truong-quoc-te-viet-anh/	1633	1
Blog	Phụ huynh ngán trường công chuyển sang chọn Trường quốc tế | Việt Anh | Blog Trường Việt Anh	https://truongvietanh.com/blog/ngan-truong-cong-sang-truong-quoc-te-2018/	1633	1
Blog	Học tiếng Anh hiệu quả cùng Trường Việt Anh | Blog Trường Việt Anh	https://truongvietanh.com/blog/hoc-tieng-anh-qua-mang-xa-hoi-truong-quoc-te-viet-anh/	1632	1
Blog	SỰ KIỆN THÁNG 8 KHÔNG THỂ BỎ LỠ? - MUSIC TALK SHOW 2018 | Blog Trường Việt Anh	https://truongvietanh.com/blog/-f0-9f-93-a2-su-kien-thang-8-khong-the-bo-lo-music-talshow-2018/	1631	1
Blog	Học tiếng Anh hiệu quả cùng Trường Việt Anh | Blog Trường Việt Anh	https://truongvietanh.com/blog/bi-kip-de-hoc-tieng-anh-hieu-qua-qua-phim-truong-quoc-te/	1631	1
Blog	CẬP NHẬT DANH SÁCH “CAO THỦ” IELTS TRƯỜNG VIỆT ANH - 19/1/2019 | Blog Trường Việt Anh	https://truongvietanh.com/blog/cap-nhat-danh-sach-cao-thu-ielts-truong-viet-anh-1912019/	1631	1
Blog	Câu lạc bộ Lý | Blog Trường Việt Anh	https://truongvietanh.com/blog/cau-lac-bo-ly/	1631	1
Blog	3 cách học đơn giản giúp bạn tiến bộ hơn từng ngày | Blog Trường Việt Anh	https://truongvietanh.com/blog/chia-se-cach-hoc-gioi-hieu-qua-nhe-nhang-2/	1631	1
Blog	Lợi ích của giáo dục nghệ thuật | Blog Trường Việt Anh	https://truongvietanh.com/blog/loi-ich-cua-giao-duc-nghe-thuat/	1631	1
Blog	Những Dụng Cụ Học Tập Được Phép Mang Vào Phòng Thi | Blog Trường Việt Anh	https://truongvietanh.com/blog/nhung-dung-cu-hoc-tap-duoc-phep-mang-vao-phong-thi/	1631	1
Blog	Phòng Máy Tính tại trường quốc tế Việt Anh | Blog Trường Việt Anh	https://truongvietanh.com/blog/phong-may-tinh-tai-truong-quoc-te-viet-anh/	1631	1
Blog	Tổng hợp các trường cấp 3 tốt ở TPHCM | Tư vấn tuyển sinh THPT | Blog Trường Việt Anh	https://truongvietanh.com/blog/tong-hop-cac-truong-cap-3-tot-o-tphcm-tu-van-tuyen-sinh-thpt/	1631	1
Blog	Trường THPT mời giảng viên hướng dẫn dạy thi trắc nghiệm | Blog Trường Việt Anh	https://truongvietanh.com/blog/truong-thpt-moi-giang-vien-huong-dan-day-thi-trac-nghiem/	1631	1
Blog	7 LỜI KHUYÊN CHO VIỆC HỌC TIẾNG ANH | Blog Trường Việt Anh	https://truongvietanh.com/blog/7-loi-khuyen-cho-viec-hoc-tieng-anh/	1630	1
Blog	Học tiếng Anh hiệu quả cùng Trường Việt Anh | Blog Trường Việt Anh	https://truongvietanh.com/blog/cach-hoc-tieng-anh-cuc-nhanh-truong-quoc-te-viet-anh/	1630	1
Blog	Đề thi vào lớp 10 môn Toán khu vực Hà Nội năm 2015 | Blog Trường Việt Anh	https://truongvietanh.com/blog/de-thi-vao-lop-10-mon-toan-khu-vuc-ha-noi-nam-2015/	1630	1
Blog	PHƯƠNG PHÁP HỌC TẬP VUI VẺ - LEARNING FUN | Blog Trường Việt Anh	https://truongvietanh.com/blog/phuong-phap-hoc-tap-vui-ve/	1630	1
Blog	Thông báo: Chương trình dã ngoại Đà Lạt từ ngày 17-19/5/2016 | Blog Trường Việt Anh	https://truongvietanh.com/blog/thong-bao-chuong-trinh-da-cc-83-ngoa-cc-a3i-da-la-cc-a3t-tu-ngay-17-1952016/	1630	1
Blog	BÍ QUYẾT SĂN HỌC BỔNG DU HỌC ANH | Blog Trường Việt Anh	https://truongvietanh.com/blog/bi-quyet-san-hoc-bong-du-hoc-anh/	1629	1
Blog	Chỉ tiêu tuyển sinh vào lớp 10 tại TP.HCM năm 2015 | Blog Trường Việt Anh	https://truongvietanh.com/blog/chi-tieu-tuyen-sinh-vao-lop-10-tai-tp-hcm-nam-2015/	1629	1
Blog	Đề thi Văn có thể nằm ngoài sách giáo khoa | Blog Trường Việt Anh	https://truongvietanh.com/blog/de-thi-van-co-the-nam-ngoai-sach-giao-khoa/	1629	1
Blog	DU HỌC THỤY SỸ: VĂN HÓA GIAO TIẾP | Blog Trường Việt Anh	https://truongvietanh.com/blog/du-hoc-thuy-sy-van-hoa-giao-tiep/	1629	1
Blog	Học phí trường Tiểu học-THCS-THPT Việt Anh TPHCM |Anh Văn Quốc Tế | Blog Trường Việt Anh	https://truongvietanh.com/blog/hoc-phi-truong-tieu-hoc-thcs-thpt-viet-anh-tphcm/	1629	1
Blog	HỌC TIẾNG ANH CHO NGƯỜI ĐI LÀM | Blog Trường Việt Anh	https://truongvietanh.com/blog/hoc-tieng-anh-cho-nguoi-di-lam/	1629	1
Blog	Tân sinh viên Harvard không được nhập học vì phát ngôn xúc phạm | Blog Trường Việt Anh	https://truongvietanh.com/blog/tan-sinh-vien-harvard-khong-duoc-nhap-hoc-vi-phat-ngon-xuc-pham/	1629	1
Blog	Thông báo lễ bế giảng năm học 2014-2015 | Blog Trường Việt Anh	https://truongvietanh.com/blog/thong-bao-le-be-giang-nam-hoc-2014-2015/	1629	1
Blog	Review Trường Việt Anh 2026 | Phụ Huynh Nói Gì? | Blog Trường Việt Anh	https://truongvietanh.com/blog/blog-phu-huynh-review-truong-viet-anh/	1628	1
Blog	Tiểu Học Song Ngữ vs Thường 2026 | So Sánh Toàn Diện | Blog Trường Việt Anh	https://truongvietanh.com/blog/blog-tieu-hoc-song-ngu-vs-thuong/	1628	1
Blog	“Cái khó” của thí sinh thi lớp 10 trường Công lập năm 2018 | Blog Trường Việt Anh	https://truongvietanh.com/blog/cai-kho-cua-thi-sinh-thi-lop-10-truong-cong-lap-nam-2018/	1628	1
Blog	Họp phụ huynh tiểu học đầu năm 2020 – 2021 | Blog Trường Việt Anh	https://truongvietanh.com/blog/hop-phu-huynh-tieu-hoc-dau-nam-2020-2021/	1628	1
Blog	Lễ khai giảng Trường Việt Anh 2019 - 2020 | Blog Trường Việt Anh	https://truongvietanh.com/blog/le-khai-giang-truong-viet-anh-2019-2020/	1628	1
Blog	Học tiếng Anh hiệu quả cùng Trường Việt Anh | Blog Trường Việt Anh	https://truongvietanh.com/blog/phuong-phap-hoc-tieng-anh-qua-phim-truong-quoc-te/	1628	1
Blog	Trường Tiểu Học Gò Vấp Chất Lượng Cao 2026 — Nền Tảng 5 Năm Cho Cả Cuộc Đời | Blog Trường Việt Anh	https://truongvietanh.com/blog/tieu-hoc-go-vap/	1628	1
Blog	10 Bài Học Ý Nghĩa Để Hành Trang Trưởng Thành Trọn Vẹn Hơn | Blog Trường Việt Anh	https://truongvietanh.com/blog/10-bai-hoc-y-nghia-de-ban-truong-thanh-hon/	1627	1
Blog	Bữa Ăn Học Đường Các Nước Và Tầm Quan Trọng Của Dinh Dưỡng Dành Cho Học Sinh | Blog Trường Việt Anh	https://truongvietanh.com/blog/10-bua-an-trua-truong-hoc-cua-cac-quoc-gia-tren-the-gioi/	1627	1
Blog	CÁCH TỰ ĐÁNH GIÁ VỀ PHƯƠNG PHÁP TỰ HỌC | Blog Trường Việt Anh	https://truongvietanh.com/blog/cach-tu-danh-gia-ve-phuong-phap-tu-hoc/	1627	1
Blog	ĐIỂM HẤP DẪN CỦA DU HỌC THỤY SỸ | Blog Trường Việt Anh	https://truongvietanh.com/blog/diem-hap-dan-cua-du-hoc-thuy-sy/	1627	1
Blog	Giới thiệu chương trình Affiliate của trường Việt Anh | Blog Trường Việt Anh	https://truongvietanh.com/blog/gioi-thieu-chuong-trinh-affiliate-cua-truong-viet-anh/	1627	1
Blog	TIẾNG ANH CHO NGƯỜI MỚI BẮT ĐẦU | Blog Trường Việt Anh	https://truongvietanh.com/blog/tieng-anh-cho-nguoi-moi-bat-dau/	1627	1
Blog	Academic Writing Cho Học Sinh THPT | Viết Luận Chuẩn Quốc Tế | Blog Trường Việt Anh	https://truongvietanh.com/blog/blog-academic-writing-cho-hoc-sinh/	1626	1
Blog	Brochure Tuyển Sinh Khối Tiểu Học Năm Học 2019 - 2020 | Blog Trường Việt Anh	https://truongvietanh.com/blog/brochure-tuyen-sinh-khoi-tieu-hoc-nam-hoc-2019-2020/	1626	1
Blog	Chương Trình Học và Phương Pháp Giảng Dạy | Blog Trường Việt Anh	https://truongvietanh.com/blog/chuong-trinh-hoc-va-phuong-phap-giang-day/	1626	1
Blog	Thí sinh bật khóc vì không rút được hồ sơ xét tuyển | Blog Trường Việt Anh	https://truongvietanh.com/blog/thi-sinh-bat-khoc-vi-khong-rut-duoc-ho-so-xet-tuyen/	1626	1
Blog	Chương trình tham quan NHA TRANG (8/5/2015) | Blog Trường Việt Anh	https://truongvietanh.com/blog/chuong-trinh-tham-quan-nha-trang/	1625	1
Blog	Tuyển sinh vào lớp 10 TP.HCM: phụ huynh lo càng thêm lo | Blog Trường Việt Anh	https://truongvietanh.com/blog/tuyen-sinh-vao-lop-10-tp-hcm-phu-huynh-lo-cang-them-lo-2021052512/	1625	1
Blog	10 SUY NGHĨ KHIẾN BẠN KHÔNG ĐƯỢC HỌC BỔNG | Blog Trường Việt Anh	https://truongvietanh.com/blog/10-suy-nghi-khien-ban-khong-duoc-hoc-bong/	1624	1
Blog	23 điều giáo viên chia sẻ về ngày bắt đầu năm học | Blog Trường Việt Anh	https://truongvietanh.com/blog/23-dieu-giao-vien-chia-se-ve-ngay-bat-dau-nam-hoc/	1624	1
Blog	Montessori Dạy Tiếng Anh Cho Bé | Phương Pháp & Hiệu Quả | Blog Trường Việt Anh	https://truongvietanh.com/blog/blog-montessori-day-tieng-anh/	1624	1
Blog	Chương trình về trường do HTV tổ chức | Blog Trường Việt Anh	https://truongvietanh.com/blog/chuong-trinh-ve-truong-do-htv-to-chuc-2/	1624	1
Blog	Nhiều trường xét tuyển từ điểm sàn | Blog Trường Việt Anh	https://truongvietanh.com/blog/nhieu-truong-xet-tuyen-tu-diem-san/	1624	1
Blog	Thông báo lễ khai giảng năm học 2015-2016 | Blog Trường Việt Anh	https://truongvietanh.com/blog/thong-bao-le-khai-giang-nam-hoc-2015-2016/	1624	1
Blog	TRƯỜNG CHUYÊN NGỮ: GIÁO VIÊN NÀO TÔT HƠN ? | Blog Trường Việt Anh	https://truongvietanh.com/blog/truong-chuyen-ngu-giao-vien-ban-ngu-hay-giao-vien-nguoi-viet/	1624	1
Blog	9 phương pháp giảng dạy học mới năm 2016 | Blog Trường Việt Anh	https://truongvietanh.com/blog/9-phuong-phap-giang-day-hoc-moi-nam-2016/	1623	1
Blog	IELTS Là Gì? Vì Sao Học Sinh Cần IELTS Từ Lớp 6? | Blog Trường Việt Anh	https://truongvietanh.com/blog/blog-ielts-la-gi/	1623	1
Blog	Thi Vào Lớp 10 TPHCM 2026 | Lịch Thi, Đề Thi, Cách Ôn | Blog Trường Việt Anh	https://truongvietanh.com/blog/blog-thi-vao-lop-10-tphcm/	1623	1
Blog	GIÚP HỌC SINH YÊU THÍCH LỚP HỌC HÈ | Blog Trường Việt Anh	https://truongvietanh.com/blog/giup-hoc-sinh-yeu-thich-lop-hoc-he/	1623	1
Blog	MỘT SỐ KINH NGHIỆM DU HỌC THÀNH CÔNG | Blog Trường Việt Anh	https://truongvietanh.com/blog/mot-so-kinh-nghiem-du-hoc-thanh-cong/	1623	1
Blog	Phương pháp học theo dự án (project-based learning) | Blog Trường Việt Anh	https://truongvietanh.com/blog/phuong-phap-hoc-theo-du-an-project-based-learning/	1623	1
Blog	Bí quyết học tập hiệu quả cho học sinh lớp 10 | Blog Trường Việt Anh	https://truongvietanh.com/blog/bi-quyet-hoc-gioi-cho-hoc-sinh-lop-10/	1622	1
Blog	[FULL HD] NHẢY HIỆN ĐẠI | LỚP 10A2 | Blog Trường Việt Anh	https://truongvietanh.com/blog/full-hd-nhay-hien-dai-lop-10a2/	1622	1
Blog	Học tập có chủ đích - Trường quốc tế Việt Anh 2018 | Blog Trường Việt Anh	https://truongvietanh.com/blog/hoc-tap-co-chu-dich-truong-quoc-te-viet-anh-2018/	1622	1
Blog	Khiếu nại | Blog Trường Việt Anh	https://truongvietanh.com/blog/khieu-nai/	1622	1
Blog	Bí quyết làm bài thi trắc nghiệm môn sinh | Blog Trường Việt Anh	https://truongvietanh.com/blog/bi-quyet-lam-bai-thi-trac-nghiem-mon-sinh/	1621	1
Blog	Thời gian công bố điểm chuẩn vào lớp 10 tại TP HCM | Blog Trường Việt Anh	https://truongvietanh.com/blog/thoi-gian-cong-bo-diem-chuan-vao-lop-10-tai-tp-hcm-nam-2013/	1621	1
Blog	Trường [THCS]&[THPT] Việt Anh - Lễ Bế Giảng Việt Anh niên khóa 2011-2012 | Blog Trường Việt Anh	https://truongvietanh.com/blog/truong-thcsthpt-viet-anh-le-be-giang-viet-anh-nien-khoa-2011-2012-2/	1621	1
Blog	5 CÁCH ĐỂ CẢI THIỆN KỸ NĂNG VIẾT CỦA BẠN | Blog Trường Việt Anh	https://truongvietanh.com/blog/5-cach-de-cai-thien-ky-nang-viet-cua-ban/	1620	1
Blog	Trường Việt Anh — 19 Năm Kiến Tạo Thế Hệ Tự Chủ Toàn Cầu | Blog Trường Việt Anh	https://truongvietanh.com/blog/gioi-thieu/	1620	1
Blog	Nhiều đại học TP HCM tuyển đủ chỉ tiêu trong đợt 1 | Blog Trường Việt Anh	https://truongvietanh.com/blog/nhieu-dai-hoc-tp-hcm-tuyen-du-chi-tieu-trong-dot-1/	1620	1
Blog	Câu lạc bộ Bóng đá | Blog Trường Việt Anh	https://truongvietanh.com/blog/cau-lac-bo-bong-da-2/	1619	1
Blog	CHỈ TIÊU TUYỂN SINH LỚP 10 NĂM HỌC 2021 - 2022 | Blog Trường Việt Anh	https://truongvietanh.com/blog/chi-tieu-tuyen-sinh-lop-10-nam-hoc-2021-2022/	1619	1
Blog	LÀM THẾ NÀO ĐỂ HỌC TIẾNG ANH TỐT | Blog Trường Việt Anh	https://truongvietanh.com/blog/lam-the-nao-de-hoc-tieng-anh-tot/	1619	1
Blog	Những điểm mạnh của nền giáo dục New Zealand | Blog Trường Việt Anh	https://truongvietanh.com/blog/nhung-diem-manh-cua-nen-giao-duc-new-zealand/	1619	1
Blog	QUY TRÌNH XÂY DỰNG HỒ BƠI | Blog Trường Việt Anh	https://truongvietanh.com/blog/quy-trinh-xay-dung-ho-boi/	1618	1
Blog	TP. HCM: điểm chuẩn lớp 10 cao hơn năm trước khoảng 3 điểm | Blog Trường Việt Anh	https://truongvietanh.com/blog/tp-hcm-diem-chuan-lop-10-cao-hon-nam-truoc-khoang-3-diem/	1618	1
Blog	VÌ SAO NÊN CHỌN TRẠI HÈ TIẾNG ANH | Blog Trường Việt Anh	https://truongvietanh.com/blog/vi-sao-nen-chon-trai-he-tieng-anh/	1618	1
Blog	Mẹo Khoanh Trắc Nghiệm Tiếng Anh Với Tỷ Lệ Cực Chính Xác | Blog Trường Việt Anh	https://truongvietanh.com/blog/bi-quyet-lam-bai-thi-trac-nghiem-mon-anh-van/	1617	1
Blog	Debate Cho Trẻ 2026 | Kỹ Năng Tranh Luận Giúp Con Tự Tin | Blog Trường Việt Anh	https://truongvietanh.com/blog/blog-ky-nang-debate-cho-tre/	1617	1
Blog	CÁCH TÍNH ĐIỂM TUYỂN SINH LỚP 10 | Blog Trường Việt Anh	https://truongvietanh.com/blog/cach-tinh-diem-tuyen-sinh-lop-10/	1617	1
Blog	DANH SÁCH TRAO GIẢI BRITISH SCHOLARSHIP 2014 | Blog Trường Việt Anh	https://truongvietanh.com/blog/danh-sach-trao-giai-british-scholarship-2014/	1617	1
Blog	Chương trình từ thiện Xuân Yêu Thương | Blog Trường Việt Anh	https://truongvietanh.com/blog/chuong-trinh-tu-thien-xuan-yeu-thuong/	1616	1
Blog	Hướng dẫn cài đặt Phần mềm Việt Anh | Blog Trường Việt Anh	https://truongvietanh.com/blog/huong-dan-cai-dat-phan-mem-viet-anh/	1616	1
Blog	PHƯƠNG PHÁP ÔN THI MÔN TIẾNG ANH | Blog Trường Việt Anh	https://truongvietanh.com/blog/phuong-phap-on-thi-mon-tieng-anh/	1615	1
Blog	TP.HCM: Điểm tuyển sinh lớp 10 tăng 2-4 điểm | Blog Trường Việt Anh	https://truongvietanh.com/blog/tp-hcm-diem-tuyen-sinh-lop-10-tang-2-4-diem/	1615	1
Blog	Điều lệ hoạt động CLB từ thiện Trái Tim Nhân | Blog Trường Việt Anh	https://truongvietanh.com/blog/dieu-le-hoat-dong-clb-tu-thien-trai-tim-nhan/	1614	1
Blog	HỌC SINH TRÊN THẾ GIỚI LÀM GÌ KHI NGHỈ HÈ | Blog Trường Việt Anh	https://truongvietanh.com/blog/hoc-sinh-tren-the-gioi-lam-gi-khi-nghi-he/	1614	1
Blog	Lễ phát động chủ đề năm học 2014-2015 | Blog Trường Việt Anh	https://truongvietanh.com/blog/le-phat-dong-chu-de-nam-hoc-2014-2015/	1614	1
Blog	4 cách tra cứu điểm thi tuyển sinh vào lớp 10 chính xác nhất | Blog Trường Việt Anh	https://truongvietanh.com/blog/4-cach-tra-cuu-diem-thi-tuyen-sinh-vao-lop-10-chinh-xac-nhat/	1613	1
Blog	KINH NGHIỆM ĐỂ HỌC TỐT Ở TRƯỜNG PHỔ THÔNG TRUNG HỌC | Blog Trường Việt Anh	https://truongvietanh.com/blog/kinh-nghiem-de-hoc-tot-o-truong-pho-thong-trung-hoc/	1613	1
Blog	NHỮNG ĐIỀU CẦN BIẾT KHI DU HỌC THỤY SỸ | Blog Trường Việt Anh	https://truongvietanh.com/blog/nhung-dieu-can-biet-khi-du-hoc-thuy-si/	1613	1
Blog	PHƯƠNG PHÁP ÔN THI HIỆU QUẢ TRONG THỜI GIAN NGẮN | Blog Trường Việt Anh	https://truongvietanh.com/blog/phuong-phap-on-thi-hieu-qua-trong-thoi-gian-ngan/	1613	1
Blog	10 Tiêu Chí Chọn Trường Mầm Non Cho Con 2026 | Cha Mẹ Cần Biết | Blog Trường Việt Anh	https://truongvietanh.com/blog/blog-cach-chon-truong-mam-non-cho-con/	1612	1
Blog	NHỮNG CÂU HỎI TRƯỚC KHI DU HỌC HÀN QUỐC | Blog Trường Việt Anh	https://truongvietanh.com/blog/nhung-cau-hoi-truoc-khi-du-hoc-han-quoc/	1612	1
Blog	101 PHƯƠNG PHÁP HỌC TIẾNG ANH | Blog Trường Việt Anh	https://truongvietanh.com/blog/101-phuong-phap-hoc-tieng-anh/	1611	1
Blog	NHỮNG SAI LẦM KHI HỌC TIẾNG ANH | Blog Trường Việt Anh	https://truongvietanh.com/blog/nhung-sai-lam-khi-hoc-tieng-anh/	1611	1
Blog	PHƯƠNG PHÁP HỌC TIẾNG ANH CHỦ ĐỘNG | Blog Trường Việt Anh	https://truongvietanh.com/blog/phuong-phap-hoc-tieng-anh-chu-dong/	1611	1
Blog	Thời Khóa Biểu 2014 - 2015 - Cơ sở 2 | Blog Trường Việt Anh	https://truongvietanh.com/blog/thoi-khoa-bieu-2014-2015-co-so-2/	1611	1
Blog	Bí quyết làm bài thi trắc nghiệm môn Lý điểm 10 | Blog Trường Việt Anh	https://truongvietanh.com/blog/bi-quyet-lam-bai-thi-trac-nghiem-mon-ly-diem-10/	1610	1
Blog	CÓ NÊN LÀM QUEN VỚI IELTS TỪ CẤP 2 ? | Blog Trường Việt Anh	https://truongvietanh.com/blog/co-qua-som-khi-lam-quen-voi-ielts-tu-cap-2/	1610	1
Blog	Học tiếng Anh hiệu quả cùng Trường Việt Anh | Blog Trường Việt Anh	https://truongvietanh.com/blog/hoc-tieng-anh-qua-internet-truong-quoc-te-viet-anh/	1610	1
Blog	LÀM THẾ NÀO ĐỂ ĐỖ VÀO LỚP 10 | Blog Trường Việt Anh	https://truongvietanh.com/blog/lam-the-nao-de-do-vao-lop-10/	1610	1
Blog	Nhiều trường đại học ra phương án tuyển sinh 2017 | Blog Trường Việt Anh	https://truongvietanh.com/blog/nhieu-truong-dai-hoc-ra-phuong-an-tuyen-sinh-2017/	1610	1
Blog	Những nền giáo dục hàng đầu thế giới | Blog Trường Việt Anh	https://truongvietanh.com/blog/nhung-nen-giao-duc-hang-dau-the-gioi/	1610	1
Blog	Thông tin mới nhất về tuyển sinh lớp 10 tại TPHCM | Blog Trường Việt Anh	https://truongvietanh.com/blog/thong-tin-moi-nhat-ve-tuyen-sinh-lop-10-tai-tphcm/	1610	1
Blog	Chương Trình Dã Ngoại Tháng 5/2017 | Blog Trường Việt Anh	https://truongvietanh.com/blog/chuong-trinh-da-ngoai-thang-52017/	1608	1
Blog	GIỚI THIỆU VỀ DU HỌC SINGAPORE VÀ HÀN QUỐC | Blog Trường Việt Anh	https://truongvietanh.com/blog/gioi-thieu-ve-du-hoc-singapore-va-han-quoc/	1608	1
Blog	Công bố phương án tuyển sinh lớp 6 tại TP.HCM | Blog Trường Việt Anh	https://truongvietanh.com/blog/cong-bo-phuong-an-tuyen-sinh-lop-6-tai-tp-hcm/	1607	1
Blog	Cửa Hẹp Vào Lớp 10 | Blog Trường Việt Anh	https://truongvietanh.com/blog/cua-hep-vao-lop-10/	1607	1
Blog	Giới thiệu CLB từ thiện Trái Tim Nhân Ái | Blog Trường Việt Anh	https://truongvietanh.com/blog/gioi-thieu-clb-tu-thien-trai-tim-nhan-ai/	1607	1
Blog	Phương pháp học tốt các môn xã hội | Blog Trường Việt Anh	https://truongvietanh.com/blog/phuong-phap-hoc-tot-cac-mon-hoc-xa-hoi/	1607	1
Blog	QUY CHẾ THI TUYỂN SINH 2015 | Blog Trường Việt Anh	https://truongvietanh.com/blog/quy-che-thi-tuyen-sinh-2015/	1607	1
Blog	Thi học sinh giỏi quốc gia vào tháng 1/2017 | Blog Trường Việt Anh	https://truongvietanh.com/blog/thi-hoc-sinh-gioi-quoc-gia-vao-thang-12017/	1607	1
Blog	Đại học Y dược TP HCM tăng 160 chỉ tiêu | Blog Trường Việt Anh	https://truongvietanh.com/blog/dai-hoc-y-duoc-tp-hcm-tang-160-chi-tieu/	1606	1
Blog	PHƯƠNG PHÁP ÔN THI MÔN VĂN ĐẠT ĐIỂM CAO | Blog Trường Việt Anh	https://truongvietanh.com/blog/phuong-phap-on-thi-mon-van-dat-diem-cao/	1606	1
Blog	28 CÁCH HỌC TIẾNG ANH HIỆU QUẢ | Blog Trường Việt Anh	https://truongvietanh.com/blog/28-cach-hoc-tieng-anh-hieu-qua/	1605	1
Blog	Tiếng Anh Giao Tiếp vs Học Thuật | Khác Gì, Học Cái Nào? | Blog Trường Việt Anh	https://truongvietanh.com/blog/blog-tieng-anh-giao-tiep-vs-hoc-thuat/	1605	1
Blog	Brochure Tuyển Sinh Khối Mầm Non Năm Học 2019 - 2020 | Blog Trường Việt Anh	https://truongvietanh.com/blog/brochure-tuyen-sinh-khoi-mam-non-nam-hoc-2019-2020/	1605	1
Blog	Điểm chuẩn vào ngành y quá cách biệt | Blog Trường Việt Anh	https://truongvietanh.com/blog/diem-chuan-vao-nganh-y-qua-cach-biet/	1605	1
Blog	Lớp học đảo ngược (flipped classroom) tại Trường Việt Anh | Blog Trường Việt Anh	https://truongvietanh.com/blog/phuong-phap-flipped-class-hay-lop-hoc-dao-nguoc/	1605	1
Blog	7 MẸO NHỎ KHI CHỌN NGHỀ | Blog Trường Việt Anh	https://truongvietanh.com/blog/7-meo-nho-khi-chon-nghe/	1604	1
Blog	Cha Mẹ Không Giỏi Tiếng Anh? 5 Cách Vẫn Hỗ Trợ Con Tốt | Blog Trường Việt Anh	https://truongvietanh.com/blog/blog-cha-me-khong-gioi-tieng-anh/	1604	1
Blog	Chính Sách Bảo Mật — Cam Kết Bảo Vệ Thông Tin Cá Nhân | Blog Trường Việt Anh	https://truongvietanh.com/blog/chinh-sach-bao-mat/	1604	1
Blog	Tuyển sinh lớp 10: Không dễ đạt điểm cao | Blog Trường Việt Anh	https://truongvietanh.com/blog/tuyen-sinh-lop-10-khong-de-dat-diem-cao/	1604	1
Blog	BÍ QUYẾT LẤY HỌC BỔNG DU HỌC MỸ | Blog Trường Việt Anh	https://truongvietanh.com/blog/bi-quyet-lay-hoc-bong-du-hoc-my/	1603	1
Blog	Câu lạc bộ Âm Nhạc | Blog Trường Việt Anh	https://truongvietanh.com/blog/cau-lac-bo-am-nhac/	1603	1
Blog	Kỹ năng sống quan trọng như thế nào? | Blog Trường Việt Anh	https://truongvietanh.com/blog/ky-nang-song-chia-khoa-then-chot-dan-den-thanh-cong/	1603	1
Blog	Thông tin mới về tuyển sinh lớp 10 TPHCM | Blog Trường Việt Anh	https://truongvietanh.com/blog/thong-tin-moi-ve-tuyen-sinh-lop-10-tphcm/	1603	1
Blog	Câu lạc bộ Vũ Đạo | Blog Trường Việt Anh	https://truongvietanh.com/blog/cau-lac-bo-vu-dao/	1602	1
Blog	Kỹ năng sống quan trọng như thế nào? | Blog Trường Việt Anh	https://truongvietanh.com/blog/ky-nang-song-chia-khoa-then-chot-dan-den-thanh-cong-2/	1600	1
Blog	Lễ khai giảng 2014-2015 | Blog Trường Việt Anh	https://truongvietanh.com/blog/le-khai-giang/	1600	1
Blog	5 CÁCH HỌC TRÊN INTERNET | Blog Trường Việt Anh	https://truongvietanh.com/blog/5-cach-hoc-tren-internet/	1599	1
Blog	Con Nghiện Điện Thoại? 5 Cách Cha Mẹ Xử Lý Đúng 2026 | Blog Trường Việt Anh	https://truongvietanh.com/blog/blog-con-nghien-dien-thoai/	1598	1
Blog	Hướng Nghiệp Cho Trẻ 2026 | Từ Tiểu Học Hay Chờ Đến THPT? | Blog Trường Việt Anh	https://truongvietanh.com/blog/blog-huong-nghiep-cho-tre/	1598	1
Blog	IELTS 6.0 Cần Bao Lâu? Lộ Trình Từ 0 Đến 6.0 Cho Học Sinh | Blog Trường Việt Anh	https://truongvietanh.com/blog/blog-ielts-6-0-can-bao-lau/	1598	1
Blog	PHƯƠNG PHÁP CÁ NHÂN HÓA - PERSONALIZE | Blog Trường Việt Anh	https://truongvietanh.com/blog/phuong-phap-ca-nhan-hoa-personalize/	1598	1
Blog	ĐIỀU KIỆN ĐỂ DU HỌC THỤY SỸ | Blog Trường Việt Anh	https://truongvietanh.com/blog/dieu-kien-de-du-hoc-thuy-sy/	1597	1
Blog	So sánh các trường THCS tại TP.HCM | Blog Trường Việt Anh	https://truongvietanh.com/blog/so-sanh-cac-truong-thcs-tai-tp-hcm-3/	1597	1
Blog	10 Bí Quyết Học Tiếng Anh Khởi Đầu Thực Dụng | Blog Trường Việt Anh	https://truongvietanh.com/blog/10-bi-quyet-hoc-tieng-anh-hieu-qua/	1596	1
Blog	Rèn Thói Quen Tự Học Cho Con | 7 Bước Từ Tiểu Học | Blog Trường Việt Anh	https://truongvietanh.com/blog/blog-thoi-quen-tu-hoc/	1596	1
Blog	Lấy học sinh làm trung tâm (student - centered) | Blog Trường Việt Anh	https://truongvietanh.com/blog/phuong-phap-lay-hoc-sinh-lam-trung-tam/	1596	1
Blog	TIẾNG ANH CHO TRẺ EM | Blog Trường Việt Anh	https://truongvietanh.com/blog/tieng-anh-cho-tre-em/	1596	1
Blog	Giáo Viên Bản Ngữ Trường Việt Anh | Profile & Phương Pháp | Blog Trường Việt Anh	https://truongvietanh.com/blog/blog-giao-vien-ban-ngu-viet-anh/	1595	1
Blog	PDR Là Gì? Hệ Thống Theo Dõi Cá Nhân Giúp Con Tự Chủ | Blog Trường Việt Anh	https://truongvietanh.com/blog/blog-pdr-la-gi/	1595	1
Blog	10 Bước Ôn Thi THPT Quốc Gia Điềm Tĩnh & Hiệu Quả | Blog Trường Việt Anh	https://truongvietanh.com/blog/10-buoc-chuan-bi-hieu-qua-cho-ky-thi-thpt-quoc-gia/	1594	1
Blog	Sự Kiện Trường Việt Anh 2026 | Open Day, Tuyển Sinh, Summer Camp | Blog Trường Việt Anh	https://truongvietanh.com/blog/blog-su-kien-sap-toi-2026/	1594	1
Blog	Câu lạc bộ Hóa | Blog Trường Việt Anh	https://truongvietanh.com/blog/cau-lac-bo-hoa/	1594	1
Blog	Phương pháp nhiều trình độ (multi - level) | Blog Trường Việt Anh	https://truongvietanh.com/blog/phuong-phap-nhieu-trinh-do-multi-level/	1593	1
Blog	Thông tin mới về tuyển sinh 2015 | Blog Trường Việt Anh	https://truongvietanh.com/blog/thong-tin-moi-ve-tuyen-sinh-2015/	1592	1
Blog	Luyện IELTS Tại Trường vs Trung Tâm Ngoài — So Sánh 2026 | Blog Trường Việt Anh	https://truongvietanh.com/blog/blog-luyen-ielts-tai-truong-vs-trung-tam/	1591	1
Blog	Chương Trình Tiểu Học Trường Việt Anh | Blog Trường Việt Anh	https://truongvietanh.com/blog/chuong-trinh-tieu-hoc-truong-viet-anh/	1591	1
Blog	Hướng dẫn cài đặt App Việt Anh | Blog Trường Việt Anh	https://truongvietanh.com/blog/huong-dan-cai-dat-app-viet-anh/	1589	1
Blog	10 Lưu Ý Bỏ Túi Dành Cho Hành Trình Du Học Nga | Blog Trường Việt Anh	https://truongvietanh.com/blog/10-dieu-can-biet-khi-du-hoc-nga/	1588	1
Blog	Tin Tuyển Sinh Trường Việt Anh 2026 | Chỉ Tiêu & Ưu Đãi | Blog Trường Việt Anh	https://truongvietanh.com/blog/blog-tin-tuc-tuyen-sinh-2026/	1587	1
Blog	Ngoại Khoá Trường Việt Anh 2026 | Bơi, STEM, CLB, Thể Thao | Blog Trường Việt Anh	https://truongvietanh.com/blog/blog-hoat-dong-ngoai-khoa-viet-anh/	1586	1
Blog	Phương Pháp Học Bài Mau Thuộc | Blog Trường Việt Anh	https://truongvietanh.com/blog/phuong-phap-hoc-bai-mau-thuoc/	1586	1
Blog	Tham Quan Trường Việt Anh Bình Tân — Campus Mới, Tiện Ích Đầy Đủ | Blog Trường Việt Anh	https://truongvietanh.com/blog/tham-quan-binh-tan/	1586	1
Blog	ĐIỂM CHUẨN TUYỂN SINH LỚP 10 | Blog Trường Việt Anh	https://truongvietanh.com/blog/diem-chuan-tuyen-sinh-lop-10-nam-hoc-2014-2015/	1584	1
Blog	10 Đại Học Mỹ Sở Hữu Chương Trình Thực Tập Rất Hấp Dẫn | Blog Trường Việt Anh	https://truongvietanh.com/blog/10-dai-hoc-my-co-chuong-trinh-thuc-tap-hap-dan/	1583	1
Blog	Học Bổng Trường Việt Anh 2026 — Giảm Tới 50% Vì Tài Năng Xứng Đáng | Blog Trường Việt Anh	https://truongvietanh.com/blog/hoc-bong/	1583	1
Blog	Áp Lực Học Tập 2026 | Khi Nào Lành Mạnh, Khi Nào Nguy Hiểm? | Blog Trường Việt Anh	https://truongvietanh.com/blog/blog-ap-luc-hoc-tap/	1582	1
Blog	Trường Việt Anh vs Trường Công Lập — So Sánh Minh Bạch Để Chọn Đúng | Blog Trường Việt Anh	https://truongvietanh.com/blog/so-sanh-viet-anh-vs-truong-cong/	1582	1
Blog	Học Tiếng Anh Qua Phim & Game 2026 | Thực Sự Có Hiệu Quả? | Blog Trường Việt Anh	https://truongvietanh.com/blog/blog-hoc-tieng-anh-qua-phim-game/	1579	1
Blog	Hướng dẫn thanh toán trực tuyến | Blog Trường Việt Anh	https://truongvietanh.com/blog/huong-dan-thanh-toan-truc-tuyen/	1579	1
Blog	Hệ Sinh Thái Việt Anh — Từ Trường Học Đến Cộng Đồng Giáo Dục | Blog Trường Việt Anh	https://truongvietanh.com/blog/he-sinh-thai-viet-anh/	1577	1
Blog	5 Giá Trị Cốt Lõi Việt Anh: Điều Chúng Tôi Tin Và Thực Hành Mỗi Ngày | Blog Trường Việt Anh	https://truongvietanh.com/blog/gia-tri-cot-loi/	1576	1
Blog	Trường Nhân Lễ — Cơ Sở Mới Nhất Trong Hệ Sinh Thái Việt Anh | Blog Trường Việt Anh	https://truongvietanh.com/blog/he-sinh-thai-nhan-le/	1576	1
Blog	Nhìn Lại: Ngày Hội Tư Vấn Tuyển Sinh & Hướng Nghiệp | Blog Trường Việt Anh	https://truongvietanh.com/blog/ngay-hoi-tu-van-tuyen-sinh-huong-nghiep-2023/	1576	1
Blog	Hành Trang Du Học Anh Quốc: 10 Điều Không Thể Bỏ Qua | Blog Trường Việt Anh	https://truongvietanh.com/blog/10-dieu-can-luu-y-khi-du-hoc-tai-anh/	1573	1
Blog	Montessori Là Gì? Ưu Nhược Điểm & Cách Chọn Trường Montessori | Blog Trường Việt Anh	https://truongvietanh.com/blog/blog-phuong-phap-montessori-la-gi/	1570	1
Blog	Con Không Thích Đi Học? 7 Nguyên Nhân & Cách Xử Lý | Blog Trường Việt Anh	https://truongvietanh.com/blog/blog-tre-khong-thich-di-hoc/	1570	1
Blog	blog-con-bi-bat-nat-o-truong | Blog Trường Việt Anh	https://truongvietanh.com/blog/blog-con-bi-bat-nat-o-truong/	1568	1
Blog	Trường Mầm Non Phú Nhuận Chất Lượng Cao 2026 — Không Gian Montessori Ấm Áp | Blog Trường Việt Anh	https://truongvietanh.com/blog/mam-non-phu-nhuan/	1563	1
Blog	Tham Quan Trường Việt Anh Gò Vấp — Khám Phá Nơi Con Sẽ Trưởng Thành | Blog Trường Việt Anh	https://truongvietanh.com/blog/tham-quan-go-vap/	1561	1
Blog	Top 10 Đại Học Hàng Đầu Châu Á Cho Mục Tiêu Du Học | Blog Trường Việt Anh	https://truongvietanh.com/blog/10-dai-hoc-hang-dau-chau-a/	1557	1
Blog	Cambridge English vs IELTS vs TOEFL | Nên Thi Bằng Nào? | Blog Trường Việt Anh	https://truongvietanh.com/blog/blog-cambridge-english-la-gi/	1555	1
Blog	Học Thử Mầm Non Việt Anh — 1 Buổi Sáng Thay Đổi Cách Bé Yêu Trường Học | Blog Trường Việt Anh	https://truongvietanh.com/blog/hoc-thu-mam-non/	1552	1
Blog	Học Phí Mầm Non Trường Việt Anh 2026 — Minh Bạch, Không Phí Ẩn | Blog Trường Việt Anh	https://truongvietanh.com/blog/tuyen-sinh-hoc-phi-mam-non/	1552	1
Blog	Open Day Việt Anh 2026 — Và Bé Sẽ Yêu Trường Ngay Từ Cái Nhìn Đầu Tiên | Blog Trường Việt Anh	https://truongvietanh.com/blog/su-kien-open-day-2026/	1551	1
Blog	blog-sat-la-gi | Blog Trường Việt Anh	https://truongvietanh.com/blog/blog-sat-la-gi/	1547	1
Blog	Summer Camp Việt Anh 2026 — Mùa Hè Không Màn Hình, Chỉ Có Khám Phá | Blog Trường Việt Anh	https://truongvietanh.com/blog/su-kien-summer-camp-2026/	1545	1
Blog	Ban Giám Hiệu Trường Việt Anh — Lãnh Đạo Bằng Tầm Nhìn | Blog Trường Việt Anh	https://truongvietanh.com/blog/doi-ngu-ban-giam-hieu/	1543	1
Blog	Chuẩn Bị Cho Con Vào Lớp 1 Năm 2026 | Checklist 20 Mục | Blog Trường Việt Anh	https://truongvietanh.com/blog/blog-chuan-bi-vao-lop-1/	1542	1
Blog	Hướng Dẫn Phụ Huynh Đọc Báo Cáo PDR & Đồng Hành Con | Blog Trường Việt Anh	https://truongvietanh.com/blog/he-thong-pdr-huong-dan-phu-huynh/	1538	1
Blog	Trường THCS Gò Vấp 2026 — Nơi Con Bứt Phá Tiếng Anh & Bản Lĩnh | Blog Trường Việt Anh	https://truongvietanh.com/blog/thcs-go-vap/	1537	1
Blog	Lễ Tốt Nghiệp Việt Anh 2026 — Dấu Mốc Của Hàng Trăm Ước Mơ | Blog Trường Việt Anh	https://truongvietanh.com/blog/su-kien-le-tot-nghiep-2026/	1536	1
Blog	Học Thử Tiểu Học Việt Anh — 1 Ngày Để Con Tự Tin, Ba Mẹ An Tâm | Blog Trường Việt Anh	https://truongvietanh.com/blog/hoc-thu-tieu-hoc/	1534	1
Blog	STEM Cho Trẻ Tiểu Học 2026 | Lợi Ích & Cách Học Hiệu Quả | Blog Trường Việt Anh	https://truongvietanh.com/blog/blog-stem-cho-tre-tieu-hoc/	1533	1
Blog	Giáo Viên Bản Ngữ Việt Anh — Từ Anh, Mỹ, Úc, Canada | Blog Trường Việt Anh	https://truongvietanh.com/blog/doi-ngu-giao-vien-ban-ngu/	1533	1
Blog	Triết Lý Giáo Dục Việt Anh: Tự Chủ Là Gốc, Song Ngữ Là Cánh | Blog Trường Việt Anh	https://truongvietanh.com/blog/triet-ly-giao-duc/	1533	1
Blog	Tư Vấn 1-1 Miễn Phí — Giải Đáp Mọi Thắc Mắc Về Trường Việt Anh | Blog Trường Việt Anh	https://truongvietanh.com/blog/tu-van/	1533	1
Blog	Hệ Thống PDR — Vũ Khí Bí Mật Đằng Sau Kết Quả Ấn Tượng Việt Anh | Blog Trường Việt Anh	https://truongvietanh.com/blog/he-thong-pdr/	1529	1
Blog	Đăng Ký Nhập Học Trường Việt Anh 2026 — 5 Phút, 1 Form, Bắt Đầu Hành Trình | Blog Trường Việt Anh	https://truongvietanh.com/blog/dang-ky-nhap-hoc/	1528	1
Blog	Trường Thái Sơn — Thành Viên Hệ Sinh Thái Việt Anh | Blog Trường Việt Anh	https://truongvietanh.com/blog/he-sinh-thai-thai-son/	1527	1
Blog	Ngày Hội Tuyển Sinh Mầm Non Việt Anh 2026 — Con Yêu Đi Học, Mẹ Yên Tâm Đi Làm | Blog Trường Việt Anh	https://truongvietanh.com/blog/su-kien-tuyen-sinh-mam-non-2026/	1526	1
Blog	Học Phí Mầm Non Gò Vấp 2026 — So Sánh Để Chọn Trường Đáng Đồng Tiền | Blog Trường Việt Anh	https://truongvietanh.com/blog/hoc-phi-mam-non-go-vap/	1525	1
Blog	Video Thực Tế — Học Sinh Việt Anh Mỗi Ngày Như Thế Nào? | Blog Trường Việt Anh	https://truongvietanh.com/blog/video-hoc-sinh-viet-anh/	1522	1
Blog	Trường Việt Anh Phú Nhuận — Ấm Cúng, Gần Gũi, Chất Lượng Cao | Blog Trường Việt Anh	https://truongvietanh.com/blog/co-so-phu-nhuan/	1516	1
Blog	Vinh Danh Học Bổng — Những Tài Năng Được Đầu Tư Xứng Đáng | Blog Trường Việt Anh	https://truongvietanh.com/blog/hoc-bong-ket-qua/	1514	1
Blog	Học Phí Tiểu Học & THCS Trường Việt Anh 2026 — Đầu Tư Xứng Đáng | Blog Trường Việt Anh	https://truongvietanh.com/blog/tuyen-sinh-hoc-phi-tieu-hoc-thcs/	1512	1
Blog	Học Sinh THCS/THPT Chán Học? 7 Nguyên Nhân & Cách Giải Quyết | Blog Trường Việt Anh	https://truongvietanh.com/blog/blog-hoc-sinh-chan-hoc/	1509	1
Blog	Con Sợ Toán? 5 Cách Giúp Con Hợp Tác Với Toán Từ Nhỏ | Blog Trường Việt Anh	https://truongvietanh.com/blog/blog-con-so-toan-cach-giup-con-yeu-toan/	1507	1
Blog	Liên Hệ Trường Việt Anh — Chúng Tôi Luôn Sẵn Sàng Lắng Nghe | Blog Trường Việt Anh	https://truongvietanh.com/blog/lien-he/	1507	1
Blog	Học Phí THPT Trường Việt Anh 2026 — 3 Năm Đầu Tư, Cả Đời Thu Hoạch | Blog Trường Việt Anh	https://truongvietanh.com/blog/tuyen-sinh-hoc-phi-thpt/	1507	1
Blog	Trường Mầm Non Bình Tân 2026 — Campus Mới, Chất Lượng Chuẩn Hệ Thống | Blog Trường Việt Anh	https://truongvietanh.com/blog/mam-non-binh-tan/	1506	1
Blog	Ôi — Trang Này Không Tồn Tại! | Blog Trường Việt Anh	https://truongvietanh.com/blog/404/	1503	1
Blog	5 Trường Song Ngữ Tốt Nhất TPHCM 2026 — So Sánh & Chọn Đúng | Blog Trường Việt Anh	https://truongvietanh.com/blog/so-sanh-truong-song-ngu-tphcm/	1503	1
Blog	Đội Ngũ Việt Anh — 150+ Giáo Viên Tận Tâm, 20+ Bản Ngữ | Blog Trường Việt Anh	https://truongvietanh.com/blog/doi-ngu/	1502	1
Blog	Học Thử THCS/THPT Việt Anh — Khi Học Không Phải Là Gánh Nặng | Blog Trường Việt Anh	https://truongvietanh.com/blog/hoc-thu-thcs-thpt/	1496	1
Blog	Tham Quan Trường Việt Anh Phú Nhuận — Không Gian Ấm Cúng Cho Bé Yêu | Blog Trường Việt Anh	https://truongvietanh.com/blog/tham-quan-phu-nhuan/	1496	1
Blog	Trường Việt Anh vs Trường Tư Thục TPHCM — Đâu Là Sự Khác Biệt? | Blog Trường Việt Anh	https://truongvietanh.com/blog/so-sanh-viet-anh-vs-truong-tu-thuc/	1490	1
Blog	Học Phí Trường Tư Thục TPHCM 2026 | So Sánh MN, TH, THCS, THPT | Blog Trường Việt Anh	https://truongvietanh.com/blog/blog-hoc-phi-truong-tu-thuc-tphcm-2026/	1489	1
Blog	Câu Hỏi Thường Gặp — Mọi Thắc Mắc, 1 Nơi Giải Đáp | Blog Trường Việt Anh	https://truongvietanh.com/blog/faq/	1486	1
Blog	Trường Mekong Xanh — Việt Anh Tại Đồng Bằng Sông Cửu Long | Blog Trường Việt Anh	https://truongvietanh.com/blog/he-sinh-thai-mekong-xanh/	1481	1
Blog	Con Khóc Khi Đi Mầm Non? Bao Lâu Hết — Cách Xử Lý Đúng | Blog Trường Việt Anh	https://truongvietanh.com/blog/blog-con-khoc-khi-di-mam-non/	1478	1
Blog	Bản Đồ Trang — Tất Cả Nội Dung Trường Việt Anh | Blog Trường Việt Anh	https://truongvietanh.com/blog/sitemap/	1475	1
Blog	Tuyển Dụng — Gia Nhập Đội Ngũ Giáo Dục Việt Anh | Blog Trường Việt Anh	https://truongvietanh.com/blog/tuyen-dung/	1460	1
Blog	Trường Tiểu Học Bình Tân 2026 — Chất Lượng Chuẩn Hệ Thống Việt Anh | Blog Trường Việt Anh	https://truongvietanh.com/blog/tieu-hoc-binh-tan/	1455	1
Blog	Mầm Non Công Lập vs Tư Thục 2026 | So Sánh Ưu Nhược | Blog Trường Việt Anh	https://truongvietanh.com/blog/blog-mam-non-cong-lap-vs-tu-thuc/	1453	1
Blog	7 Kỹ Năng Sống Quan Trọng Cho Trẻ Tiểu Học 2026 | Blog Trường Việt Anh	https://truongvietanh.com/blog/blog-ky-nang-song-cho-tre-tieu-hoc/	1451	1
Blog	Nội Quy Trường Việt Anh — Tôn Trọng, Kỷ Luật, Phát Triển | Blog Trường Việt Anh	https://truongvietanh.com/blog/noi-quy/	1450	1
Blog	Cam Kết IELTS 6.0+ — Không Phải Lời Hứa, Mà Là Kết Quả Đã Chứng Minh | Blog Trường Việt Anh	https://truongvietanh.com/blog/cam-ket-dau-ra-ielts-60/	1449	1
Blog	blog-hoc-phi-thpt-tphcm-2026 | Blog Trường Việt Anh	https://truongvietanh.com/blog/blog-hoc-phi-thpt-tphcm-2026/	1438	1
Blog	Sĩ Số Lớp Học 28 vs 45 Học Sinh — Ảnh Hưởng Thế Nào? | Blog Trường Việt Anh	https://truongvietanh.com/blog/blog-si-so-lop-hoc-anh-huong/	1435	1
Blog	Quy Chế Tuyển Sinh — Điều Kiện, Quy Trình & Chính Sách | Blog Trường Việt Anh	https://truongvietanh.com/blog/quy-che-tuyen-sinh/	1434	1
Blog	PDR Framework — Cách Giáo Viên Việt Anh Theo Dõi Học Sinh | Blog Trường Việt Anh	https://truongvietanh.com/blog/he-thong-pdr-framework/	1423	1
Blog	Astro, Directus, Cloudflare Workers | Blog Trường Việt Anh	https://truongvietanh.com/blog/astro-directus-cloudflare-workers/	1416	1
Blog	blog-lien-cap-vs-chuyen-truong | Blog Trường Việt Anh	https://truongvietanh.com/blog/blog-lien-cap-vs-chuyen-truong/	1408	1
Blog	Điều Khoản Sử Dụng — Website truongvietanh.com | Blog Trường Việt Anh	https://truongvietanh.com/blog/dieu-khoan-su-dung/	1402	1
Blog	blog-ky-nang-lanh-dao-cho-tre | Blog Trường Việt Anh	https://truongvietanh.com/blog/blog-ky-nang-lanh-dao-cho-tre/	1383	1
Mẫu/Template	Thư viện 28 Template Classes | Trường Việt Anh	https://truongvietanh.com/mau-template/	2679	0
Mẫu/Template	28 Trang mẫu hoàn chỉnh | Trường Việt Anh	https://truongvietanh.com/mau/	1510	0
Mẫu/Template	Nhận bảng học phí chi tiết theo cấp học và cơ sở phù hợp với gia đình bạn | Trường Việt Anh	https://truongvietanh.com/mau/class-a-fee-capture/	1093	0
Mẫu/Template	Class 1 | Class Fee Capture Landing (Nhận bảng học phí) | Trường Việt Anh	https://truongvietanh.com/mau-template/class-a-fee-capture/	1053	0
Mẫu/Template	Class 15 | Class Tuition & Fee Structure Page (Minh bạch Học phí & Tài chính) | Trường Việt Anh	https://truongvietanh.com/mau-template/class-tuition-fee-structure/	1039	0
Mẫu/Template	Class 6 | Class Enrollment / Registration Form Landing (Đăng ký nhập học trực tuyến) | Trường Việt Anh	https://truongvietanh.com/mau-template/class-enrollment-registration-form/	1036	0
Mẫu/Template	Class 10 | Class Virtual Tour 360° / Interactive Campus Map (Tham quan thực tế ảo) | Trường Việt Anh	https://truongvietanh.com/mau-template/class-virtual-tour-360/	1033	0
Mẫu/Template	Class 8 | Class Curriculum / Program Overview (Chương trình học chi tiết) | Trường Việt Anh	https://truongvietanh.com/mau-template/class-curriculum-program-overview/	1030	0
Mẫu/Template	Class 2 | Class Campus Tour / Local Admission Landing (Đặt lịch tham quan) | Trường Việt Anh	https://truongvietanh.com/mau-template/class-b-campus-tour/	1029	0
Mẫu/Template	Class 23 | Class Teacher / Faculty Profile Page (Hồ sơ Đội ngũ Giáo viên) | Trường Việt Anh	https://truongvietanh.com/mau-template/class-teacher-faculty-profile/	1025	0
Mẫu/Template	Class 16 | Class Objection Handler Page (Xử lý phản đối) | Trường Việt Anh	https://truongvietanh.com/mau-template/class-objection-handler/	1022	0
Mẫu/Template	Class 14 | Class AI-Ready FAQ / Answer Engine (Trung tâm Giải đáp) | Trường Việt Anh	https://truongvietanh.com/mau-template/class-ai-ready-faq/	1019	0
Mẫu/Template	Class 26 | Class News & Events Hub / PR (Tin tức Báo chí & Hoạt động) | Trường Việt Anh	https://truongvietanh.com/mau-template/class-news-events-hub-pr/	1018	0
Mẫu/Template	Class 7 | Class Level Pillar (Trang Trụ cột Cấp học) | Trường Việt Anh	https://truongvietanh.com/mau-template/class-level-pillar/	1014	0
Mẫu/Template	Class 24 | Class Alumni & Success Stories (Cựu học sinh & Thành tựu) | Trường Việt Anh	https://truongvietanh.com/mau-template/class-alumni-success-stories/	1009	0
Mẫu/Template	Class 22 | Class Corporate Brand & Leadership (Câu chuyện Thương hiệu & BGH) | Trường Việt Anh	https://truongvietanh.com/mau-template/class-corporate-brand-leadership/	1009	0
Mẫu/Template	Class 4 | Class Trial Class / Học Thử Landing (Đăng ký học thử) | Trường Việt Anh	https://truongvietanh.com/mau-template/class-d-trial-class/	1009	0
Mẫu/Template	Class 27 | Class Legal & Utility Info (Pháp lý & Tiện ích nội bộ) | Trường Việt Anh	https://truongvietanh.com/mau-template/class-legal-utility-info/	1009	0
Mẫu/Template	Class 3 | Class Open Day / Event Landing (Sự kiện / Ngày hội) | Trường Việt Anh	https://truongvietanh.com/mau-template/class-c-open-day/	1008	0
Mẫu/Template	Class 13 | Class Comparison Engine Page (So sánh minh bạch) | Trường Việt Anh	https://truongvietanh.com/mau-template/class-comparison-engine/	1008	0
Mẫu/Template	Class 9 | Class Master Campus Profile (Trang Chi tiết Cơ sở) | Trường Việt Anh	https://truongvietanh.com/mau-template/class-master-campus-profile/	1008	0
Mẫu/Template	Class 18 | Class Contact / Multiple Locations Page (Liên hệ hệ thống) | Trường Việt Anh	https://truongvietanh.com/mau-template/class-contact-multiple-locations/	1007	0
Mẫu/Template	Class 11 | Class Local Intent Landing (Programmatic SEO Local) | Trường Việt Anh	https://truongvietanh.com/mau-template/class-local-intent/	999	0
Mẫu/Template	Class 25 | Class Talent Acquisition (Tuyển dụng / Career) | Trường Việt Anh	https://truongvietanh.com/mau-template/class-talent-acquisition/	998	0
Mẫu/Template	Class 12 | Class Parent Hub Article (Blog Kiến thức Phụ huynh) | Trường Việt Anh	https://truongvietanh.com/mau-template/class-parent-hub-article/	996	0
Mẫu/Template	Class 19 | Class Dynamic Comparison (Bảng so sánh động) | Trường Việt Anh	https://truongvietanh.com/mau-template/class-dynamic-comparison/	992	0
Mẫu/Template	Class 17 | Class Homepage (Trang chủ - Grand Central Station) | Trường Việt Anh	https://truongvietanh.com/mau-template/class-homepage/	988	0
Mẫu/Template	Class 20 | Class Smart Thank-You Page (Trang cảm ơn thông minh) | Trường Việt Anh	https://truongvietanh.com/mau-template/class-smart-thank-you/	979	0
Mẫu/Template	Class 21 | Class Retention & Referral Page (Giữ chân & Giới thiệu) | Trường Việt Anh	https://truongvietanh.com/mau-template/class-retention-referral/	976	0
Mẫu/Template	Class 5 | Class TikTok / Reels Mobile-First UGC Landing (Traffic Video ngắn) | Trường Việt Anh	https://truongvietanh.com/mau-template/class-f-tiktok-ugc/	963	0
Mẫu/Template	Chương trình mầm non Trường Việt Anh — Nơi mỗi ngày đi học là một ngày hạnh phúc | Trường Việt Anh	https://truongvietanh.com/mau/class-level-pillar/	953	0
Mẫu/Template	Đến tham quan để nhìn trường bằng mắt thật, cảm nhận môi trường bằng con tim | Trường Việt Anh	https://truongvietanh.com/mau/class-b-campus-tour/	920	0
Mẫu/Template	Class 28 | Other (Khác) | Trường Việt Anh	https://truongvietanh.com/mau-template/class-other/	899	0
Mẫu/Template	Ngày hội Trường mở — Trải nghiệm một buổi học thật và gặp đội ngũ trực tiếp | Trường Việt Anh	https://truongvietanh.com/mau/class-c-open-day/	892	0
Mẫu/Template	Giải đáp mọi thắc mắc về Trường Việt Anh — Nhanh, rõ và đáng tin | Trường Việt Anh	https://truongvietanh.com/mau/class-ai-ready-faq/	862	0
Mẫu/Template	Một buổi học thật sẽ giúp ba mẹ thấy rõ hơn là đoán nhiều thêm | Trường Việt Anh	https://truongvietanh.com/mau/class-d-trial-class/	852	0
Mẫu/Template	Hoàn tất đăng ký nhập học trực tuyến — Đơn giản và nhanh chóng | Trường Việt Anh	https://truongvietanh.com/mau/class-enrollment-registration-form/	852	0
Mẫu/Template	Cách chọn trường mầm non phù hợp cho con — 5 tiêu chí quan trọng nhất | Trường Việt Anh	https://truongvietanh.com/mau/class-parent-hub-article/	826	0
Mẫu/Template	Trường Việt Anh so với trường công và trường quốc tế — So sánh để chọn đúng | Trường Việt Anh	https://truongvietanh.com/mau/class-comparison-engine/	822	0
Mẫu/Template	Con sẽ học gì ở Trường Việt Anh? — Chương trình chi tiết theo từng giai đoạn | Trường Việt Anh	https://truongvietanh.com/mau/class-curriculum-program-overview/	809	0
Mẫu/Template	Trường Việt Anh cơ sở Gò Vấp — Gần nhà, rộng rãi, đầy đủ cấp học | Trường Việt Anh	https://truongvietanh.com/mau/class-master-campus-profile/	785	0
Mẫu/Template	Học phí có cao không? — Câu trả lời thẳng thắn và minh bạch từ Trường Việt Anh | Trường Việt Anh	https://truongvietanh.com/mau/class-objection-handler/	770	0
Mẫu/Template	Khám phá Trường Việt Anh ngay trên màn hình — Tham quan ảo 360 độ | Trường Việt Anh	https://truongvietanh.com/mau/class-virtual-tour-360/	768	0
Mẫu/Template	Học phí Trường Việt Anh — Minh bạch từng khoản, rõ ràng từng giá trị | Trường Việt Anh	https://truongvietanh.com/mau/class-tuition-fee-structure/	756	0
Mẫu/Template	Tìm trường mầm non song ngữ gần Gò Vấp? Trường Việt Anh cách chợ Gò Vấp chỉ 5 phút | Trường Việt Anh	https://truongvietanh.com/mau/class-local-intent/	747	0
Mẫu/Template	Gặp đội ngũ giáo viên — Những người đồng hành thật sự với con mỗi ngày | Trường Việt Anh	https://truongvietanh.com/mau/class-teacher-faculty-profile/	745	0
Mẫu/Template	Trường Việt Anh so với các trường song ngữ khác — Dữ liệu cập nhật, so sánh khách quan | Trường Việt Anh	https://truongvietanh.com/mau/class-dynamic-comparison/	710	0
Mẫu/Template	Chính sách bảo mật và quyền riêng tư — Trường Việt Anh | Trường Việt Anh	https://truongvietanh.com/mau/class-legal-utility-info/	693	0
Mẫu/Template	Liên hệ Trường Việt Anh — Tìm cơ sở gần nhất và kênh hỗ trợ phù hợp | Trường Việt Anh	https://truongvietanh.com/mau/class-contact-multiple-locations/	690	0
Mẫu/Template	Gia nhập Trường Việt Anh — Nơi giáo dục hạnh phúc bắt đầu từ đội ngũ | Trường Việt Anh	https://truongvietanh.com/mau/class-talent-acquisition/	674	0
Mẫu/Template	Giới thiệu bạn bè — Nhận ưu đãi cho cả gia đình giới thiệu và gia đình mới | Trường Việt Anh	https://truongvietanh.com/mau/class-retention-referral/	666	0
Mẫu/Template	Câu chuyện Trường Việt Anh — Kiến tạo hạnh phúc, giáo dục thực dụng | Trường Việt Anh	https://truongvietanh.com/mau/class-corporate-brand-leadership/	641	0
Mẫu/Template	Câu chuyện thành công — Khi nền tảng hạnh phúc dẫn đến thành tích bền vững | Trường Việt Anh	https://truongvietanh.com/mau/class-alumni-success-stories/	624	0
Mẫu/Template	Kiến tạo những công dân toàn cầu hạnh phúc — Hệ thống giáo dục liên cấp song ngữ | Trường Việt Anh	https://truongvietanh.com/mau/class-homepage/	596	0
Mẫu/Template	Ba mẹ đã thấy Trường Việt Anh qua video — giờ hãy kết nối thật với đội ngũ | Trường Việt Anh	https://truongvietanh.com/mau/class-f-tiktok-ugc/	582	0
Mẫu/Template	Tin tức mới nhất từ Trường Việt Anh — Sự kiện, hoạt động và câu chuyện trường | Trường Việt Anh	https://truongvietanh.com/mau/class-news-events-hub-pr/	570	0
Mẫu/Template	Cảm ơn gia đình đã tin tưởng Trường Việt Anh! | Trường Việt Anh	https://truongvietanh.com/mau/class-smart-thank-you/	539	0
Mẫu/Template	Bạn đang tìm gì? — Hãy để chúng tôi giúp điều hướng | Trường Việt Anh	https://truongvietanh.com/mau/class-other/	491	0
Mẫu/Template	Mau CMS M2A Blocks	https://truongvietanh.com/mau-cms-m2a/	401	0
Mẫu/Template	Không tìm thấy trang	https://truongvietanh.com/mau-cms-blocks/	294	0
Khác	Trường Việt Anh | Hệ thống trường học liên cấp từ Mầm non đến THPT	https://truongvietanh.com//	2810	1
Khác	Blog Trường Việt Anh — Tin Tức, Sự Kiện & Kiến Thức Giáo Dục	https://truongvietanh.com/tin-tuc/	2483	1
Khác	Trường Liên Cấp Việt Anh TP.HCM — Mầm Non, Tiểu Học, THCS, THPT Tư Thục	https://truongvietanh.com/homepage2-stt-2/	1398	1
Khác	Hình Ảnh | Trường Liên Cấp Việt Anh	https://truongvietanh.com/hinh-anh/	1349	1
Khác	Nhận Lộ Trình Học Tập Toàn Diện | Trường Việt Anh	https://truongvietanh.com/homepage2/	1145	0
Khác	Học Thử | Trường Việt Anh	https://truongvietanh.com/hoc-thu/	971	0
Khác	Học Bổng & Ưu Đãi | Trường Việt Anh	https://truongvietanh.com/hoc-bong/	946	0
Khác	Trang chủ - Hệ thống Giáo dục Việt Anh	https://truongvietanh.com/samples/vinschool-homepage/	600	0
Khác	Trường Liên cấp Việt Anh | Đào Tạo Học Sinh Giỏi Chuyên Anh	https://truongvietanh.com/homepage1/	486	0
